hometeamname,awayteamname,gamedate,xgb_prob,xgb_pred,nn_prob,nn_pred
Knicks,76ers,2025-10-02 00:00:00,0.7074767,1,0.7332864,1
Lakers,Suns,2025-10-03 00:00:00,0.58695614,1,0.20528898,0
76ers,Knicks,2025-10-04 00:00:00,0.46770462,0,0.19374691,0
Heat,Magic,2025-10-04 00:00:00,0.65857714,1,0.6675538,1
Nuggets,Timberwolves,2025-10-04 00:00:00,0.63098764,1,0.8227775,1
Warriors,Lakers,2025-10-05 00:00:00,0.6929762,1,0.7927511,1
Hornets,Thunder,2025-10-05 00:00:00,0.31610066,0,0.49915898,0
Heat,Bucks,2025-10-06 00:00:00,0.56295913,1,0.7104746,1
Rockets,Hawks,2025-10-06 00:00:00,0.67266387,1,0.6234871,1
Grizzlies,Pistons,2025-10-06 00:00:00,0.6254,1,0.6425922,1
Mavericks,Thunder,2025-10-06 00:00:00,0.3598583,0,0.29717875,0
Raptors,Nuggets,2025-10-06 00:00:00,0.38889065,0,0.39758977,0
Cavaliers,Bulls,2025-10-07 00:00:00,0.6382828,1,0.6882265,1
Timberwolves,Pacers,2025-10-07 00:00:00,0.6572908,1,0.6538686,1
Grizzlies,Celtics,2025-10-08 00:00:00,0.40194938,0,0.45286164,0
Rockets,Jazz,2025-10-08 00:00:00,0.7295602,1,0.7101413,1
Warriors,Trail Blazers,2025-10-08 00:00:00,0.58512664,1,0.51211846,1
Heat,Spurs,2025-10-08 00:00:00,0.5919554,1,0.4966665,0
Kings,Raptors,2025-10-08 00:00:00,0.66601044,1,0.63033974,1
Knicks,Timberwolves,2025-10-09 00:00:00,0.6233402,1,0.30026668,0
Bulls,Cavaliers,2025-10-09 00:00:00,0.5249561,1,0.40191057,0
Bucks,Pistons,2025-10-09 00:00:00,0.60395896,1,0.74107385,1
Thunder,Hornets,2025-10-09 00:00:00,0.7808806,1,0.87796867,1
Trail Blazers,Kings,2025-10-10 00:00:00,0.5973535,1,0.48691326,0
Nets,Suns,2025-10-10,0.51023006,1,0.29445508,0
Raptors,Celtics,2025-10-10,0.34502676,0,0.37232137,0
Spurs,Jazz,2025-10-10,0.67811066,1,0.9539792,1
76ers,Magic,2025-10-10,0.3960992,0,0.14320542,0
Grizzlies,Hawks,2025-10-11,0.52433264,1,0.547205,1
Pacers,Thunder,2025-10-11,0.53608906,1,0.5183746,1
Mavericks,Hornets,2025-10-11,0.6389269,1,0.5609506,1
Bulls,Bucks,2025-10-12,0.50644714,1,0.4521047,0
Clippers,Nuggets,2025-10-12,0.4509752,0,0.22234985,0
Celtics,Cavaliers,2025-10-12,0.6777757,1,0.83680075,1
Wizards,Raptors,2025-10-12,0.554266,1,0.3635189,0
Suns,Nets,2025-10-12,0.6167941,1,0.32762292,0
Lakers,Warriors,2025-10-12,0.57462156,1,0.33029273,0
Magic,Heat,2025-10-12,0.5784605,1,0.28839225,0
Hawks,Heat,2025-10-13,0.55237865,1,0.6783626,1
Pacers,Spurs,2025-10-13,0.6093245,1,0.5732566,1
Knicks,Wizards,2025-10-13,0.79772407,1,0.9342025,1
Jazz,Mavericks,2025-10-13,0.535836,1,0.19274426,0
Trail Blazers,Warriors,2025-10-14,0.5129495,1,0.25488976,0
Pelicans,Rockets,2025-10-14,0.36487132,0,0.36472014,0
Cavaliers,Pistons,2025-10-14,0.6464245,1,0.572623,1
Bucks,Thunder,2025-10-14,0.47984597,0,0.41781187,0
Nuggets,Bulls,2025-10-14,0.7620805,1,0.9054993,1
Suns,Lakers,2025-10-14,0.53528875,1,0.55621886,1
Celtics,Raptors,2025-10-15,0.79902583,1,0.6430683,1
Hornets,Grizzlies,2025-10-15,0.44103947,0,0.56844866,1
Lakers,Mavericks,2025-10-15,0.5857126,1,0.4724225,0
Kings,Clippers,2025-10-15,0.60653585,1,0.6558114,1
Bulls,Timberwolves,2025-10-16,0.48986873,0,0.09417479,0
Pistons,Wizards,2025-10-16,0.7892842,1,0.8481483,1
Magic,Pelicans,2025-10-16,0.80384576,1,0.81139326,1
Hawks,Rockets,2025-10-16,0.52346045,1,0.73939824,1
Jazz,Trail Blazers,2025-10-16,0.48951578,0,0.058806412,0
Heat,Grizzlies,2025-10-17,0.68355674,1,0.9059233,1
Lakers,Kings,2025-10-17,0.5485127,1,0.5214902,1
Raptors,Nets,2025-10-17,0.53299415,1,0.657559,1
Knicks,Hornets,2025-10-17,0.7626083,1,0.75554675,1
Thunder,Nuggets,2025-10-17,0.6350864,1,0.80168146,1
Spurs,Pacers,2025-10-17,0.5231193,1,0.4726447,0
Warriors,Clippers,2025-10-17,0.6527108,1,0.89666927,1
76ers,Timberwolves,2025-10-17,0.37641498,0,0.062232714,0
Lakers,Warriors,2025-10-21,0.57141274,1,0.32981068,0
Thunder,Rockets,2025-10-21,0.6275326,1,0.7575433,1
Jazz,Clippers,2025-10-22,0.467701,0,0.3016743,0
Bucks,Wizards,2025-10-22,0.74143004,1,0.78313684,1
Trail Blazers,Timberwolves,2025-10-22,0.53064877,1,0.19255045,0
Suns,Kings,2025-10-22,0.58187145,1,0.5868869,1
Bulls,Pistons,2025-10-22,0.59862137,1,0.34765875,0
Grizzlies,Pelicans,2025-10-22,0.7450915,1,0.80339414,1
Hawks,Raptors,2025-10-22,0.6934218,1,0.6419733,1
Celtics,76ers,2025-10-22,0.7672971,1,0.88148737,1
Magic,Heat,2025-10-22,0.583315,1,0.28727385,0
Hornets,Nets,2025-10-22,0.49341607,0,0.5679655,1
Mavericks,Spurs,2025-10-22,0.55944306,1,0.3374448,0
Knicks,Cavaliers,2025-10-22,0.6827902,1,0.8243382,1
Pacers,Thunder,2025-10-23,0.5369653,1,0.5207168,1
Warriors,Nuggets,2025-10-23,0.50338286,1,0.3093478,0
Kings,Jazz,2025-10-24,0.6739888,1,0.82369554,1
Trail Blazers,Warriors,2025-10-24,0.49387336,0,0.25459608,0
Mavericks,Wizards,2025-10-24,0.6911267,1,0.7140757,1
Pelicans,Spurs,2025-10-24,0.5216611,1,0.5685349,1
Grizzlies,Heat,2025-10-24,0.53146666,1,0.54898,1
Clippers,Suns,2025-10-24,0.5741102,1,0.38999265,0
Raptors,Bucks,2025-10-24,0.4670567,0,0.4331842,0
Nets,Cavaliers,2025-10-24,0.37387347,0,0.3869984,0
Magic,Hawks,2025-10-24,0.6268344,1,0.44429094,0
Lakers,Timberwolves,2025-10-24,0.5294674,1,0.1590767,0
Knicks,Celtics,2025-10-24,0.5195701,1,0.7983663,1
Rockets,Pistons,2025-10-24,0.6436048,1,0.5365729,1
Magic,Bulls,2025-10-25,0.63084906,1,0.4724813,0
Hawks,Thunder,2025-10-25,0.39011773,0,0.27921072,0
76ers,Hornets,2025-10-25,0.5763098,1,0.38243458,0
Grizzlies,Pacers,2025-10-25,0.5741707,1,0.7614535,1
Nuggets,Suns,2025-10-25,0.6486336,1,0.68727374,1
Kings,Lakers,2025-10-26,0.53034663,1,0.65163743,1
Clippers,Trail Blazers,2025-10-26,0.43945292,0,0.48074383,0
Mavericks,Raptors,2025-10-26,0.65423155,1,0.62817514,1
Timberwolves,Pacers,2025-10-26,0.6507737,1,0.648448,1
Pistons,Celtics,2025-10-26,0.46028775,0,0.45123556,0
Heat,Knicks,2025-10-26,0.5453539,1,0.58398175,1
Cavaliers,Bucks,2025-10-26,0.65796816,1,0.8986194,1
Spurs,Nets,2025-10-26,0.62089294,1,0.7887927,1
Wizards,Hornets,2025-10-26,0.564514,1,0.5268179,1
Lakers,Trail Blazers,2025-10-27,0.58119744,1,0.3866587,0
Warriors,Grizzlies,2025-10-27,0.6471451,1,0.44553494,0
Jazz,Suns,2025-10-27,0.54845464,1,0.25582132,0
Mavericks,Thunder,2025-10-27,0.33982256,0,0.2459103,0
Pelicans,Celtics,2025-10-27,0.31112465,0,0.393838,0
Spurs,Raptors,2025-10-27,0.7009481,1,0.7918827,1
Bulls,Hawks,2025-10-27,0.5876674,1,0.21098623,0
76ers,Magic,2025-10-27,0.38124922,0,0.13983202,0
Timberwolves,Nuggets,2025-10-27,0.6210706,1,0.8706313,1
Pistons,Cavaliers,2025-10-27,0.55748445,1,0.7436141,1
Rockets,Nets,2025-10-27,0.76642865,1,0.7323152,1
Wizards,76ers,2025-10-28,0.5840186,1,0.5346489,1
Heat,Hornets,2025-10-28,0.71116066,1,0.73405087,1
Bucks,Knicks,2025-10-28,0.59480715,1,0.44447985,0
Thunder,Kings,2025-10-28,0.75287753,1,0.858486,1
Warriors,Clippers,2025-10-28,0.6297058,1,0.896287,1
Suns,Grizzlies,2025-10-29,0.57741916,1,0.6418197,1
Timberwolves,Lakers,2025-10-29,0.6962293,1,0.915829,1
Jazz,Trail Blazers,2025-10-29,0.49679887,0,0.058691647,0
Nuggets,Pelicans,2025-10-29,0.8159782,1,0.9589902,1
Mavericks,Pacers,2025-10-29,0.5287056,1,0.56075764,1
Celtics,Cavaliers,2025-10-29,0.676851,1,0.8369021,1
Raptors,Rockets,2025-10-29,0.38824257,0,0.3102586,0
Nets,Hawks,2025-10-29,0.50907624,1,0.22267841,0
Pistons,Magic,2025-10-29,0.6968077,1,0.78547823,1
Bulls,Kings,2025-10-29,0.5625512,1,0.37892297,0
Spurs,Heat,2025-10-30,0.56271267,1,0.4085605,0
Thunder,Wizards,2025-10-30,0.83519423,1,0.9181369,1
Hornets,Magic,2025-10-30,0.4150198,0,0.38564795,0
Bucks,Warriors,2025-10-30,0.62711877,1,0.7776492,1
Pacers,Hawks,2025-10-31,0.59851104,1,0.4747583,0
76ers,Celtics,2025-10-31,0.36102512,0,0.22848846,0
Cavaliers,Raptors,2025-10-31,0.7878478,1,0.8137418,1
Bulls,Knicks,2025-10-31,0.55676574,1,0.1990945,0
Grizzlies,Lakers,2025-10-31,0.65222603,1,0.82288915,1
Suns,Jazz,2025-10-31,0.6247808,1,0.7722627,1
Trail Blazers,Nuggets,2025-10-31,0.5204581,1,0.34168422,0
Clippers,Pelicans,2025-10-31,0.65301424,1,0.58840096,1
Bucks,Kings,2025-11-01,0.630036,1,0.7994451,1
Hornets,Timberwolves,2025-11-01,0.3803686,0,0.18976043,0
Pacers,Warriors,2025-11-01,0.5932169,1,0.7795273,1
Wizards,Magic,2025-11-01,0.4315689,0,0.14471564,0
Celtics,Rockets,2025-11-01,0.6265485,1,0.73571277,1
Pistons,Mavericks,2025-11-01,0.67762804,1,0.5497506,1
Suns,Spurs,2025-11-02,0.5364933,1,0.5815424,1
Knicks,Bulls,2025-11-02,0.64130193,1,0.8854815,1
Lakers,Heat,2025-11-02,0.5751018,1,0.3545237,0
Raptors,Grizzlies,2025-11-02,0.46179858,0,0.6889268,1
Thunder,Pelicans,2025-11-02,0.85843503,1,0.85470945,1
Hornets,Jazz,2025-11-02,0.52507544,1,0.5217322,1
Cavaliers,Hawks,2025-11-02,0.69145197,1,0.63555187,1
Nets,76ers,2025-11-02,0.5941325,1,0.44920394,0
Nets,Timberwolves,2025-11-03,0.3919475,0,0.2288522,0
Pacers,Bucks,2025-11-03,0.60588485,1,0.6665688,1
Celtics,Jazz,2025-11-03,0.72480655,1,0.7391253,1
Knicks,Wizards,2025-11-03,0.7852983,1,0.9333006,1
Rockets,Mavericks,2025-11-03,0.69251287,1,0.6509755,1
Grizzlies,Pistons,2025-11-03,0.64688927,1,0.6032897,1
Nuggets,Kings,2025-11-03,0.70429146,1,0.8367102,1
Trail Blazers,Lakers,2025-11-03,0.652286,1,0.7615469,1
Clippers,Heat,2025-11-03,0.49282274,0,0.2640944,0
Clippers,Thunder,2025-11-04,0.39997852,0,0.3162319,0
Pelicans,Hornets,2025-11-04,0.53996587,1,0.6792889,1
Warriors,Suns,2025-11-04,0.59943485,1,0.32530075,0
Hawks,Magic,2025-11-04,0.57720923,1,0.75404567,1
Raptors,Bucks,2025-11-04,0.4670567,0,0.43409464,0
Bulls,76ers,2025-11-04,0.66022366,1,0.4578058,0
Pistons,Jazz,2025-11-05,0.65910023,1,0.7909901,1
Pacers,Nets,2025-11-05,0.7038741,1,0.820518,1
Celtics,Wizards,2025-11-05,0.8106816,1,0.8972981,1
Knicks,Timberwolves,2025-11-05,0.6087575,1,0.29958218,0
Grizzlies,Rockets,2025-11-05,0.44367236,0,0.4178672,0
Mavericks,Pelicans,2025-11-05,0.65136486,1,0.6661992,1
Nuggets,Heat,2025-11-05,0.6680571,1,0.6690476,1
Lakers,Spurs,2025-11-05,0.59929085,1,0.40592232,0
Trail Blazers,Thunder,2025-11-05,0.35535455,0,0.23014207,0
Kings,Warriors,2025-11-05,0.51469684,1,0.7164998,1
Cavaliers,76ers,2025-11-05,0.7738607,1,0.87768894,1
Suns,Clippers,2025-11-06,0.5658325,1,0.5215565,1
Bucks,Bulls,2025-11-07,0.64645725,1,0.6877116,1
Nuggets,Warriors,2025-11-07,0.6862944,1,0.73249245,1
Grizzlies,Mavericks,2025-11-07,0.5310047,1,0.45915446,0
Kings,Thunder,2025-11-07,0.41093734,0,0.35261688,0
Heat,Hornets,2025-11-07,0.7088614,1,0.7330629,1
Timberwolves,Jazz,2025-11-07,0.71317804,1,0.81620526,1
Nets,Pistons,2025-11-07,0.43075314,0,0.29683343,0
Hawks,Raptors,2025-11-07,0.6924434,1,0.64239323,1
Spurs,Rockets,2025-11-07,0.42703122,0,0.32006645,0
Wizards,Cavaliers,2025-11-07,0.34393746,0,0.42214966,0
Magic,Celtics,2025-11-07,0.5119521,1,0.40284503,0
Clippers,Suns,2025-11-08,0.5741102,1,0.38999265,0
Spurs,Pelicans,2025-11-08,0.6999659,1,0.63442165,1
Heat,Trail Blazers,2025-11-08,0.5061457,1,0.80465233,1
Nuggets,Pacers,2025-11-08,0.7239964,1,0.81742924,1
Hawks,Lakers,2025-11-08,0.6408298,1,0.9506947,1
76ers,Raptors,2025-11-08,0.6034441,1,0.2622073,0
Wizards,Mavericks,2025-11-08,0.41729426,0,0.2845493,0
Cavaliers,Bulls,2025-11-08,0.64693695,1,0.84365284,1
Bucks,Rockets,2025-11-09,0.53258175,1,0.5819884,1
Knicks,Nets,2025-11-09,0.7374086,1,0.7940089,1
Magic,Celtics,2025-11-09,0.49483943,0,0.4023061,0
Grizzlies,Thunder,2025-11-09,0.41651347,0,0.31036827,0
76ers,Pistons,2025-11-09,0.5312926,1,0.24635771,0
Warriors,Pacers,2025-11-09,0.5790282,1,0.7359173,1
Kings,Timberwolves,2025-11-09,0.45587084,0,0.18361574,0
Suns,Pelicans,2025-11-10,0.6826975,1,0.7072432,1
Clippers,Hawks,2025-11-10,0.5347131,1,0.35854322,0
Jazz,Timberwolves,2025-11-10,0.42187813,0,0.047311865,0
Mavericks,Bucks,2025-11-10,0.52736056,1,0.5554878,1
Hornets,Lakers,2025-11-10,0.5442754,1,0.7174532,1
Heat,Cavaliers,2025-11-10,0.5410963,1,0.77902126,1
Magic,Trail Blazers,2025-11-10,0.5475753,1,0.3038603,0
Pistons,Wizards,2025-11-10,0.7847981,1,0.84983313,1
Bulls,Spurs,2025-11-10,0.5896943,1,0.35609892,0
Nets,Raptors,2025-11-11,0.58737487,1,0.37493217,0
Knicks,Grizzlies,2025-11-11,0.6888746,1,0.86840254,1
76ers,Celtics,2025-11-11,0.3515149,0,0.22783077,0
Thunder,Warriors,2025-11-11,0.6778952,1,0.874413,1
Jazz,Pacers,2025-11-11,0.4227262,0,0.0761942,0
Kings,Nuggets,2025-11-11,0.55967224,1,0.75727916,1
Pelicans,Trail Blazers,2025-11-12,0.4811818,0,0.47162372,0
Kings,Hawks,2025-11-12,0.5469046,1,0.48894182,0
Thunder,Lakers,2025-11-12,0.76108676,1,0.9495043,1
Mavericks,Suns,2025-11-12,0.53901136,1,0.6840848,1
Spurs,Warriors,2025-11-12,0.49564844,0,0.57270837,1
Clippers,Nuggets,2025-11-12,0.45380268,0,0.17254865,0
Rockets,Wizards,2025-11-12,0.8420205,1,0.93291193,1
Celtics,Grizzlies,2025-11-12,0.7633502,1,0.86580527,1
Knicks,Magic,2025-11-12,0.60416514,1,0.82610255,1
Pistons,Bulls,2025-11-12,0.6408656,1,0.7931925,1
Hornets,Bucks,2025-11-12,0.4659314,0,0.49865755,0
Heat,Cavaliers,2025-11-12,0.5410963,1,0.77902126,1
Cavaliers,Raptors,2025-11-13,0.7847473,1,0.8139121,1
Suns,Pacers,2025-11-13,0.57392466,1,0.49187672,0
Jazz,Hawks,2025-11-13,0.49539834,0,0.061451256,0
Mavericks,Clippers,2025-11-14,0.5438903,1,0.66852427,1
Pelicans,Lakers,2025-11-14,0.50750995,1,0.53898287,1
Timberwolves,Kings,2025-11-14,0.6720604,1,0.73400843,1
Bucks,Hornets,2025-11-14,0.6889391,1,0.64371026,1
Spurs,Warriors,2025-11-14,0.49564844,0,0.5719205,1
Pistons,76ers,2025-11-14,0.7048079,1,0.78604317,1
Magic,Nets,2025-11-14,0.7364211,1,0.5618359,1
Knicks,Heat,2025-11-14,0.64630616,1,0.80447197,1
Rockets,Trail Blazers,2025-11-14,0.7157563,1,0.7449923,1
Cavaliers,Grizzlies,2025-11-15,0.76679754,1,0.88290524,1
Hornets,Thunder,2025-11-15,0.2946437,0,0.19609368,0
Pacers,Raptors,2025-11-15,0.67364717,1,0.7304232,1
Bucks,Lakers,2025-11-15,0.69145495,1,0.63269466,1
Timberwolves,Nuggets,2025-11-15,0.6219629,1,0.8699946,1
Jazz,Bulls,2025-11-16,0.48309207,0,0.16844936,0
Suns,Hawks,2025-11-16,0.557053,1,0.4898973,0
Mavericks,Trail Blazers,2025-11-16,0.57938826,1,0.7203896,1
Pelicans,Warriors,2025-11-16,0.36848134,0,0.36842102,0
Celtics,Clippers,2025-11-16,0.74772966,1,0.85666585,1
Wizards,Nets,2025-11-16,0.5350896,1,0.5606717,1
Spurs,Kings,2025-11-16,0.60328555,1,0.71637654,1
Rockets,Magic,2025-11-16,0.7031351,1,0.5633638,1
Timberwolves,Mavericks,2025-11-17,0.70360374,1,0.67395,1
Pelicans,Thunder,2025-11-17,0.27720666,0,0.2488242,0
Raptors,Hornets,2025-11-17,0.5821409,1,0.60859555,1
Nuggets,Bulls,2025-11-17,0.76216835,1,0.90616965,1
76ers,Clippers,2025-11-17,0.5263343,1,0.43992984,0
Cavaliers,Bucks,2025-11-17,0.65796816,1,0.8986194,1
Heat,Knicks,2025-11-17,0.540255,1,0.5831088,1
Pistons,Pacers,2025-11-17,0.68065864,1,0.6201061,1
Magic,Warriors,2025-11-18,0.5871002,1,0.46218967,0
Nets,Celtics,2025-11-18,0.31110612,0,0.1830253,0
Hawks,Pistons,2025-11-18,0.5849857,1,0.6951287,1
Spurs,Grizzlies,2025-11-18,0.5892551,1,0.82268125,1
Lakers,Jazz,2025-11-18,0.57863796,1,0.45125538,0
Trail Blazers,Suns,2025-11-18,0.56462663,1,0.74895924,1
Pacers,Hornets,2025-11-19,0.7021586,1,0.7467717,1
Trail Blazers,Bulls,2025-11-19,0.5811644,1,0.4822195,0
Mavericks,Knicks,2025-11-19,0.47071415,0,0.28046334,0
Thunder,Kings,2025-11-19,0.74595946,1,0.8572424,1
Pelicans,Nuggets,2025-11-19,0.34083495,0,0.52398443,1
Cavaliers,Rockets,2025-11-19,0.45826825,0,0.762923,1
76ers,Raptors,2025-11-19,0.58950907,1,0.26163325,0
Heat,Warriors,2025-11-19,0.5919102,1,0.69932485,1
Timberwolves,Wizards,2025-11-19,0.7965344,1,0.8274143,1
Bucks,76ers,2025-11-20,0.723558,1,0.7280968,1
Spurs,Hawks,2025-11-20,0.5710518,1,0.61473155,1
Grizzlies,Kings,2025-11-20,0.555644,1,0.6215822,1
Magic,Clippers,2025-11-20,0.62441397,1,0.6926775,1
Warriors,Trail Blazers,2025-11-21,0.602002,1,0.6606356,1
Rockets,Nuggets,2025-11-21,0.5899907,1,0.6666751,1
Suns,Timberwolves,2025-11-21,0.55447745,1,0.533852,1
Mavericks,Pelicans,2025-11-21,0.6547938,1,0.6656166,1
Jazz,Thunder,2025-11-21,0.2991209,0,0.048207957,0
Raptors,Wizards,2025-11-21,0.6551656,1,0.7802504,1
Celtics,Nets,2025-11-21,0.7846229,1,0.76117706,1
Cavaliers,Pacers,2025-11-21,0.6958676,1,0.6927854,1
Bulls,Heat,2025-11-21,0.55257154,1,0.16836974,0
Mavericks,Grizzlies,2025-11-22,0.5277043,1,0.556823,1
Hornets,Clippers,2025-11-22,0.50572354,1,0.4417358,0
Magic,Knicks,2025-11-22,0.56041664,1,0.32803062,0
Pelicans,Hawks,2025-11-22,0.38136292,0,0.44157422,0
Bulls,Wizards,2025-11-22,0.70673203,1,0.5251038,1
Bucks,Pistons,2025-11-22,0.5920721,1,0.74055624,1
Nuggets,Kings,2025-11-22,0.68096495,1,0.83676267,1
Thunder,Trail Blazers,2025-11-23,0.7616997,1,0.8794257,1
Jazz,Lakers,2025-11-23,0.5479639,1,0.14917487,0
Raptors,Nets,2025-11-23,0.5497984,1,0.6586523,1
Suns,Spurs,2025-11-23,0.5364933,1,0.5815424,1
Celtics,Magic,2025-11-23,0.6975024,1,0.66403806,1
Hawks,Hornets,2025-11-23,0.69534755,1,0.91426486,1
Cavaliers,Clippers,2025-11-23,0.745685,1,0.87422913,1
76ers,Heat,2025-11-23,0.4387506,0,0.12649353,0
Kings,Timberwolves,2025-11-24,0.461736,0,0.18358175,0
Warriors,Jazz,2025-11-24,0.66240036,1,0.5254346,1
Suns,Rockets,2025-11-24,0.44132343,0,0.18514523,0
Bucks,Trail Blazers,2025-11-24,0.67577463,1,0.7685265,1
Pelicans,Bulls,2025-11-24,0.49699825,0,0.6051296,1
Heat,Mavericks,2025-11-24,0.64225715,1,0.728493,1
Nets,Knicks,2025-11-24,0.45886567,0,0.18131675,0
Raptors,Cavaliers,2025-11-24,0.33861324,0,0.5164628,1
Pacers,Pistons,2025-11-24,0.60434526,1,0.62520057,1
Grizzlies,Nuggets,2025-11-24,0.4544282,0,0.3982246,0
Wizards,Hawks,2025-11-25,0.43130612,0,0.14613311,0
76ers,Magic,2025-11-25,0.38124922,0,0.13983202,0
Lakers,Clippers,2025-11-25,0.5636774,1,0.30518273,0
Warriors,Rockets,2025-11-26,0.52033436,1,0.5440571,1
Kings,Suns,2025-11-26,0.5965629,1,0.8319976,1
Trail Blazers,Spurs,2025-11-26,0.55788326,1,0.43547118,0
Pelicans,Grizzlies,2025-11-26,0.469583,0,0.78665537,1
Heat,Bucks,2025-11-26,0.5825114,1,0.9014567,1
Raptors,Pacers,2025-11-26,0.4915115,0,0.33487752,0
Hornets,Knicks,2025-11-26,0.39366126,0,0.30226547,0
Celtics,Pistons,2025-11-26,0.7160639,1,0.7217804,1
Thunder,Timberwolves,2025-11-26,0.7085449,1,0.84360397,1
Clippers,Grizzlies,2025-11-28,0.5550652,1,0.5203836,1
Lakers,Mavericks,2025-11-28,0.594184,1,0.47264156,0
Jazz,Kings,2025-11-28,0.52869827,1,0.26409867,0
Nuggets,Spurs,2025-11-28,0.6258458,1,0.82567483,1
Thunder,Suns,2025-11-28,0.7666212,1,0.8130467,1
Pacers,Wizards,2025-11-28,0.74641335,1,0.86193615,1
Pistons,Magic,2025-11-28,0.6900479,1,0.7840178,1
Hornets,Bulls,2025-11-28,0.45498118,0,0.48616624,0
Nets,76ers,2025-11-28,0.5886579,1,0.4494615,0
Hawks,Cavaliers,2025-11-28,0.511704,1,0.86956894,1
Knicks,Bucks,2025-11-28,0.59899926,1,0.88587034,1
Warriors,Pelicans,2025-11-29,0.78902,1,0.8230749,1
Clippers,Mavericks,2025-11-29,0.5546787,1,0.4322504,0
Bucks,Nets,2025-11-29,0.70783156,1,0.58048666,1
Suns,Nuggets,2025-11-29,0.4820983,0,0.2362379,0
Pacers,Bulls,2025-11-29,0.5884522,1,0.6689048,1
Timberwolves,Celtics,2025-11-29,0.5272119,1,0.5715934,1
Heat,Pistons,2025-11-29,0.64560896,1,0.7054074,1
Hornets,Raptors,2025-11-29,0.5586653,1,0.5148362,1
Kings,Grizzlies,2025-11-30,0.5850751,1,0.92332274,1
Timberwolves,Spurs,2025-11-30,0.7015699,1,0.72354347,1
Trail Blazers,Thunder,2025-11-30,0.3781872,0,0.23135434,0
Lakers,Pelicans,2025-11-30,0.6499326,1,0.401591,0
Knicks,Raptors,2025-11-30,0.67277896,1,0.71390927,1
Cavaliers,Celtics,2025-11-30,0.51809764,1,0.7693628,1
Jazz,Rockets,2025-11-30,0.41458938,0,0.076134175,0
76ers,Hawks,2025-11-30,0.42072886,0,0.37303022,0
Pistons,Hawks,2025-12-01,0.64264387,1,0.559193,1
Wizards,Bucks,2025-12-01,0.46892098,0,0.47450548,0
Nets,Hornets,2025-12-01,0.6286886,1,0.42968932,0
Heat,Clippers,2025-12-01,0.5766044,1,0.8888216,1
Magic,Bulls,2025-12-01,0.65219146,1,0.4735446,0
Nuggets,Mavericks,2025-12-01,0.6902817,1,0.71426654,1
Jazz,Rockets,2025-12-01,0.42843437,0,0.07617484,0
Lakers,Suns,2025-12-01,0.6269798,1,0.31013188,0
Pacers,Cavaliers,2025-12-01,0.52625066,1,0.70974886,1
Pelicans,Timberwolves,2025-12-02,0.37111858,0,0.2540701,0
Warriors,Thunder,2025-12-02,0.514484,1,0.33899444,0
Spurs,Grizzlies,2025-12-02,0.5923227,1,0.8231082,1
Celtics,Knicks,2025-12-02,0.68366504,1,0.59287965,1
76ers,Wizards,2025-12-02,0.6581809,1,0.63294095,1
Raptors,Trail Blazers,2025-12-02,0.38681102,0,0.3026211,0
Bucks,Pistons,2025-12-03,0.5854105,1,0.74100834,1
Rockets,Kings,2025-12-03,0.71449214,1,0.8281131,1
Bulls,Nets,2025-12-03,0.65613,1,0.4296676,0
Knicks,Hornets,2025-12-03,0.74835426,1,0.75424,1
Mavericks,Heat,2025-12-03,0.46982896,0,0.28324616,0
Magic,Spurs,2025-12-03,0.5847701,1,0.25283292,0
Pacers,Nuggets,2025-12-03,0.55167896,1,0.56011117,1
Cavaliers,Trail Blazers,2025-12-03,0.6383672,1,0.8644314,1
Hawks,Clippers,2025-12-03,0.65362847,1,0.9441904,1
76ers,Warriors,2025-12-04,0.41708422,0,0.31255397,0
Wizards,Celtics,2025-12-04,0.33234218,0,0.284516,0
Nets,Jazz,2025-12-04,0.6283088,1,0.7547234,1
Raptors,Lakers,2025-12-04,0.5428564,1,0.52523196,1
Pelicans,Timberwolves,2025-12-04,0.37111858,0,0.2540701,0
Bulls,Pacers,2025-12-05,0.6334967,1,0.29529473,0
Thunder,Mavericks,2025-12-05,0.74380124,1,0.742181,1
Bucks,76ers,2025-12-05,0.71408135,1,0.72829187,1
Grizzlies,Clippers,2025-12-05,0.6247272,1,0.8515473,1
Rockets,Suns,2025-12-05,0.67754376,1,0.67612225,1
Raptors,Hornets,2025-12-05,0.5696852,1,0.60738766,1
Magic,Heat,2025-12-05,0.5900725,1,0.29117438,0
Pistons,Trail Blazers,2025-12-05,0.6352884,1,0.8395752,1
Celtics,Lakers,2025-12-05,0.790973,1,0.9167291,1
Knicks,Jazz,2025-12-05,0.72170025,1,0.77360195,1
Hawks,Nuggets,2025-12-05,0.5880759,1,0.7479673,1
Cavaliers,Spurs,2025-12-05,0.6257518,1,0.815048,1
Timberwolves,Clippers,2025-12-06,0.66903687,1,0.8743653,1
Heat,Kings,2025-12-06,0.70007795,1,0.90647376,1
Pistons,Bucks,2025-12-06,0.5502659,1,0.8241688,1
Mavericks,Rockets,2025-12-06,0.44346252,0,0.331906,0
Wizards,Hawks,2025-12-06,0.4234604,0,0.14657609,0
Nets,Pelicans,2025-12-06,0.634587,1,0.50563717,1
Cavaliers,Warriors,2025-12-06,0.6508882,1,0.73717934,1
Knicks,Magic,2025-12-07,0.6073052,1,0.8258897,1
Raptors,Celtics,2025-12-07,0.34502676,0,0.37232137,0
Hornets,Nuggets,2025-12-07,0.37807205,0,0.3102164,0
Grizzlies,Trail Blazers,2025-12-07,0.5664492,1,0.8084908,1
Bulls,Warriors,2025-12-07,0.5430147,1,0.3708793,0
76ers,Lakers,2025-12-07,0.53343487,1,0.41065308,0
Jazz,Thunder,2025-12-07,0.2940506,0,0.047936518,0
Pelicans,Spurs,2025-12-08,0.51438737,1,0.5678457,1
Pacers,Kings,2025-12-08,0.64555126,1,0.79621935,1
Timberwolves,Suns,2025-12-08,0.6833521,1,0.87335235,1
Bulls,Cavaliers,2025-12-17,0.5063057,1,0.40794998,0
Timberwolves,Grizzlies,2025-12-17,0.69252706,1,0.9414849,1
Thunder,Clippers,2025-12-17,0.70400554,1,0.9291081,1
Spurs,Wizards,2025-12-17,0.7189948,1,0.9371139,1
Nuggets,Magic,2025-12-18,0.69196475,1,0.5213884,1
Jazz,Lakers,2025-12-18,0.5438728,1,0.14788902,0
Suns,Warriors,2025-12-18,0.51331025,1,0.45896327,0
Trail Blazers,Kings,2025-12-18,0.6077959,1,0.4811879,0
Mavericks,Pistons,2025-12-18,0.5120425,1,0.31653008,0
Bucks,Raptors,2025-12-18,0.6809392,1,0.6786164,1
Nets,Heat,2025-12-18,0.44811016,0,0.24383527,0
Pacers,Knicks,2025-12-18,0.56278276,1,0.5564182,1
Hornets,Hawks,2025-12-18,0.47700685,0,0.393429,0
Pelicans,Rockets,2025-12-18,0.3602214,0,0.31922603,0
Celtics,Heat,2025-12-19,0.69798046,1,0.7258713,1
Knicks,76ers,2025-12-19,0.7119095,1,0.83136594,1
Hawks,Spurs,2025-12-19,0.5835894,1,0.61402965,1
Cavaliers,Bulls,2025-12-19,0.6559866,1,0.84293747,1
Timberwolves,Thunder,2025-12-19,0.52968585,1,0.5265676,1
Kings,Trail Blazers,2025-12-20,0.49862358,0,0.6154085,1
Jazz,Magic,2025-12-20,0.4903359,0,0.13073957,0
Warriors,Suns,2025-12-20,0.5894303,1,0.3258103,0
Grizzlies,Wizards,2025-12-20,0.7663404,1,0.9078328,1
Clippers,Lakers,2025-12-20,0.62429684,1,0.7141506,1
Pelicans,Pacers,2025-12-20,0.43358514,0,0.59142244,1
Raptors,Celtics,2025-12-20,0.34502676,0,0.3719918,0
76ers,Mavericks,2025-12-20,0.50296956,1,0.257412,0
Nuggets,Rockets,2025-12-20,0.5653343,1,0.5402085,1
Pistons,Hornets,2025-12-20,0.71646345,1,0.7663514,1
Hawks,Bulls,2025-12-21,0.61762804,1,0.8424295,1
Nets,Raptors,2025-12-21,0.5936373,1,0.37536386,0
Knicks,Heat,2025-12-21,0.64630616,1,0.80447197,1
Wizards,Spurs,2025-12-21,0.4412336,0,0.24578229,0
Timberwolves,Bucks,2025-12-21,0.6490008,1,0.72487265,1
Kings,Rockets,2025-12-21,0.42584962,0,0.3814321,0
Trail Blazers,Pistons,2025-12-22,0.5386907,1,0.4099915,0
Warriors,Magic,2025-12-22,0.6331717,1,0.21082424,0
Thunder,Grizzlies,2025-12-22,0.7852764,1,0.86986566,1
Celtics,Pacers,2025-12-22,0.70613754,1,0.63968086,1
Pelicans,Mavericks,2025-12-22,0.40880212,0,0.4184957,0
Cavaliers,Hornets,2025-12-22,0.7983113,1,0.6995777,1
Nuggets,Jazz,2025-12-22,0.7602621,1,0.9718877,1
Spurs,Thunder,2025-12-23,0.33707124,0,0.38896397,0
Kings,Pistons,2025-12-23,0.53244394,1,0.4420636,0
Clippers,Rockets,2025-12-23,0.43081132,0,0.27980813,0
Trail Blazers,Magic,2025-12-23,0.55711585,1,0.43909854,0
Jazz,Grizzlies,2025-12-23,0.4970102,0,0.38707998,0
Suns,Lakers,2025-12-23,0.5189361,1,0.55447435,1
Timberwolves,Knicks,2025-12-23,0.6468938,1,0.35680312,0
76ers,Nets,2025-12-23,0.5482435,1,0.45676902,0
Heat,Raptors,2025-12-23,0.7327596,1,0.8951364,1
Hornets,Wizards,2025-12-23,0.59853745,1,0.6853926,1
Hawks,Bulls,2025-12-23,0.61762804,1,0.8424295,1
Mavericks,Nuggets,2025-12-23,0.4534974,0,0.38092783,0
Pacers,Bucks,2025-12-23,0.60548717,1,0.66708714,1
Cavaliers,Pelicans,2025-12-23,0.74047697,1,0.81291866,1
Knicks,Cavaliers,2025-12-25,0.6855239,1,0.82442033,1
Thunder,Spurs,2025-12-25,0.76013404,1,0.710514,1
Warriors,Mavericks,2025-12-25,0.61347157,1,0.32442558,0
Lakers,Rockets,2025-12-25,0.54043865,1,0.27927604,0
Nuggets,Timberwolves,2025-12-25,0.62633395,1,0.93942225,1
Trail Blazers,Clippers,2025-12-26,0.6355357,1,0.64735305,1
Jazz,Pistons,2025-12-26,0.5263045,1,0.115504034,0
Pelicans,Suns,2025-12-26,0.52873343,1,0.7824912,1
Grizzlies,Bucks,2025-12-26,0.6045177,1,0.87800366,1
Pacers,Celtics,2025-12-26,0.5214914,1,0.54743457,1
Wizards,Raptors,2025-12-26,0.55989623,1,0.29687405,0
Magic,Hornets,2025-12-26,0.6958555,1,0.7120137,1
Hawks,Heat,2025-12-26,0.5565908,1,0.6765659,1
Bulls,76ers,2025-12-26,0.6512228,1,0.45831016,0
Rockets,Cavaliers,2025-12-27,0.66587627,1,0.7631076,1
Spurs,Jazz,2025-12-27,0.6769139,1,0.95411426,1
Timberwolves,Nets,2025-12-27,0.75921774,1,0.8384991,1
Bulls,Bucks,2025-12-27,0.5218689,1,0.45400545,0
Pelicans,Suns,2025-12-27,0.54850256,1,0.7847694,1
Hawks,Knicks,2025-12-27,0.55122507,1,0.41734347,0
Kings,Mavericks,2025-12-27,0.59828126,1,0.5263141,1
Heat,Pacers,2025-12-27,0.6028847,1,0.7534231,1
Magic,Nuggets,2025-12-27,0.5423562,1,0.33913332,0
Raptors,Warriors,2025-12-28,0.39171508,0,0.51132524,1
Thunder,76ers,2025-12-28,0.8424767,1,0.88140374,1
Wizards,Grizzlies,2025-12-28,0.41153267,0,0.5721314,1
Trail Blazers,Celtics,2025-12-28,0.39154634,0,0.28934965,0
Clippers,Pistons,2025-12-28,0.51116574,1,0.4936468,0
Lakers,Kings,2025-12-28,0.55254644,1,0.5224849,1
Trail Blazers,Mavericks,2025-12-29,0.5758705,1,0.39340362,0
Rockets,Pacers,2025-12-29,0.7439235,1,0.6797935,1
Spurs,Cavaliers,2025-12-29,0.43966427,0,0.5131437,1
Thunder,Hawks,2025-12-29,0.77505845,1,0.72463405,1
Pelicans,Knicks,2025-12-29,0.41466388,0,0.5445392,1
Bulls,Timberwolves,2025-12-29,0.51181036,1,0.09532115,0
Heat,Nuggets,2025-12-29,0.53333896,1,0.8380062,1
Nets,Warriors,2025-12-29,0.44487834,0,0.3420581,0
Wizards,Suns,2025-12-29,0.5061219,1,0.27908656,0
Hornets,Bucks,2025-12-29,0.4710745,0,0.5000193,1
Raptors,Magic,2025-12-29,0.5128561,1,0.46417847,0
Grizzlies,76ers,2025-12-30,0.73657525,1,0.7757136,1
Jazz,Celtics,2025-12-30,0.3673083,0,0.091480054,0
Lakers,Pistons,2025-12-30,0.5712838,1,0.3397547,0
Clippers,Kings,2025-12-30,0.5147103,1,0.38575608,0
Thunder,Trail Blazers,2025-12-31,0.7616997,1,0.8794257,1
Bucks,Wizards,2025-12-31,0.7249672,1,0.7873173,1
Raptors,Nuggets,2025-12-31,0.34753102,0,0.31670225,0
Spurs,Knicks,2025-12-31,0.54560924,1,0.2934831,0
Hornets,Warriors,2025-12-31,0.430601,0,0.44091448,0
Cavaliers,Suns,2025-12-31,0.6495618,1,0.8319314,1
Pacers,Magic,2025-12-31,0.6333013,1,0.56584764,1
Hawks,Timberwolves,2025-12-31,0.58701706,1,0.5909659,1
Bulls,Pelicans,2025-12-31,0.6958128,1,0.36254066,0
Clippers,Jazz,2026-01-01,0.5770513,1,0.46895924,0
Kings,Celtics,2026-01-01,0.4311656,0,0.38362643,0
Nets,Rockets,2026-01-01,0.35010839,0,0.15431562,0
Pistons,Heat,2026-01-01,0.5954703,1,0.5199076,1
Mavericks,76ers,2026-01-01,0.66089803,1,0.68517905,1
Pacers,Spurs,2026-01-02,0.600226,1,0.5738612,1
Wizards,Nets,2026-01-02,0.5275918,1,0.5599302,1
Cavaliers,Nuggets,2026-01-02,0.58929795,1,0.7939759,1
Knicks,Hawks,2026-01-02,0.6432808,1,0.66086614,1
Bulls,Magic,2026-01-02,0.5460291,1,0.23126556,0
Bucks,Hornets,2026-01-02,0.6889391,1,0.64371026,1
Pelicans,Trail Blazers,2026-01-02,0.4811818,0,0.4716235,0
Suns,Kings,2026-01-02,0.58059806,1,0.58333373,1
Warriors,Thunder,2026-01-02,0.512619,1,0.33922568,0
Lakers,Grizzlies,2026-01-02,0.6024165,1,0.5863185,1
Clippers,Celtics,2026-01-03,0.45009038,0,0.47244278,0
Warriors,Jazz,2026-01-03,0.6438909,1,0.5246533,1
Mavericks,Rockets,2026-01-03,0.4435141,0,0.33172423,0
Spurs,Trail Blazers,2026-01-03,0.5556186,1,0.74992967,1
Bulls,Hornets,2026-01-03,0.707784,1,0.32945964,0
Knicks,76ers,2026-01-03,0.72226876,1,0.84014505,1
Heat,Timberwolves,2026-01-03,0.5044537,1,0.38139966,0
Raptors,Hawks,2026-01-03,0.4790925,0,0.2628097,0
Kings,Bucks,2026-01-04,0.509998,1,0.5342792,1
Suns,Thunder,2026-01-04,0.3533725,0,0.18576524,0
Wizards,Timberwolves,2026-01-04,0.3862019,0,0.089237556,0
Lakers,Grizzlies,2026-01-04,0.6020456,1,0.5874064,1
Nets,Nuggets,2026-01-04,0.44975436,0,0.24998486,0
Magic,Pacers,2026-01-04,0.60897565,1,0.35483608,0
Cavaliers,Pistons,2026-01-04,0.6506132,1,0.5736867,1
Heat,Pelicans,2026-01-04,0.7995635,1,0.9213247,1
Pistons,Knicks,2026-01-05,0.53889984,1,0.39374998,0
Celtics,Bulls,2026-01-05,0.7052641,1,0.7907643,1
Raptors,Hawks,2026-01-05,0.45545527,0,0.2627452,0
Rockets,Suns,2026-01-05,0.68498564,1,0.6781988,1
Thunder,Hornets,2026-01-05,0.7864108,1,0.8789081,1
76ers,Nuggets,2026-01-05,0.39255446,0,0.13799305,0
Clippers,Warriors,2026-01-05,0.48576164,0,0.24823773,0
Trail Blazers,Jazz,2026-01-05,0.6041664,1,0.53198,1
Pelicans,Lakers,2026-01-06,0.50750995,1,0.53898287,1
Kings,Mavericks,2026-01-06,0.5794133,1,0.5246025,1
Timberwolves,Heat,2026-01-06,0.68376523,1,0.7968527,1
Pacers,Cavaliers,2026-01-06,0.52625066,1,0.70969945,1
Wizards,Magic,2026-01-06,0.4315689,0,0.14471564,0
Grizzlies,Spurs,2026-01-06,0.54021,1,0.52662945,1
Hornets,Raptors,2026-01-07,0.55656666,1,0.51598513,1
Pistons,Bulls,2026-01-07,0.6408656,1,0.7931925,1
76ers,Wizards,2026-01-07,0.6581809,1,0.63294095,1
Hawks,Pelicans,2026-01-07,0.7842343,1,0.835659,1
Celtics,Nuggets,2026-01-07,0.6257327,1,0.7412063,1
Nets,Magic,2026-01-07,0.47340757,0,0.23023151,0
Knicks,Clippers,2026-01-07,0.654903,1,0.81442106,1
Spurs,Lakers,2026-01-07,0.58098054,1,0.8299067,1
Grizzlies,Suns,2026-01-07,0.620721,1,0.5852875,1
Thunder,Jazz,2026-01-07,0.7952653,1,0.8531928,1
Warriors,Bucks,2026-01-07,0.5285587,1,0.5745927,1
Trail Blazers,Rockets,2026-01-07,0.4390127,0,0.23090497,0
Jazz,Mavericks,2026-01-08,0.5368862,1,0.19266121,0
Timberwolves,Cavaliers,2026-01-08,0.5441274,1,0.660202,1
Hornets,Pacers,2026-01-08,0.43848997,0,0.32058844,0
Bulls,Heat,2026-01-08,0.54950637,1,0.16788316,0
Lakers,Bucks,2026-01-09,0.55891526,1,0.34017125,0
Celtics,Raptors,2026-01-09,0.79366046,1,0.64464515,1
Magic,76ers,2026-01-09,0.77107656,1,0.55610013,1
Wizards,Pelicans,2026-01-09,0.5397124,1,0.29469872,0
Nets,Clippers,2026-01-09,0.53390145,1,0.6365684,1
Grizzlies,Thunder,2026-01-09,0.41651347,0,0.31036827,0
Nuggets,Hawks,2026-01-09,0.6406646,1,0.8524334,1
Suns,Knicks,2026-01-09,0.4506776,0,0.28463635,0
Warriors,Kings,2026-01-09,0.62305444,1,0.60558045,1
Trail Blazers,Rockets,2026-01-09,0.4390127,0,0.23090497,0
Bulls,Mavericks,2026-01-10,0.61070436,1,0.25995675,0
Celtics,Spurs,2026-01-10,0.63788116,1,0.73527586,1
Jazz,Hornets,2026-01-10,0.5585309,1,0.19895138,0
Pacers,Heat,2026-01-10,0.62502223,1,0.5417974,1
Cavaliers,Timberwolves,2026-01-10,0.67315155,1,0.5877954,1
Pistons,Clippers,2026-01-10,0.68497086,1,0.8319924,1
Kings,Rockets,2026-01-11,0.42787677,0,0.38016492,0
Nuggets,Bucks,2026-01-11,0.6803483,1,0.9461174,1
Warriors,Hawks,2026-01-11,0.61234015,1,0.33864096,0
Suns,Wizards,2026-01-11,0.6898587,1,0.7344105,1
Thunder,Heat,2026-01-11,0.6781726,1,0.7144743,1
Magic,Pelicans,2026-01-11,0.8006496,1,0.81161416,1
Trail Blazers,Knicks,2026-01-11,0.5243434,1,0.15551385,0
Raptors,76ers,2026-01-11,0.61857396,1,0.55535924,1
Grizzlies,Nets,2026-01-11,0.6814774,1,0.72563446,1
Timberwolves,Spurs,2026-01-11,0.7040031,1,0.724594,1
Kings,Lakers,2026-01-12,0.5290907,1,0.6505126,1
Cavaliers,Jazz,2026-01-12,0.7316651,1,0.89587975,1
Pacers,Celtics,2026-01-12,0.51161724,1,0.5475322,1
Raptors,76ers,2026-01-12,0.6122431,1,0.5565895,1
Mavericks,Nets,2026-01-12,0.62707025,1,0.523317,1
Clippers,Hornets,2026-01-12,0.6309078,1,0.46358427,0
Lakers,Hawks,2026-01-13,0.5662453,1,0.16240123,0
Warriors,Trail Blazers,2026-01-13,0.602002,1,0.6606356,1
Thunder,Spurs,2026-01-13,0.76013404,1,0.710514,1
Rockets,Bulls,2026-01-13,0.6812166,1,0.7865213,1
Bucks,Timberwolves,2026-01-13,0.53294295,1,0.4019945,0
Pelicans,Nuggets,2026-01-13,0.34083495,0,0.52398443,1
Heat,Suns,2026-01-13,0.56433225,1,0.91730005,1
Pacers,Raptors,2026-01-14,0.67364717,1,0.7304232,1
76ers,Cavaliers,2026-01-14,0.39312747,0,0.36426407,0
Bulls,Jazz,2026-01-14,0.6687107,1,0.64810324,1
Pelicans,Nets,2026-01-14,0.5171079,1,0.67696285,1
Mavericks,Nuggets,2026-01-14,0.45639846,0,0.38165495,0
Kings,Knicks,2026-01-14,0.519059,1,0.17307682,0
Clippers,Wizards,2026-01-14,0.6644398,1,0.77246964,1
Trail Blazers,Hawks,2026-01-15,0.52382904,1,0.30139035,0
Warriors,Knicks,2026-01-15,0.6014027,1,0.44236645,0
Mavericks,Jazz,2026-01-15,0.5956479,1,0.8319732,1
Spurs,Bucks,2026-01-15,0.56615627,1,0.7313162,1
Lakers,Hornets,2026-01-15,0.6179934,1,0.2284509,0
Heat,Celtics,2026-01-15,0.43180045,0,0.61323094,1
Pistons,Suns,2026-01-15,0.6228898,1,0.7442952,1
Magic,Grizzlies,2026-01-15,0.62433624,1,0.56162894,1
Rockets,Thunder,2026-01-15,0.56129503,1,0.65617716,1
Nets,Bulls,2026-01-16,0.49279952,0,0.43848187,0
Pacers,Pelicans,2026-01-16,0.7925222,1,0.7957683,1
76ers,Cavaliers,2026-01-16,0.39312747,0,0.36426407,0
Raptors,Clippers,2026-01-16,0.5186068,1,0.6583234,1
Rockets,Timberwolves,2026-01-16,0.6163752,1,0.57467854,1
Kings,Wizards,2026-01-16,0.6816529,1,0.7723671,1
Trail Blazers,Lakers,2026-01-17,0.6434529,1,0.760476,1
Nuggets,Wizards,2026-01-17,0.7896121,1,0.98124754,1
Warriors,Hornets,2026-01-17,0.68616873,1,0.6533867,1
Spurs,Timberwolves,2026-01-17,0.5120975,1,0.5272873,1
Mavericks,Jazz,2026-01-17,0.59698635,1,0.831611,1
Knicks,Suns,2026-01-17,0.6543031,1,0.873607,1
Pistons,Pacers,2026-01-17,0.68291426,1,0.62156385,1
Hawks,Celtics,2026-01-17,0.46745995,0,0.57772505,1
Heat,Thunder,2026-01-17,0.38882557,0,0.506428,1
Kings,Trail Blazers,2026-01-18,0.49530464,0,0.61563003,1
Lakers,Raptors,2026-01-18,0.6691422,1,0.4246321,0
Nuggets,Hornets,2026-01-18,0.7356895,1,0.916208,1
Rockets,Pelicans,2026-01-18,0.823352,1,0.792117,1
Bulls,Nets,2026-01-18,0.65613,1,0.4296676,0
Grizzlies,Magic,2026-01-18,0.6143698,1,0.7763418,1
Hawks,Bucks,2026-01-19,0.54730445,1,0.8120663,1
Cavaliers,Thunder,2026-01-19,0.57638055,1,0.45986083,0
Knicks,Mavericks,2026-01-19,0.6225825,1,0.7362987,1
Pistons,Celtics,2026-01-19,0.46028775,0,0.45123553,0
Wizards,Clippers,2026-01-19,0.46974924,0,0.51178944,1
76ers,Pacers,2026-01-19,0.46759054,0,0.25484556,0
Nets,Suns,2026-01-19,0.5053836,1,0.38548228,0
Spurs,Jazz,2026-01-19,0.67811066,1,0.9539792,1
Warriors,Heat,2026-01-19,0.5749673,1,0.35686457,0
Warriors,Raptors,2026-01-20,0.72708917,1,0.47010267,0
Nuggets,Lakers,2026-01-20,0.6792875,1,0.94860667,1
Jazz,Timberwolves,2026-01-20,0.40832868,0,0.046773907,0
Kings,Heat,2026-01-20,0.5503146,1,0.4129878,0
Bulls,Clippers,2026-01-20,0.57111806,1,0.46986827,0
76ers,Suns,2026-01-20,0.55984783,1,0.4273861,0
Rockets,Spurs,2026-01-20,0.71384925,1,0.6497253,1
Hornets,Cavaliers,2026-01-21,0.34208655,0,0.36424938,0
Celtics,Pacers,2026-01-21,0.70613754,1,0.63968086,1
Knicks,Nets,2026-01-21,0.7332064,1,0.7938674,1
Grizzlies,Hawks,2026-01-21,0.52861303,1,0.54794353,1
Pelicans,Pistons,2026-01-21,0.49625328,0,0.66814125,1
Bucks,Thunder,2026-01-21,0.4840693,0,0.41754082,0
Kings,Raptors,2026-01-21,0.66853964,1,0.60878944,1
Trail Blazers,Heat,2026-01-22,0.5820368,1,0.38936016,0
Clippers,Lakers,2026-01-22,0.6176799,1,0.71430695,1
Jazz,Spurs,2026-01-22,0.5169323,1,0.1217235,0
Timberwolves,Bulls,2026-01-22,0.6802676,1,0.900912,1
Magic,Hornets,2026-01-22,0.71381736,1,0.7142563,1
Wizards,Nuggets,2026-01-22,0.39486057,0,0.24476579,0
76ers,Rockets,2026-01-22,0.3865218,0,0.16058329,0
Mavericks,Warriors,2026-01-22,0.46946663,0,0.3340927,0
Bucks,Nuggets,2026-01-23,0.4962102,0,0.37274697,0
Trail Blazers,Raptors,2026-01-23,0.69556487,1,0.61268455,1
Grizzlies,Pelicans,2026-01-23,0.75193477,1,0.81026566,1
Thunder,Pacers,2026-01-23,0.6837053,1,0.71945226,1
Nets,Celtics,2026-01-23,0.31110612,0,0.18302524,0
Hawks,Suns,2026-01-23,0.591656,1,0.5474404,1
Cavaliers,Kings,2026-01-23,0.63405645,1,0.7870629,1
Pistons,Rockets,2026-01-23,0.54277253,1,0.6828606,1
76ers,Knicks,2026-01-24,0.45888376,0,0.19395635,0
Timberwolves,Warriors,2026-01-24,0.6227071,1,0.78110707,1
Hornets,Wizards,2026-01-24,0.5962046,1,0.68546474,1
Magic,Cavaliers,2026-01-24,0.44592518,0,0.5468728,1
Bulls,Celtics,2026-01-24,0.49335152,0,0.33037868,0
Mavericks,Lakers,2026-01-24,0.54180056,1,0.57543576,1
Jazz,Heat,2026-01-24,0.45588675,0,0.12270298,0
Suns,Heat,2026-01-25,0.5914122,1,0.5231562,1
Spurs,Pelicans,2026-01-25,0.7139036,1,0.6355512,1
Thunder,Raptors,2026-01-25,0.8157225,1,0.83860207,1
Clippers,Nets,2026-01-25,0.58009005,1,0.5054227,1
Grizzlies,Nuggets,2026-01-25,0.4544282,0,0.3982246,0
Pistons,Kings,2026-01-25,0.6546218,1,0.6512805,1
Bucks,Mavericks,2026-01-25,0.6457635,1,0.70812416,1
Hornets,76ers,2026-01-26,0.5478685,1,0.6161772,1
Cavaliers,Magic,2026-01-26,0.67926717,1,0.8559752,1
Hawks,Pacers,2026-01-26,0.6357577,1,0.62327474,1
Celtics,Trail Blazers,2026-01-26,0.7180847,1,0.81401783,1
Bulls,Lakers,2026-01-26,0.55465347,1,0.593302,1
Rockets,Grizzlies,2026-01-26,0.71848446,1,0.8171189,1
Timberwolves,Warriors,2026-01-26,0.6227071,1,0.78110707,1
Jazz,Clippers,2026-01-27,0.4747544,0,0.30253786,0
Suns,Nets,2026-01-27,0.6167941,1,0.32762292,0
Nuggets,Pistons,2026-01-27,0.6400148,1,0.7589626,1
Wizards,Trail Blazers,2026-01-27,0.3848111,0,0.15936469,0
76ers,Bucks,2026-01-27,0.43267563,0,0.3272259,0
Knicks,Kings,2026-01-27,0.6850642,1,0.84077144,1
Thunder,Pelicans,2026-01-27,0.8590809,1,0.8553029,1
Grizzlies,Hornets,2026-01-28,0.63656676,1,0.78401875,1
Jazz,Warriors,2026-01-28,0.41396388,0,0.14536798,0
Mavericks,Timberwolves,2026-01-28,0.4569465,0,0.24147156,0
Raptors,Knicks,2026-01-28,0.47229972,0,0.17279623,0
Rockets,Spurs,2026-01-28,0.71151906,1,0.6480972,1
Celtics,Hawks,2026-01-28,0.72424674,1,0.6869558,1
Pacers,Bulls,2026-01-28,0.5959203,1,0.6664496,1
Cavaliers,Lakers,2026-01-28,0.68714786,1,0.9675206,1
Heat,Magic,2026-01-28,0.65717053,1,0.7955485,1
76ers,Kings,2026-01-29,0.54868656,1,0.34520388,0
Wizards,Bucks,2026-01-29,0.4607417,0,0.4734604,0
Hawks,Rockets,2026-01-29,0.5090317,1,0.73982847,1
Mavericks,Hornets,2026-01-29,0.62886757,1,0.5627807,1
Nuggets,Nets,2026-01-29,0.7467732,1,0.9047363,1
Suns,Pistons,2026-01-29,0.52218074,1,0.28032228,0
Timberwolves,Thunder,2026-01-29,0.5224829,1,0.52609235,1
Warriors,Pistons,2026-01-30,0.60441184,1,0.54083467,1
Nuggets,Clippers,2026-01-30,0.6875922,1,0.91132563,1
Jazz,Nets,2026-01-30,0.55116105,1,0.14932004,0
Suns,Cavaliers,2026-01-30,0.48790777,0,0.4883888,0
Heat,Bulls,2026-01-30,0.61226785,1,0.8916518,1
Magic,Raptors,2026-01-30,0.645981,1,0.66132784,1
Knicks,Trail Blazers,2026-01-30,0.60479724,1,0.61069524,1
Celtics,Kings,2026-01-30,0.6789215,1,0.84181154,1
Wizards,Lakers,2026-01-30,0.5363199,1,0.4120863,0
Pelicans,Grizzlies,2026-01-30,0.46662125,0,0.7873802,1
Rockets,Mavericks,2026-01-31,0.69251287,1,0.6509755,1
Grizzlies,Timberwolves,2026-01-31,0.50200313,1,0.28040907,0
Hornets,Spurs,2026-01-31,0.50796014,1,0.35110006,0
Pacers,Hawks,2026-01-31,0.610624,1,0.47487524,0
76ers,Pelicans,2026-01-31,0.6114318,1,0.3781989,0
Nuggets,Thunder,2026-02-01,0.52314895,1,0.77201116,1
Trail Blazers,Cavaliers,2026-02-01,0.4471386,0,0.4412915,0
Knicks,Lakers,2026-02-01,0.64157695,1,0.9208084,1
Wizards,Kings,2026-02-01,0.45515427,0,0.4295119,0
Suns,Clippers,2026-02-01,0.5658325,1,0.5215565,1
Heat,Bulls,2026-02-01,0.61226785,1,0.8916518,1
Pistons,Nets,2026-02-01,0.7375123,1,0.81593144,1
Spurs,Magic,2026-02-01,0.5758853,1,0.5492693,1
Celtics,Bucks,2026-02-01,0.6516589,1,0.77109927,1
Raptors,Jazz,2026-02-01,0.47752494,0,0.5302975,1
Hornets,Pelicans,2026-02-02,0.5614024,1,0.53598404,1
Pacers,Rockets,2026-02-02,0.46144465,0,0.2532472,0
Grizzlies,Timberwolves,2026-02-02,0.50188076,1,0.28110492,0
Clippers,76ers,2026-02-02,0.6045374,1,0.50244844,1
Thunder,Magic,2026-02-03,0.8000537,1,0.90479374,1
Trail Blazers,Suns,2026-02-03,0.56462663,1,0.74895924,1
Warriors,76ers,2026-02-03,0.6892363,1,0.63370705,1
Bucks,Bulls,2026-02-03,0.6454625,1,0.6889721,1
Mavericks,Celtics,2026-02-03,0.40427667,0,0.40068144,0
Heat,Hawks,2026-02-03,0.64734405,1,0.67763925,1
Nets,Lakers,2026-02-03,0.50374526,1,0.47210595,0
Wizards,Knicks,2026-02-03,0.34208778,0,0.18392003,0
Pacers,Jazz,2026-02-03,0.6596309,1,0.7869141,1
Pistons,Nuggets,2026-02-03,0.5537724,1,0.60191333,1
Knicks,Nuggets,2026-02-04,0.5472077,1,0.7446072,1
Raptors,Timberwolves,2026-02-04,0.49768817,0,0.21925756,0
Rockets,Celtics,2026-02-04,0.47994283,0,0.4789692,0
Bucks,Pelicans,2026-02-04,0.6872952,1,0.7160152,1
Spurs,Thunder,2026-02-04,0.34516084,0,0.38926804,0
Kings,Grizzlies,2026-02-04,0.5834859,1,0.9233263,1
Clippers,Cavaliers,2026-02-04,0.3867287,0,0.44232348,0
Lakers,76ers,2026-02-05,0.66379446,1,0.4510506,0
Suns,Warriors,2026-02-05,0.5338463,1,0.46724823,0
Mavericks,Spurs,2026-02-05,0.5686613,1,0.3391678,0
Rockets,Hornets,2026-02-05,0.7896234,1,0.7015376,1
Hawks,Jazz,2026-02-05,0.64290524,1,0.8478003,1
Magic,Nets,2026-02-05,0.74959517,1,0.5641877,1
Pistons,Wizards,2026-02-05,0.79045594,1,0.84965426,1
Raptors,Bulls,2026-02-05,0.4692721,0,0.57435954,1
Celtics,Heat,2026-02-06,0.6750304,1,0.72537327,1
Pistons,Knicks,2026-02-06,0.53889984,1,0.39374998,0
Bucks,Pacers,2026-02-06,0.6442186,1,0.4773389,0
Timberwolves,Pelicans,2026-02-06,0.7910191,1,0.7880057,1
Trail Blazers,Grizzlies,2026-02-06,0.5471195,1,0.25223765,0
Kings,Clippers,2026-02-06,0.60633093,1,0.65449524,1
Lakers,Warriors,2026-02-07,0.573036,1,0.3296733,0
Trail Blazers,Grizzlies,2026-02-07,0.5325597,1,0.25168452,0
Suns,76ers,2026-02-07,0.6595554,1,0.72756165,1
Bulls,Nuggets,2026-02-07,0.46939108,0,0.16192712,0
Kings,Cavaliers,2026-02-07,0.4759888,0,0.507571,1
Magic,Jazz,2026-02-07,0.66019726,1,0.84257156,1
Spurs,Mavericks,2026-02-07,0.6536108,1,0.5477047,1
Thunder,Rockets,2026-02-07,0.62692046,1,0.75988495,1
Nets,Wizards,2026-02-07,0.66689056,1,0.6985262,1
Hawks,Hornets,2026-02-07,0.6922559,1,0.9141222,1
Timberwolves,Clippers,2026-02-08,0.66378695,1,0.8740789,1
Raptors,Pacers,2026-02-08,0.49927947,0,0.33540964,0
Wizards,Heat,2026-02-08,0.3567828,0,0.1989118,0
Celtics,Knicks,2026-02-08,0.68366504,1,0.59287965,1
Hornets,Pistons,2026-02-09,0.4559695,0,0.54631925,1
Nets,Bulls,2026-02-09,0.49279952,0,0.43848187,0
Heat,Jazz,2026-02-09,0.645369,1,0.9377799,1
Magic,Bucks,2026-02-09,0.5419231,1,0.54665136,1
Timberwolves,Hawks,2026-02-09,0.61695695,1,0.77476203,1
Pelicans,Kings,2026-02-09,0.4750957,0,0.48409757,0
Nuggets,Cavaliers,2026-02-09,0.626748,1,0.8923389,1
Warriors,Grizzlies,2026-02-09,0.6410379,1,0.44576564,0
Lakers,Thunder,2026-02-09,0.43245205,0,0.25639793,0
Trail Blazers,76ers,2026-02-09,0.68840426,1,0.51865745,1
Lakers,Spurs,2026-02-10,0.59728235,1,0.4057496,0
Suns,Mavericks,2026-02-10,0.6297674,1,0.5853884,1
Rockets,Clippers,2026-02-10,0.73644286,1,0.7749975,1
Knicks,Pacers,2026-02-10,0.6824661,1,0.68852913,1
Warriors,Spurs,2026-02-11,0.60207546,1,0.4727848,0
Nuggets,Grizzlies,2026-02-11,0.71494865,1,0.95432967,1
Jazz,Kings,2026-02-11,0.5179049,1,0.26465684,0
Suns,Thunder,2026-02-11,0.35327888,0,0.1852597,0
Pelicans,Heat,2026-02-11,0.37359187,0,0.3729663,0
Rockets,Clippers,2026-02-11,0.72011214,1,0.77582896,1
Timberwolves,Trail Blazers,2026-02-11,0.61252326,1,0.6944155,1
76ers,Knicks,2026-02-11,0.47194526,0,0.19353765,0
Nets,Pacers,2026-02-11,0.49247092,0,0.25150526,0
Celtics,Bulls,2026-02-11,0.7162714,1,0.7906807,1
Magic,Bucks,2026-02-11,0.54649895,1,0.548216,1
Hornets,Hawks,2026-02-11,0.47588792,0,0.4053694,0
Raptors,Pistons,2026-02-11,0.41495594,0,0.56391585,1
Cavaliers,Wizards,2026-02-11,0.79408973,1,0.91213006,1
Lakers,Mavericks,2026-02-12,0.59397787,1,0.4728283,0
Thunder,Bucks,2026-02-12,0.7071019,1,0.9211728,1
Jazz,Trail Blazers,2026-02-12,0.49666888,0,0.058682483,0
Warriors,Celtics,2026-02-19,0.53018993,1,0.50870156,1
Kings,Magic,2026-02-19,0.5609531,1,0.7217302,1
Spurs,Suns,2026-02-19,0.5958971,1,0.6907586,1
Clippers,Nuggets,2026-02-19,0.44529608,0,0.17232993,0
Bulls,Raptors,2026-02-19,0.68456084,1,0.533288,1
Knicks,Pistons,2026-02-19,0.6971356,1,0.7447616,1
Wizards,Pacers,2026-02-19,0.44533402,0,0.28717804,0
76ers,Hawks,2026-02-19,0.43305385,0,0.37035382,0
Cavaliers,Nets,2026-02-19,0.7669031,1,0.77386737,1
Hornets,Rockets,2026-02-19,0.36225843,0,0.23385511,0
Hornets,Cavaliers,2026-02-20,0.3286062,0,0.3644723,0
Wizards,Pacers,2026-02-20,0.44254544,0,0.28125843,0
Grizzlies,Jazz,2026-02-20,0.6497486,1,0.6706519,1
Hawks,Heat,2026-02-20,0.54475003,1,0.6646557,1
Timberwolves,Mavericks,2026-02-20,0.70140797,1,0.6722916,1
Pelicans,Bucks,2026-02-20,0.47703192,0,0.659882,1
Thunder,Nets,2026-02-20,0.8048285,1,0.8405531,1
Lakers,Clippers,2026-02-20,0.57167506,1,0.30796367,0
Trail Blazers,Nuggets,2026-02-20,0.5390394,1,0.34413192,0
Spurs,Kings,2026-02-21,0.60328555,1,0.71637654,1
Bulls,Pistons,2026-02-21,0.6064664,1,0.34501335,0
Knicks,Rockets,2026-02-21,0.5487177,1,0.5762856,1
Pelicans,76ers,2026-02-21,0.63100755,1,0.7584508,1
Suns,Magic,2026-02-21,0.5446249,1,0.20424388,0
Heat,Grizzlies,2026-02-21,0.67143905,1,0.9073911,1
Clippers,Magic,2026-02-22,0.552601,1,0.2452109,0
Suns,Trail Blazers,2026-02-22,0.56911457,1,0.42420352,0
Bulls,Knicks,2026-02-22,0.57147604,1,0.19995476,0
Lakers,Celtics,2026-02-22,0.48462042,0,0.25176173,0
Wizards,Hornets,2026-02-22,0.56097513,1,0.5266427,1
Timberwolves,76ers,2026-02-22,0.76663625,1,0.78857595,1
Warriors,Nuggets,2026-02-22,0.5205539,1,0.31526163,0
Bucks,Raptors,2026-02-22,0.68770444,1,0.6862521,1
Hawks,Nets,2026-02-22,0.7049086,1,0.89570504,1
Thunder,Cavaliers,2026-02-22,0.6006553,1,0.76061064,1
Pacers,Mavericks,2026-02-22,0.58478636,1,0.508376,1
Pistons,Spurs,2026-02-23,0.5706188,1,0.6616926,1
Grizzlies,Kings,2026-02-23,0.555644,1,0.62023896,1
Rockets,Jazz,2026-02-23,0.7430944,1,0.7467876,1
Pelicans,Warriors,2026-02-24,0.3920098,0,0.3688421,0
Trail Blazers,Timberwolves,2026-02-24,0.5199963,1,0.1927002,0
Lakers,Magic,2026-02-24,0.58382577,1,0.33028972,0
Suns,Celtics,2026-02-24,0.40683362,0,0.22935526,0
Bucks,Heat,2026-02-24,0.566549,1,0.44205528,0
Cavaliers,Knicks,2026-02-24,0.62644243,1,0.5579713,1
Raptors,Thunder,2026-02-24,0.3210687,0,0.2639817,0
Nets,Mavericks,2026-02-24,0.51637846,1,0.3016858,0
Hawks,Wizards,2026-02-24,0.7707204,1,0.7649823,1
Pacers,76ers,2026-02-24,0.67544645,1,0.7859724,1
Bulls,Hornets,2026-02-24,0.70416176,1,0.33013245,0
Pistons,Thunder,2026-02-25,0.39939895,0,0.34898305,0
Raptors,Spurs,2026-02-25,0.42267314,0,0.39844304,0
Grizzlies,Warriors,2026-02-25,0.55912066,1,0.5536054,1
Rockets,Kings,2026-02-25,0.71889,1,0.82852733,1
Bucks,Cavaliers,2026-02-25,0.5468126,1,0.7213979,1
Nuggets,Celtics,2026-02-25,0.52084637,1,0.7136735,1
Mavericks,Kings,2026-02-26,0.54035485,1,0.42732775,0
Clippers,Timberwolves,2026-02-26,0.5010189,1,0.13987254,0
Jazz,Pelicans,2026-02-26,0.602706,1,0.17587386,0
Suns,Lakers,2026-02-26,0.53528875,1,0.55621886,1
Bulls,Trail Blazers,2026-02-26,0.57732886,1,0.3524716,0
Magic,Rockets,2026-02-26,0.5061502,1,0.21386349,0
Nets,Spurs,2026-02-26,0.48704037,0,0.33656812,0
Hawks,Wizards,2026-02-26,0.7707204,1,0.7649823,1
76ers,Heat,2026-02-26,0.44037426,0,0.12613901,0
Pacers,Hornets,2026-02-26,0.7021586,1,0.7467717,1
Pistons,Cavaliers,2026-02-27,0.56234354,1,0.74344695,1
Celtics,Nets,2026-02-27,0.77322793,1,0.76349044,1
Bucks,Knicks,2026-02-27,0.5920643,1,0.44405577,0
Mavericks,Grizzlies,2026-02-27,0.5277043,1,0.556823,1
Thunder,Nuggets,2026-02-27,0.6360568,1,0.8029633,1
Hornets,Trail Blazers,2026-02-28,0.38857082,0,0.2708472,0
Heat,Rockets,2026-02-28,0.58818823,1,0.7151898,1
Wizards,Raptors,2026-02-28,0.55081284,1,0.2965141,0
Warriors,Lakers,2026-02-28,0.6929762,1,0.7383331,1
Jazz,Pelicans,2026-02-28,0.5960405,1,0.17576565,0
Magic,Pistons,2026-03-01,0.5612523,1,0.32723102,0
Celtics,76ers,2026-03-01,0.76099294,1,0.8820358,1
Clippers,Pelicans,2026-03-01,0.65301424,1,0.5897661,1
Mavericks,Thunder,2026-03-01,0.34400538,0,0.2461535,0
Hawks,Trail Blazers,2026-03-01,0.5723516,1,0.6883899,1
Lakers,Kings,2026-03-01,0.5286638,1,0.5204952,1
Nuggets,Timberwolves,2026-03-01,0.6151257,1,0.93895084,1
Bulls,Bucks,2026-03-01,0.52400243,1,0.45324913,0
Nets,Cavaliers,2026-03-01,0.37387347,0,0.3869984,0
Knicks,Spurs,2026-03-01,0.61464804,1,0.77240425,1
Pacers,Grizzlies,2026-03-01,0.6952333,1,0.8755209,1
Jazz,Nuggets,2026-03-02,0.43375364,0,0.100484215,0
Warriors,Clippers,2026-03-02,0.64157975,1,0.89678925,1
Wizards,Rockets,2026-03-02,0.3493138,0,0.09552257,0
Bucks,Celtics,2026-03-02,0.5789748,1,0.3957816,0
Kings,Suns,2026-03-03,0.5867223,1,0.82943547,1
Timberwolves,Grizzlies,2026-03-03,0.6885935,1,0.94322026,1
Bulls,Thunder,2026-03-03,0.37677556,0,0.16039829,0
76ers,Spurs,2026-03-03,0.51018786,1,0.38170382,0
Lakers,Pelicans,2026-03-03,0.6499326,1,0.4012292,0
Heat,Nets,2026-03-03,0.72783023,1,0.872907,1
Magic,Wizards,2026-03-03,0.76211673,1,0.81885374,1
Cavaliers,Pistons,2026-03-03,0.6566655,1,0.5742314,1
Hornets,Mavericks,2026-03-03,0.50518924,1,0.4101724,0
Raptors,Knicks,2026-03-03,0.4676213,0,0.17266156,0
Knicks,Thunder,2026-03-04,0.40976834,0,0.33382615,0
Celtics,Hornets,2026-03-04,0.78073454,1,0.81443506,1
76ers,Jazz,2026-03-04,0.57987815,1,0.56094205,1
Grizzlies,Trail Blazers,2026-03-04,0.5557661,1,0.8078456,1
Bucks,Hawks,2026-03-04,0.6196579,1,0.48833463,0
Clippers,Pacers,2026-03-04,0.53370285,1,0.20022099,0
Suns,Bulls,2026-03-05,0.5294286,1,0.5923281,1
Kings,Pelicans,2026-03-05,0.68715703,1,0.63229585,1
Nuggets,Lakers,2026-03-05,0.6845416,1,0.9484363,1
Spurs,Pistons,2026-03-05,0.5945097,1,0.4300384,0
Timberwolves,Raptors,2026-03-05,0.69296336,1,0.5544523,1
Rockets,Warriors,2026-03-05,0.6559272,1,0.64042604,1
Heat,Nets,2026-03-05,0.7180603,1,0.8729479,1
Wizards,Jazz,2026-03-05,0.4724969,0,0.459633,0
Magic,Mavericks,2026-03-05,0.6039783,1,0.4318172,0
Spurs,Clippers,2026-03-06,0.58750063,1,0.85835564,1
Suns,Pelicans,2026-03-06,0.6891903,1,0.7083011,1
Nuggets,Knicks,2026-03-06,0.6494671,1,0.7370485,1
Lakers,Pacers,2026-03-06,0.55499184,1,0.2746442,0
Hornets,Heat,2026-03-06,0.42064768,0,0.359386,0
Celtics,Mavericks,2026-03-06,0.6820863,1,0.5788617,1
Rockets,Trail Blazers,2026-03-06,0.71412975,1,0.74529433,1
Timberwolves,Magic,2026-03-07,0.6396083,1,0.8442159,1
Pistons,Nets,2026-03-07,0.7375123,1,0.81593144,1
Hawks,76ers,2026-03-07,0.69925076,1,0.79459924,1
Grizzlies,Clippers,2026-03-07,0.6247272,1,0.8516181,1
Bucks,Jazz,2026-03-07,0.6910582,1,0.73617387,1
Thunder,Warriors,2026-03-07,0.68769205,1,0.87444717,1
Spurs,Rockets,2026-03-08,0.42703122,0,0.32006645,0
Kings,Bulls,2026-03-08,0.5936891,1,0.69348466,1
Trail Blazers,Pacers,2026-03-08,0.5852882,1,0.562258,1
Suns,Hornets,2026-03-08,0.64119714,1,0.4262444,0
Bucks,Magic,2026-03-08,0.66612446,1,0.65411407,1
Lakers,Knicks,2026-03-08,0.5310117,1,0.20157306,0
Raptors,Mavericks,2026-03-08,0.4847259,0,0.42276582,0
Heat,Pistons,2026-03-08,0.6311329,1,0.7054671,1
Cavaliers,Celtics,2026-03-08,0.5392996,1,0.7682345,1
Pelicans,Wizards,2026-03-08,0.49536863,0,0.6725215,1
Cavaliers,76ers,2026-03-09,0.7617202,1,0.8773546,1
Nets,Grizzlies,2026-03-09,0.47428045,0,0.32742777,0
Thunder,Nuggets,2026-03-09,0.6241891,1,0.80177903,1
Jazz,Warriors,2026-03-09,0.4105937,0,0.14561081,0
Clippers,Knicks,2026-03-09,0.47399244,0,0.36552942,0
Lakers,Timberwolves,2026-03-10,0.5103077,1,0.15859812,0
Trail Blazers,Hornets,2026-03-10,0.68396795,1,0.3961378,0
Warriors,Bulls,2026-03-10,0.6086809,1,0.538684,1
Spurs,Celtics,2026-03-10,0.4312862,0,0.4852948,0
Bucks,Suns,2026-03-10,0.6315951,1,0.50705034,1
Kings,Pacers,2026-03-10,0.61899394,1,0.5162364,1
Hawks,Mavericks,2026-03-10,0.633414,1,0.5427869,1
Heat,Wizards,2026-03-10,0.77715915,1,0.96266437,1
Nets,Pistons,2026-03-10,0.4271553,0,0.29576683,0
76ers,Grizzlies,2026-03-10,0.4733315,0,0.27502102,0
Rockets,Raptors,2026-03-10,0.774735,1,0.7089143,1
Magic,Cavaliers,2026-03-11,0.4544794,0,0.54549104,1
Pelicans,Raptors,2026-03-11,0.5108951,1,0.51642,1
Jazz,Knicks,2026-03-11,0.41543046,0,0.014569216,0
Nuggets,Rockets,2026-03-11,0.5708982,1,0.5419378,1
Kings,Hornets,2026-03-11,0.63427895,1,0.36983892,0
Clippers,Timberwolves,2026-03-11,0.4715466,0,0.1401281,0
Lakers,Bulls,2026-03-12,0.5915415,1,0.5319664,1
Thunder,Celtics,2026-03-12,0.72049785,1,0.76769936,1
Spurs,Nuggets,2026-03-12,0.5190843,1,0.50402725,1
Heat,Bucks,2026-03-12,0.5825114,1,0.9014567,1
Pistons,76ers,2026-03-12,0.7097964,1,0.7867863,1
Magic,Wizards,2026-03-12,0.75526506,1,0.8175998,1
Pacers,Suns,2026-03-12,0.59143996,1,0.6163391,1
Hawks,Nets,2026-03-12,0.7049086,1,0.89570504,1
Warriors,Timberwolves,2026-03-13,0.5845339,1,0.51944387,1
Clippers,Bulls,2026-03-13,0.5486354,1,0.5210462,1
Trail Blazers,Jazz,2026-03-13,0.63008714,1,0.5321144,1
Mavericks,Cavaliers,2026-03-13,0.4169202,0,0.4336717,0
Pistons,Grizzlies,2026-03-13,0.5739598,1,0.7322507,1
Raptors,Suns,2026-03-13,0.44892755,0,0.29288846,0
Rockets,Pelicans,2026-03-13,0.823352,1,0.792117,1
Pacers,Knicks,2026-03-13,0.5600569,1,0.5457175,1
76ers,Nets,2026-03-14,0.55114347,1,0.4558465,0
Hawks,Bucks,2026-03-14,0.5514509,1,0.81591076,1
Celtics,Wizards,2026-03-14,0.8106816,1,0.8972981,1
Heat,Magic,2026-03-14,0.65103835,1,0.7956808,1
Spurs,Hornets,2026-03-14,0.6509402,1,0.85258764,1
Lakers,Nuggets,2026-03-14,0.4650672,0,0.28583023,0
Clippers,Kings,2026-03-14,0.51164687,1,0.3845104,0
Cavaliers,Mavericks,2026-03-15,0.7254395,1,0.5994986,1
Thunder,Timberwolves,2026-03-15,0.7085449,1,0.84360397,1
Raptors,Pistons,2026-03-15,0.39563742,0,0.562994,1
Bucks,Pacers,2026-03-15,0.64586246,1,0.47825652,0
76ers,Trail Blazers,2026-03-15,0.5125341,1,0.36677152,0
Knicks,Warriors,2026-03-15,0.61707276,1,0.6782743,1
Kings,Jazz,2026-03-15,0.6704613,1,0.82353324,1
Rockets,Lakers,2026-03-16,0.6799561,1,0.74739516,1
Nets,Trail Blazers,2026-03-16,0.42750055,0,0.34765247,0
Clippers,Spurs,2026-03-16,0.5495027,1,0.46624598,0
Pelicans,Mavericks,2026-03-16,0.41203374,0,0.41940102,0
Wizards,Warriors,2026-03-16,0.36193806,0,0.25411323,0
Celtics,Suns,2026-03-16,0.71422285,1,0.6516228,1
Hawks,Magic,2026-03-16,0.581809,1,0.75483394,1
Bulls,Grizzlies,2026-03-16,0.6021635,1,0.4454418,0
Hornets,Heat,2026-03-17,0.42599463,0,0.35781598,0
Magic,Thunder,2026-03-17,0.35180998,0,0.13751592,0
Wizards,Pistons,2026-03-17,0.3837801,0,0.41638803,0
Knicks,Pacers,2026-03-17,0.6824661,1,0.68852913,1
Bucks,Cavaliers,2026-03-17,0.5484724,1,0.7206625,1
Timberwolves,Suns,2026-03-17,0.69113594,1,0.874372,1
Nuggets,76ers,2026-03-17,0.7911187,1,0.8359134,1
Kings,Spurs,2026-03-17,0.5930264,1,0.5297992,1
Timberwolves,Jazz,2026-03-18,0.7003324,1,0.81624925,1
Mavericks,Hawks,2026-03-18,0.48339742,0,0.36399007,0
Pelicans,Clippers,2026-03-18,0.44466233,0,0.60501647,1
Rockets,Lakers,2026-03-18,0.6630274,1,0.7471763,1
Grizzlies,Knicks,2026-03-18,0.5446458,1,0.41697302,0
Pacers,Trail Blazers,2026-03-18,0.49859592,0,0.63230395,1
Nets,Thunder,2026-03-18,0.2678223,0,0.09619538,0
Celtics,Warriors,2026-03-18,0.7038701,1,0.57121795,1
Bulls,Raptors,2026-03-18,0.6742725,1,0.53882444,1
Jazz,Bucks,2026-03-19,0.47065207,0,0.1509481,0
Spurs,Suns,2026-03-19,0.5899884,1,0.7066204,1
Pelicans,Clippers,2026-03-19,0.44105822,0,0.603865,1
Kings,76ers,2026-03-19,0.6945903,1,0.7126188,1
Heat,Lakers,2026-03-19,0.65298223,1,0.93315905,1
Wizards,Pistons,2026-03-19,0.39074174,0,0.41789818,0
Hornets,Magic,2026-03-19,0.4150198,0,0.38492367,0
Bulls,Cavaliers,2026-03-19,0.5240134,1,0.40108636,0
Nets,Knicks,2026-03-20,0.4642196,0,0.18192974,0
Pistons,Warriors,2026-03-20,0.5584907,1,0.59783274,1
Rockets,Hawks,2026-03-20,0.6689978,1,0.726378,1
Grizzlies,Celtics,2026-03-20,0.409105,0,0.5867435,1
Timberwolves,Trail Blazers,2026-03-20,0.61252326,1,0.6944155,1
Nuggets,Raptors,2026-03-20,0.8042869,1,0.93051916,1
Spurs,Pacers,2026-03-21,0.54086524,1,0.47290003,0
Suns,Bucks,2026-03-21,0.58528763,1,0.61793053,1
Jazz,76ers,2026-03-21,0.6308691,1,0.27985585,0
Mavericks,Clippers,2026-03-21,0.55504143,1,0.6682901,1
Rockets,Heat,2026-03-21,0.6512238,1,0.5792773,1
Wizards,Thunder,2026-03-21,0.28770936,0,0.20880692,0
Pelicans,Cavaliers,2026-03-21,0.37504783,0,0.61340415,1
Magic,Lakers,2026-03-21,0.6122697,1,0.6829743,1
Hornets,Grizzlies,2026-03-21,0.44144675,0,0.568794,1
Hawks,Warriors,2026-03-21,0.52430314,1,0.7147636,1
Nuggets,Trail Blazers,2026-03-22,0.6948239,1,0.9094978,1
Kings,Nets,2026-03-22,0.6614438,1,0.7038302,1
Knicks,Wizards,2026-03-22,0.79086614,1,0.93394333,1
Celtics,Timberwolves,2026-03-22,0.66024387,1,0.5370475,1
Suns,Raptors,2026-03-22,0.7102157,1,0.6353203,1
Clippers,Bucks,2026-03-23,0.5305471,1,0.45660794,0
Trail Blazers,Nets,2026-03-23,0.62382853,1,0.6325042,1
Mavericks,Warriors,2026-03-23,0.44769403,0,0.3336308,0
Jazz,Raptors,2026-03-23,0.61319077,1,0.18190086,0
Bulls,Rockets,2026-03-23,0.4776949,0,0.1533194,0
76ers,Thunder,2026-03-23,0.23840116,0,0.04927265,0
Magic,Pacers,2026-03-23,0.60897565,1,0.35483608,0
Pistons,Lakers,2026-03-23,0.6532361,1,0.9275931,1
Hawks,Grizzlies,2026-03-23,0.71592706,1,0.81318736,1
Heat,Spurs,2026-03-23,0.6058037,1,0.7694504,1
Hornets,Kings,2026-03-24,0.49825191,0,0.4364229,0
Knicks,Pelicans,2026-03-24,0.7176024,1,0.7699353,1
Cavaliers,Magic,2026-03-24,0.6864348,1,0.85611016,1
Suns,Nuggets,2026-03-24,0.4853079,0,0.23566107,0
Trail Blazers,Bucks,2026-03-25,0.45574754,0,0.318646,0
Warriors,Nets,2026-03-25,0.7029837,1,0.4033238,0
Nuggets,Mavericks,2026-03-25,0.69017047,1,0.71383774,1
Timberwolves,Rockets,2026-03-25,0.51554084,1,0.7798604,1
Jazz,Wizards,2026-03-25,0.6442001,1,0.28266075,0
76ers,Bulls,2026-03-25,0.5567145,1,0.39137247,0
Cavaliers,Heat,2026-03-25,0.6376369,1,0.63284814,1
Celtics,Thunder,2026-03-25,0.5457538,1,0.39445713,0
Clippers,Raptors,2026-03-25,0.6427318,1,0.600565,1
Pacers,Lakers,2026-03-25,0.568639,1,0.77597463,1
Pistons,Hawks,2026-03-25,0.641414,1,0.5577449,1
Grizzlies,Spurs,2026-03-25,0.5517431,1,0.52811927,1
Magic,Kings,2026-03-26,0.58212423,1,0.45986408,0
Pistons,Pelicans,2026-03-26,0.62872636,1,0.7133781,1
Hornets,Knicks,2026-03-26,0.38115746,0,0.30141404,0
Trail Blazers,Mavericks,2026-03-27,0.57465905,1,0.39342844,0
Warriors,Wizards,2026-03-27,0.7616698,1,0.58870983,1
Nuggets,Jazz,2026-03-27,0.7602621,1,0.9718877,1
Raptors,Pelicans,2026-03-27,0.6573398,1,0.49246514,0
Lakers,Nets,2026-03-27,0.6772476,1,0.42468157,0
Grizzlies,Rockets,2026-03-27,0.44367236,0,0.4178672,0
Cavaliers,Heat,2026-03-27,0.63358486,1,0.6327014,1
Celtics,Hawks,2026-03-27,0.72424674,1,0.6869558,1
Pacers,Clippers,2026-03-27,0.64661556,1,0.8198372,1
Thunder,Bulls,2026-03-27,0.78740597,1,0.89236087,1
Bucks,Spurs,2026-03-28,0.6297579,1,0.7003028,1
Hornets,76ers,2026-03-28,0.54858583,1,0.6158143,1
Hawks,Kings,2026-03-28,0.69035006,1,0.8173722,1
Grizzlies,Bulls,2026-03-28,0.5790437,1,0.79647493,1
Timberwolves,Pistons,2026-03-28,0.66765577,1,0.79177827,1
Suns,Jazz,2026-03-28,0.630771,1,0.7730716,1
Pelicans,Rockets,2026-03-29,0.34966037,0,0.32613683,0
Nuggets,Warriors,2026-03-29,0.6862944,1,0.73249245,1
Thunder,Knicks,2026-03-29,0.7573477,1,0.6997962,1
Trail Blazers,Wizards,2026-03-29,0.71857584,1,0.7843691,1
Pacers,Heat,2026-03-29,0.62502223,1,0.5417974,1
Hornets,Celtics,2026-03-29,0.38109118,0,0.47796047,0
Nets,Kings,2026-03-29,0.5423878,1,0.50294715,1
Raptors,Magic,2026-03-29,0.50722384,1,0.46401697,0
Bucks,Clippers,2026-03-29,0.63291144,1,0.78789777,1
Lakers,Wizards,2026-03-30,0.6931594,1,0.49751595,0
Jazz,Cavaliers,2026-03-30,0.4049043,0,0.11661341,0
Mavericks,Timberwolves,2026-03-30,0.4569465,0,0.24147156,0
Thunder,Pistons,2026-03-30,0.751629,1,0.79641086,1
Grizzlies,Suns,2026-03-30,0.6204202,1,0.5842395,1
Hawks,Celtics,2026-03-30,0.46745995,0,0.5778618,1
Heat,76ers,2026-03-30,0.75153387,1,0.9220117,1
Spurs,Bulls,2026-03-30,0.638913,1,0.7225851,1
Magic,Suns,2026-03-31,0.59330034,1,0.33074373,0
Nets,Hornets,2026-03-31,0.6286886,1,0.42968932,0
Pistons,Raptors,2026-03-31,0.78069913,1,0.7939381,1
Rockets,Knicks,2026-03-31,0.604388,1,0.4972133,0
Lakers,Cavaliers,2026-03-31,0.4796947,0,0.38721424,0
Clippers,Trail Blazers,2026-03-31,0.43945292,0,0.48074383,0
Grizzlies,Mavericks,2026-04-01,0.5310047,1,0.45915446,0
Warriors,Spurs,2026-04-01,0.60875684,1,0.47139716,0
Jazz,Nuggets,2026-04-01,0.42858765,0,0.09976493,0
Rockets,Bucks,2026-04-01,0.6370194,1,0.70275116,1
Wizards,76ers,2026-04-01,0.5805204,1,0.5339432,1
Raptors,Kings,2026-04-01,0.44718817,0,0.43510592,0
Magic,Hawks,2026-04-01,0.6279271,1,0.44399273,0
Heat,Celtics,2026-04-01,0.44141188,0,0.6137382,1
Bulls,Pacers,2026-04-01,0.6283267,1,0.29458565,0
Hornets,Suns,2026-04-02,0.49043453,0,0.4876398,0
Pistons,Timberwolves,2026-04-02,0.4775233,0,0.45705318,0
Thunder,Lakers,2026-04-02,0.78012127,1,0.94958234,1
Warriors,Cavaliers,2026-04-02,0.5600183,1,0.6810198,1
Trail Blazers,Pelicans,2026-04-02,0.66154,1,0.5463237,1
Clippers,Spurs,2026-04-02,0.5495027,1,0.46738133,0
Bucks,Celtics,2026-04-03,0.5931105,1,0.3957411,0
Mavericks,Magic,2026-04-03,0.56810147,1,0.43509585,0
Kings,Pelicans,2026-04-03,0.6865674,1,0.6331494,1
Grizzlies,Raptors,2026-04-03,0.64716756,1,0.7533599,1
76ers,Timberwolves,2026-04-03,0.37476367,0,0.061150424,0
Knicks,Bulls,2026-04-03,0.65021175,1,0.8853313,1
Nets,Hawks,2026-04-03,0.5159932,1,0.2227342,0
Hornets,Pacers,2026-04-03,0.43848997,0,0.32058844,0
Rockets,Jazz,2026-04-03,0.74339396,1,0.74754447,1
Heat,Wizards,2026-04-04,0.7882653,1,0.9620743,1
Nuggets,Spurs,2026-04-04,0.619211,1,0.8257843,1
76ers,Pistons,2026-04-04,0.5312926,1,0.24635771,0
Kings,Clippers,2026-04-05,0.59206516,1,0.6541118,1
Mavericks,Lakers,2026-04-05,0.54395896,1,0.57406867,1
Thunder,Jazz,2026-04-05,0.799861,1,0.8530173,1
Pelicans,Magic,2026-04-05,0.39055756,0,0.33728877,0
Timberwolves,Hornets,2026-04-05,0.7132287,1,0.6804497,1
Warriors,Rockets,2026-04-05,0.5301021,1,0.54384375,1
Bucks,Grizzlies,2026-04-05,0.5894847,1,0.58925986,1
Bulls,Suns,2026-04-05,0.5919688,1,0.4619562,0
Nets,Wizards,2026-04-05,0.67046493,1,0.698696,1
Celtics,Raptors,2026-04-05,0.79366046,1,0.64464515,1
Cavaliers,Pacers,2026-04-05,0.69327116,1,0.6922077,1
Hawks,Knicks,2026-04-06,0.5620237,1,0.41724128,0
Magic,Pistons,2026-04-06,0.5463036,1,0.32485458,0
Grizzlies,Cavaliers,2026-04-06,0.41094452,0,0.6310882,1
Spurs,76ers,2026-04-06,0.7144151,1,0.6498654,1
Nuggets,Trail Blazers,2026-04-06,0.6721335,1,0.9082315,1
Suns,Rockets,2026-04-07,0.45772934,0,0.18599713,0
Clippers,Mavericks,2026-04-07,0.55633926,1,0.4308294,0
Lakers,Thunder,2026-04-07,0.43245205,0,0.2563979,0
Warriors,Kings,2026-04-07,0.6308855,1,0.60659534,1
Pelicans,Jazz,2026-04-07,0.49607533,0,0.5511153,1
Celtics,Hornets,2026-04-07,0.7809394,1,0.81431764,1
Raptors,Heat,2026-04-07,0.4339132,0,0.44146314,0
Nets,Bucks,2026-04-07,0.42856947,0,0.35188004,0
Wizards,Bulls,2026-04-07,0.508507,1,0.3503712,0
Pacers,Timberwolves,2026-04-07,0.5710556,1,0.5067226,1
Suns,Mavericks,2026-04-08,0.63022345,1,0.58613026,1
Clippers,Thunder,2026-04-08,0.39997852,0,0.31640935,0
Spurs,Trail Blazers,2026-04-08,0.55540985,1,0.7482968,1
Nuggets,Grizzlies,2026-04-08,0.71494865,1,0.95432967,1
Magic,Timberwolves,2026-04-08,0.5741441,1,0.6018658,1
Cavaliers,Hawks,2026-04-08,0.69145197,1,0.63555187,1
Pistons,Bucks,2026-04-08,0.5603426,1,0.82378334,1
Raptors,Heat,2026-04-09,0.43564087,0,0.4420791,0
Wizards,Bulls,2026-04-09,0.508507,1,0.3503712,0
Nets,Pacers,2026-04-09,0.4907607,0,0.25108534,0
Knicks,Celtics,2026-04-09,0.5288104,1,0.7985786,1
Rockets,76ers,2026-04-09,0.75153387,1,0.82086897,1
Warriors,Lakers,2026-04-09,0.6825687,1,0.738191,1
Lakers,Suns,2026-04-10,0.6269798,1,0.31013188,0
Kings,Warriors,2026-04-10,0.5121311,1,0.7172601,1
Trail Blazers,Clippers,2026-04-10,0.64536256,1,0.6461659,1
Nuggets,Thunder,2026-04-10,0.5482214,1,0.77256763,1
Spurs,Mavericks,2026-04-10,0.6536108,1,0.5477047,1
Bucks,Nets,2026-04-10,0.70742357,1,0.5802367,1
Rockets,Timberwolves,2026-04-10,0.62477756,1,0.5751561,1
Jazz,Grizzlies,2026-04-10,0.49540964,0,0.38663316,0
Knicks,Raptors,2026-04-10,0.6675529,1,0.7145302,1
Pacers,76ers,2026-04-10,0.6685835,1,0.7853341,1
Celtics,Pelicans,2026-04-10,0.8310762,1,0.8124796,1
Hawks,Cavaliers,2026-04-10,0.5056475,1,0.8703263,1
Wizards,Heat,2026-04-10,0.3567828,0,0.19985788,0
Hornets,Pistons,2026-04-10,0.46159914,0,0.5482006,1
Bulls,Magic,2026-04-10,0.54590017,1,0.23133329,0
Lakers,Jazz,2026-04-12,0.5715826,1,0.4508987,0
Spurs,Nuggets,2026-04-12,0.51922405,1,0.50247353,1
Thunder,Suns,2026-04-12,0.7666212,1,0.8130467,1
Timberwolves,Pelicans,2026-04-12,0.7910191,1,0.7880057,1
Rockets,Grizzlies,2026-04-12,0.71249694,1,0.81655127,1
Mavericks,Bulls,2026-04-12,0.5799065,1,0.76963687,1
Heat,Hawks,2026-04-12,0.648948,1,0.6786567,1
76ers,Bucks,2026-04-12,0.43601593,0,0.3281064,0
Knicks,Hornets,2026-04-12,0.7500934,1,0.75470006,1
Pacers,Pistons,2026-04-12,0.583497,1,0.6244464,1
Cavaliers,Wizards,2026-04-12,0.8005347,1,0.9124731,1
Celtics,Magic,2026-04-12,0.69462097,1,0.6624421,1
Clippers,Warriors,2026-04-12,0.48576164,0,0.24823773,0
Raptors,Nets,2026-04-12,0.5497984,1,0.6586523,1
Trail Blazers,Kings,2026-04-12,0.5973535,1,0.48691326,0
