hometeamname,awayteamname,gamedate,home_team_win_pred_nn,probability_home_team_win_nn,home_team_win_pred_xgb,probability_home_team_win_xgb
Knicks,76ers,2025-10-02 00:00:00,1,0.6886052,1,0.66656774
Lakers,Suns,2025-10-03 00:00:00,0,0.27485844,1,0.5998336
76ers,Knicks,2025-10-04 00:00:00,0,0.2812781,0,0.440899
Heat,Magic,2025-10-04 00:00:00,1,0.5505485,1,0.6626244
Nuggets,Timberwolves,2025-10-04 00:00:00,1,0.58561695,1,0.6605372
Warriors,Lakers,2025-10-05 00:00:00,1,0.83799976,1,0.6562474
Hornets,Thunder,2025-10-05 00:00:00,0,0.29232877,0,0.3558334
Heat,Bucks,2025-10-06 00:00:00,1,0.6480515,1,0.57164454
Rockets,Hawks,2025-10-06 00:00:00,1,0.6201123,1,0.6696547
Grizzlies,Pistons,2025-10-06 00:00:00,1,0.5451025,1,0.59548867
Mavericks,Thunder,2025-10-06 00:00:00,0,0.17272326,0,0.31877065
Raptors,Nuggets,2025-10-06 00:00:00,0,0.25353444,0,0.37375176
Cavaliers,Bulls,2025-10-07 00:00:00,1,0.7182761,1,0.684789
Timberwolves,Pacers,2025-10-07 00:00:00,1,0.6606917,1,0.63496244
Grizzlies,Celtics,2025-10-08 00:00:00,1,0.50482285,0,0.4069457
Rockets,Jazz,2025-10-08 00:00:00,1,0.80593616,1,0.71157545
Warriors,Trail Blazers,2025-10-08 00:00:00,1,0.67039967,1,0.5800638
Heat,Spurs,2025-10-08 00:00:00,1,0.51494735,1,0.5522713
Kings,Raptors,2025-10-08 00:00:00,1,0.55767083,1,0.6790839
Knicks,Timberwolves,2025-10-09 00:00:00,1,0.5810713,1,0.6126526
Bulls,Cavaliers,2025-10-09 00:00:00,0,0.38605118,0,0.48024353
Bucks,Pistons,2025-10-09 00:00:00,1,0.5253145,1,0.6059965
Thunder,Hornets,2025-10-09 00:00:00,1,0.79603636,1,0.79611653
Trail Blazers,Kings,2025-10-10 00:00:00,1,0.5998072,1,0.556014
Nets,Suns,2025-10-10,1,0.5420472,1,0.5715654
Raptors,Celtics,2025-10-10,0,0.23143749,0,0.35141
Spurs,Jazz,2025-10-10,1,0.7237574,1,0.6528305
76ers,Magic,2025-10-10,0,0.31260532,0,0.39991274
Grizzlies,Hawks,2025-10-11,1,0.59762776,1,0.54441816
Pacers,Thunder,2025-10-11,1,0.524753,0,0.48278707
Mavericks,Hornets,2025-10-11,1,0.536394,1,0.65094084
Bulls,Bucks,2025-10-12,0,0.4812424,0,0.47289038
Clippers,Nuggets,2025-10-12,1,0.5286248,0,0.46001503
Celtics,Cavaliers,2025-10-12,1,0.75191414,1,0.6502055
Wizards,Raptors,2025-10-12,0,0.42606834,1,0.5404874
Suns,Nets,2025-10-12,0,0.4742063,1,0.57481796
Lakers,Warriors,2025-10-12,0,0.2792703,1,0.5387957
Magic,Heat,2025-10-12,0,0.47250593,1,0.51645374
Hawks,Heat,2025-10-13,0,0.43478265,1,0.51362956
Pacers,Spurs,2025-10-13,1,0.67253196,1,0.58424735
Knicks,Wizards,2025-10-13,1,0.8595573,1,0.7794153
Jazz,Mavericks,2025-10-13,0,0.3581557,0,0.4947091
Trail Blazers,Warriors,2025-10-14,0,0.43318605,0,0.4197134
Pelicans,Rockets,2025-10-14,0,0.225073,0,0.35033098
Cavaliers,Pistons,2025-10-14,1,0.701414,1,0.6390381
Bucks,Thunder,2025-10-14,0,0.41753513,0,0.42170483
Nuggets,Bulls,2025-10-14,1,0.76020145,1,0.7311192
Suns,Lakers,2025-10-14,1,0.658296,1,0.55064994
Celtics,Raptors,2025-10-15,1,0.77311385,1,0.800301
Hornets,Grizzlies,2025-10-15,0,0.48532107,0,0.44388962
Lakers,Mavericks,2025-10-15,0,0.3374496,1,0.58377916
Kings,Clippers,2025-10-15,0,0.3342859,1,0.5744491
Bulls,Timberwolves,2025-10-16,0,0.33454704,0,0.49152872
Pistons,Wizards,2025-10-16,1,0.8080754,1,0.7552349
Magic,Pelicans,2025-10-16,1,0.72716874,1,0.75691396
Hawks,Rockets,2025-10-16,0,0.48087114,0,0.4638749
Jazz,Trail Blazers,2025-10-16,0,0.37791067,0,0.4401002
Heat,Grizzlies,2025-10-17,1,0.70538604,1,0.65451986
Lakers,Kings,2025-10-17,0,0.40388656,1,0.5961112
Raptors,Nets,2025-10-17,1,0.585497,0,0.47244325
Knicks,Hornets,2025-10-17,1,0.6805389,1,0.72611314
Thunder,Nuggets,2025-10-17,1,0.5986792,1,0.6520872
Spurs,Pacers,2025-10-17,1,0.6123238,1,0.56644493
Warriors,Clippers,2025-10-17,0,0.34717372,1,0.61877584
76ers,Timberwolves,2025-10-17,0,0.27639356,0,0.35232347
Lakers,Warriors,2025-10-21,0,0.27947846,1,0.5355351
Thunder,Rockets,2025-10-21,1,0.6130798,1,0.62928265
Jazz,Clippers,2025-10-22,0,0.24879345,0,0.4507492
Bucks,Wizards,2025-10-22,1,0.7324691,1,0.72576594
Trail Blazers,Timberwolves,2025-10-22,0,0.42690098,0,0.47461075
Suns,Kings,2025-10-22,1,0.52185285,1,0.60268307
Bulls,Pistons,2025-10-22,0,0.40775436,1,0.5001256
Grizzlies,Pelicans,2025-10-22,1,0.7775271,1,0.73473185
Hawks,Raptors,2025-10-22,1,0.6297481,1,0.65351737
Celtics,76ers,2025-10-22,1,0.71154416,1,0.75777555
Magic,Heat,2025-10-22,0,0.47129622,1,0.5124655
Hornets,Nets,2025-10-22,1,0.7388581,0,0.49688292
Mavericks,Spurs,2025-10-22,1,0.6057052,1,0.52009284
Knicks,Cavaliers,2025-10-22,1,0.713165,1,0.5894188
Pacers,Thunder,2025-10-23,1,0.5244429,0,0.48278707
Warriors,Nuggets,2025-10-23,0,0.33577245,1,0.5082177
Kings,Jazz,2025-10-24,1,0.7480113,1,0.614339
Trail Blazers,Warriors,2025-10-24,0,0.43377408,0,0.43982086
Mavericks,Wizards,2025-10-24,1,0.7196468,1,0.6870671
Pelicans,Spurs,2025-10-24,0,0.4606966,0,0.46572268
Grizzlies,Heat,2025-10-24,1,0.5604069,1,0.51139766
Clippers,Suns,2025-10-24,1,0.74159765,1,0.60922074
Raptors,Bucks,2025-10-24,0,0.49187958,0,0.40990975
Nets,Cavaliers,2025-10-24,0,0.41887346,0,0.3573872
Magic,Hawks,2025-10-24,1,0.56497073,1,0.6357167
Lakers,Timberwolves,2025-10-24,0,0.2793724,0,0.47419307
Knicks,Celtics,2025-10-24,1,0.53616416,1,0.50267524
Rockets,Pistons,2025-10-24,1,0.59905285,1,0.6105704
Magic,Bulls,2025-10-25,1,0.5753375,1,0.5956689
Hawks,Thunder,2025-10-25,0,0.33683908,0,0.37475958
76ers,Hornets,2025-10-25,0,0.36484873,1,0.5496446
Grizzlies,Pacers,2025-10-25,1,0.5941912,1,0.5262267
Nuggets,Suns,2025-10-25,1,0.78668946,1,0.6855664
Kings,Lakers,2025-10-26,1,0.8274113,1,0.56433386
Clippers,Trail Blazers,2025-10-26,1,0.7453505,0,0.4879886
Mavericks,Raptors,2025-10-26,1,0.5360168,1,0.6748853
Timberwolves,Pacers,2025-10-26,1,0.7004887,1,0.6256013
Pistons,Celtics,2025-10-26,0,0.3644251,0,0.46158636
Heat,Knicks,2025-10-26,1,0.6277449,1,0.59500116
Cavaliers,Bucks,2025-10-26,1,0.706429,1,0.6421915
Spurs,Nets,2025-10-26,1,0.74864686,1,0.61980116
Wizards,Hornets,2025-10-26,0,0.33370477,1,0.56801593
Lakers,Trail Blazers,2025-10-27,0,0.3494305,1,0.5721067
Warriors,Grizzlies,2025-10-27,0,0.4960862,1,0.6204891
Jazz,Suns,2025-10-27,0,0.35676602,1,0.5363804
Mavericks,Thunder,2025-10-27,0,0.19400834,0,0.3040096
Pelicans,Celtics,2025-10-27,0,0.19502245,0,0.33954445
Spurs,Raptors,2025-10-27,1,0.6606642,1,0.7061333
Bulls,Hawks,2025-10-27,0,0.34882912,1,0.5563334
76ers,Magic,2025-10-27,0,0.31390417,0,0.40032703
Timberwolves,Nuggets,2025-10-27,1,0.7192061,1,0.6138033
Pistons,Cavaliers,2025-10-27,1,0.55999076,1,0.53439283
Rockets,Nets,2025-10-27,1,0.8073234,1,0.7355105
Wizards,76ers,2025-10-28,1,0.52645546,1,0.58489066
Heat,Hornets,2025-10-28,1,0.70420444,1,0.7268566
Bucks,Knicks,2025-10-28,0,0.35822335,1,0.6256374
Thunder,Kings,2025-10-28,1,0.75019854,1,0.72289073
Warriors,Clippers,2025-10-28,0,0.3475786,1,0.61285263
Suns,Grizzlies,2025-10-29,0,0.38530502,1,0.5298825
Timberwolves,Lakers,2025-10-29,1,0.922227,1,0.7267118
Jazz,Trail Blazers,2025-10-29,0,0.37849498,0,0.4353103
Nuggets,Pelicans,2025-10-29,1,0.8090696,1,0.7635839
Mavericks,Pacers,2025-10-29,0,0.43005234,1,0.51201063
Celtics,Cavaliers,2025-10-29,1,0.7518895,1,0.65202254
Raptors,Rockets,2025-10-29,0,0.341828,0,0.40181544
Nets,Hawks,2025-10-29,0,0.3673481,1,0.52584046
Pistons,Magic,2025-10-29,1,0.5108719,1,0.6704053
Bulls,Kings,2025-10-29,1,0.5368482,1,0.5567888
Spurs,Heat,2025-10-30,1,0.63116014,1,0.55395293
Thunder,Wizards,2025-10-30,1,0.90335923,1,0.8154396
Hornets,Magic,2025-10-30,1,0.62231565,0,0.42951578
Bucks,Warriors,2025-10-30,1,0.5200291,1,0.60247755
Pacers,Hawks,2025-10-31,1,0.6563378,1,0.58614963
76ers,Celtics,2025-10-31,0,0.31152278,0,0.32582697
Cavaliers,Raptors,2025-10-31,1,0.81636083,1,0.80930215
Bulls,Knicks,2025-10-31,0,0.25121596,1,0.51547045
Grizzlies,Lakers,2025-10-31,1,0.89725757,1,0.63763696
Suns,Jazz,2025-10-31,1,0.75264794,1,0.56681395
Trail Blazers,Nuggets,2025-10-31,0,0.46724454,0,0.4316586
Clippers,Pelicans,2025-10-31,1,0.7518449,1,0.65365356
Bucks,Kings,2025-11-01,1,0.65319014,1,0.6552428
Hornets,Timberwolves,2025-11-01,0,0.30934578,0,0.3739869
Pacers,Warriors,2025-11-01,1,0.67119145,1,0.55303437
Wizards,Magic,2025-11-01,0,0.32147652,0,0.4333692
Celtics,Rockets,2025-11-01,1,0.6884772,1,0.6491576
Pistons,Mavericks,2025-11-01,1,0.55291784,1,0.62011003
Suns,Spurs,2025-11-02,1,0.5336709,1,0.5463012
Knicks,Bulls,2025-11-02,1,0.7552022,1,0.621968
Lakers,Heat,2025-11-02,0,0.33720464,1,0.55033153
Raptors,Grizzlies,2025-11-02,0,0.42051136,0,0.42030093
Thunder,Pelicans,2025-11-02,1,0.8674136,1,0.8467286
Hornets,Jazz,2025-11-02,1,0.7621889,1,0.5476072
Cavaliers,Hawks,2025-11-02,1,0.702137,1,0.6857345
Nets,76ers,2025-11-02,1,0.6160768,1,0.58729225
Nets,Timberwolves,2025-11-03,0,0.28345537,0,0.3759153
Pacers,Bucks,2025-11-03,1,0.6447325,1,0.5712243
Celtics,Jazz,2025-11-03,1,0.80575705,1,0.7105871
Knicks,Wizards,2025-11-03,1,0.8594708,1,0.76348066
Rockets,Mavericks,2025-11-03,1,0.6798775,1,0.64801705
Grizzlies,Pistons,2025-11-03,1,0.51578283,1,0.6213743
Nuggets,Kings,2025-11-03,1,0.75227547,1,0.6868932
Trail Blazers,Lakers,2025-11-03,1,0.8172196,1,0.62695813
Clippers,Heat,2025-11-03,1,0.60357606,1,0.51536965
Clippers,Thunder,2025-11-04,1,0.55660886,0,0.44790623
Pelicans,Hornets,2025-11-04,0,0.2902179,1,0.5290973
Warriors,Suns,2025-11-04,1,0.6524683,1,0.63285995
Hawks,Magic,2025-11-04,1,0.5558119,1,0.58879507
Raptors,Bucks,2025-11-04,0,0.4923044,0,0.41701332
Bulls,76ers,2025-11-04,1,0.57489014,1,0.6330141
Pistons,Jazz,2025-11-05,1,0.7429666,1,0.64985824
Pacers,Nets,2025-11-05,1,0.7555473,1,0.70294416
Celtics,Wizards,2025-11-05,1,0.84921277,1,0.8027327
Knicks,Timberwolves,2025-11-05,1,0.58193743,1,0.6126526
Grizzlies,Rockets,2025-11-05,0,0.4794079,0,0.47301078
Mavericks,Pelicans,2025-11-05,1,0.6492648,1,0.6376239
Nuggets,Heat,2025-11-05,1,0.6232527,1,0.6930688
Lakers,Spurs,2025-11-05,0,0.36417508,1,0.5716852
Trail Blazers,Thunder,2025-11-05,0,0.40955895,0,0.31637636
Kings,Warriors,2025-11-05,0,0.45853648,1,0.5184481
Cavaliers,76ers,2025-11-05,1,0.7289772,1,0.7537735
Suns,Clippers,2025-11-06,0,0.29215133,1,0.54261374
Bucks,Bulls,2025-11-07,1,0.62088454,1,0.6625851
Nuggets,Warriors,2025-11-07,1,0.61944664,1,0.64561874
Grizzlies,Mavericks,2025-11-07,1,0.60478526,1,0.51175773
Kings,Thunder,2025-11-07,0,0.35593697,0,0.41469237
Heat,Hornets,2025-11-07,1,0.7042218,1,0.7180854
Timberwolves,Jazz,2025-11-07,1,0.8406205,1,0.7331556
Nets,Pistons,2025-11-07,0,0.42739022,0,0.4365878
Hawks,Raptors,2025-11-07,1,0.62983227,1,0.65351737
Spurs,Rockets,2025-11-07,1,0.6273924,0,0.46400237
Wizards,Cavaliers,2025-11-07,0,0.24535735,0,0.36213613
Magic,Celtics,2025-11-07,0,0.39498958,0,0.47896323
Clippers,Suns,2025-11-08,1,0.74159765,1,0.60922074
Spurs,Pelicans,2025-11-08,1,0.7515609,1,0.68459696
Heat,Trail Blazers,2025-11-08,1,0.65305793,1,0.5461905
Nuggets,Pacers,2025-11-08,1,0.6586824,1,0.6769431
Hawks,Lakers,2025-11-08,1,0.8917728,1,0.631849
76ers,Raptors,2025-11-08,1,0.51168525,1,0.5805149
Wizards,Mavericks,2025-11-08,0,0.30839783,0,0.3904126
Cavaliers,Bulls,2025-11-08,1,0.75942785,1,0.6899707
Bucks,Rockets,2025-11-09,0,0.48733842,1,0.573849
Knicks,Nets,2025-11-09,1,0.7949192,1,0.7004
Magic,Celtics,2025-11-09,0,0.39541945,0,0.47896323
Grizzlies,Thunder,2025-11-09,0,0.41063833,0,0.39112177
76ers,Pistons,2025-11-09,0,0.34734002,1,0.5052223
Warriors,Pacers,2025-11-09,0,0.47325483,1,0.558767
Kings,Timberwolves,2025-11-09,0,0.40741405,0,0.46121743
Suns,Pelicans,2025-11-10,1,0.62177396,1,0.62867147
Clippers,Hawks,2025-11-10,1,0.67641294,1,0.57030576
Jazz,Timberwolves,2025-11-10,0,0.34217176,0,0.42106235
Mavericks,Bucks,2025-11-10,0,0.4083425,0,0.49664664
Hornets,Lakers,2025-11-10,1,0.83665085,1,0.57226616
Heat,Cavaliers,2025-11-10,1,0.58621204,1,0.5688806
Magic,Trail Blazers,2025-11-10,1,0.5644797,1,0.51531166
Pistons,Wizards,2025-11-10,1,0.80800694,1,0.7520286
Bulls,Spurs,2025-11-10,0,0.43953127,1,0.55000645
Nets,Raptors,2025-11-11,1,0.51175475,1,0.58488524
Knicks,Grizzlies,2025-11-11,1,0.66442525,1,0.63356936
76ers,Celtics,2025-11-11,0,0.31171465,0,0.3221867
Thunder,Warriors,2025-11-11,1,0.7565851,1,0.6399532
Jazz,Pacers,2025-11-11,0,0.31833604,0,0.42094216
Kings,Nuggets,2025-11-11,0,0.37408015,1,0.5282183
Pelicans,Trail Blazers,2025-11-12,0,0.43298027,0,0.4652445
Kings,Hawks,2025-11-12,0,0.46895912,1,0.5477882
Thunder,Lakers,2025-11-12,1,0.93228775,1,0.76401097
Mavericks,Suns,2025-11-12,0,0.49202606,1,0.5580872
Spurs,Warriors,2025-11-12,1,0.6553641,0,0.4971769
Clippers,Nuggets,2025-11-12,1,0.5225675,0,0.46391615
Rockets,Wizards,2025-11-12,1,0.8442996,1,0.79115474
Celtics,Grizzlies,2025-11-12,1,0.6817851,1,0.75554824
Knicks,Magic,2025-11-12,1,0.677815,1,0.63184845
Pistons,Bulls,2025-11-12,1,0.605604,1,0.6513475
Hornets,Bucks,2025-11-12,1,0.5297079,0,0.4492811
Heat,Cavaliers,2025-11-12,1,0.58621204,1,0.5688806
Cavaliers,Raptors,2025-11-13,1,0.8164633,1,0.79885143
Suns,Pacers,2025-11-13,0,0.45381707,1,0.5282909
Jazz,Hawks,2025-11-13,0,0.4013258,0,0.48092973
Mavericks,Clippers,2025-11-14,0,0.41143054,1,0.5319349
Pelicans,Lakers,2025-11-14,1,0.7392456,0,0.4912899
Timberwolves,Kings,2025-11-14,1,0.68072957,1,0.65058833
Bucks,Hornets,2025-11-14,1,0.5140874,1,0.6705548
Spurs,Warriors,2025-11-14,1,0.65511584,0,0.4800627
Pistons,76ers,2025-11-14,1,0.6188426,1,0.7269648
Magic,Nets,2025-11-14,1,0.62953436,1,0.6667532
Knicks,Heat,2025-11-14,1,0.6741968,1,0.60205376
Rockets,Trail Blazers,2025-11-14,1,0.7015767,1,0.6989169
Cavaliers,Grizzlies,2025-11-15,1,0.7918293,1,0.7597853
Hornets,Thunder,2025-11-15,0,0.3589923,0,0.33599678
Pacers,Raptors,2025-11-15,1,0.64952004,1,0.66385674
Bucks,Lakers,2025-11-15,1,0.8453122,1,0.70577854
Timberwolves,Nuggets,2025-11-15,1,0.7191328,1,0.6138033
Jazz,Bulls,2025-11-16,0,0.47188517,0,0.49764007
Suns,Hawks,2025-11-16,0,0.47935098,1,0.54110557
Mavericks,Trail Blazers,2025-11-16,1,0.57635677,1,0.57100326
Pelicans,Warriors,2025-11-16,0,0.24379735,0,0.37881395
Celtics,Clippers,2025-11-16,1,0.52259105,1,0.7169801
Wizards,Nets,2025-11-16,0,0.42518374,0,0.49607927
Spurs,Kings,2025-11-16,1,0.7335808,1,0.6096121
Rockets,Magic,2025-11-16,1,0.7362033,1,0.6944115
Timberwolves,Mavericks,2025-11-17,1,0.7166513,1,0.6845673
Pelicans,Thunder,2025-11-17,0,0.21076256,0,0.302837
Raptors,Hornets,2025-11-17,0,0.33527958,0,0.49599296
Nuggets,Bulls,2025-11-17,1,0.7601061,1,0.74458504
76ers,Clippers,2025-11-17,0,0.23440412,0,0.48806548
Cavaliers,Bucks,2025-11-17,1,0.706429,1,0.6421915
Heat,Knicks,2025-11-17,1,0.6281446,1,0.5945063
Pistons,Pacers,2025-11-17,1,0.5347256,1,0.6062131
Magic,Warriors,2025-11-18,0,0.44562253,1,0.5799915
Nets,Celtics,2025-11-18,0,0.30492344,0,0.33626977
Hawks,Pistons,2025-11-18,1,0.5488507,1,0.55551684
Spurs,Grizzlies,2025-11-18,1,0.6425048,1,0.5894128
Lakers,Jazz,2025-11-18,0,0.4823712,1,0.5587224
Trail Blazers,Suns,2025-11-18,1,0.6184956,1,0.5958749
Pacers,Hornets,2025-11-19,1,0.62957823,1,0.6688426
Trail Blazers,Bulls,2025-11-19,1,0.6546774,1,0.57544786
Mavericks,Knicks,2025-11-19,0,0.4261243,0,0.46633658
Thunder,Kings,2025-11-19,1,0.7492589,1,0.7319817
Pelicans,Nuggets,2025-11-19,0,0.21565032,0,0.3467341
Cavaliers,Rockets,2025-11-19,1,0.5963091,1,0.52082175
76ers,Raptors,2025-11-19,1,0.51204044,1,0.57132035
Heat,Warriors,2025-11-19,1,0.54902864,1,0.6085631
Timberwolves,Wizards,2025-11-19,1,0.87301725,1,0.81849647
Bucks,76ers,2025-11-20,1,0.6627158,1,0.72602224
Spurs,Hawks,2025-11-20,1,0.6758219,1,0.55818695
Grizzlies,Kings,2025-11-20,1,0.63246715,1,0.5549214
Magic,Clippers,2025-11-20,0,0.28170785,1,0.5313588
Warriors,Trail Blazers,2025-11-21,1,0.6719427,1,0.6047307
Rockets,Nuggets,2025-11-21,1,0.55698013,1,0.5946598
Suns,Timberwolves,2025-11-21,0,0.34024167,0,0.48245838
Mavericks,Pelicans,2025-11-21,1,0.64911133,1,0.6369242
Jazz,Thunder,2025-11-21,0,0.20546463,0,0.31191865
Raptors,Wizards,2025-11-21,1,0.7470446,1,0.599725
Celtics,Nets,2025-11-21,1,0.74293983,1,0.7674665
Cavaliers,Pacers,2025-11-21,1,0.6691203,1,0.69469285
Bulls,Heat,2025-11-21,0,0.340571,1,0.5410069
Mavericks,Grizzlies,2025-11-22,0,0.46042228,1,0.50645196
Hornets,Clippers,2025-11-22,0,0.32991806,0,0.4750135
Magic,Knicks,2025-11-22,0,0.4168784,1,0.55358136
Pelicans,Hawks,2025-11-22,0,0.30172452,0,0.37476045
Bulls,Wizards,2025-11-22,1,0.64564115,1,0.6808401
Bucks,Pistons,2025-11-22,1,0.5249204,1,0.60582423
Nuggets,Kings,2025-11-22,1,0.75282466,1,0.66458726
Thunder,Trail Blazers,2025-11-23,1,0.77371466,1,0.74134976
Jazz,Lakers,2025-11-23,1,0.67684996,1,0.55109984
Raptors,Nets,2025-11-23,1,0.58810055,0,0.47666815
Suns,Spurs,2025-11-23,1,0.5336709,1,0.5463012
Celtics,Magic,2025-11-23,1,0.63647735,1,0.71449715
Hawks,Hornets,2025-11-23,1,0.60077655,1,0.65366364
Cavaliers,Clippers,2025-11-23,0,0.45122603,1,0.7106348
76ers,Heat,2025-11-23,0,0.30869302,0,0.4248459
Kings,Timberwolves,2025-11-24,0,0.40762982,0,0.45895275
Warriors,Jazz,2025-11-24,1,0.7473611,1,0.6608796
Suns,Rockets,2025-11-24,0,0.3730934,0,0.41336906
Bucks,Trail Blazers,2025-11-24,1,0.5167212,1,0.70618623
Pelicans,Bulls,2025-11-24,0,0.47709057,0,0.46844998
Heat,Mavericks,2025-11-24,1,0.64284176,1,0.6244617
Nets,Knicks,2025-11-24,0,0.26998422,0,0.4764284
Raptors,Cavaliers,2025-11-24,0,0.44737968,0,0.36314303
Pacers,Pistons,2025-11-24,1,0.63115084,1,0.54195434
Grizzlies,Nuggets,2025-11-24,0,0.46885163,0,0.4658331
Wizards,Hawks,2025-11-25,0,0.36327708,0,0.45714775
76ers,Magic,2025-11-25,0,0.31390417,0,0.40032703
Lakers,Clippers,2025-11-25,0,0.1384327,1,0.5117924
Warriors,Rockets,2025-11-26,0,0.39586112,1,0.50534725
Kings,Suns,2025-11-26,1,0.55342555,1,0.5916056
Trail Blazers,Spurs,2025-11-26,1,0.6115155,1,0.5641797
Pelicans,Grizzlies,2025-11-26,0,0.44060102,0,0.4237539
Heat,Bucks,2025-11-26,1,0.6556787,1,0.5895633
Raptors,Pacers,2025-11-26,0,0.43285114,0,0.46377283
Hornets,Knicks,2025-11-26,0,0.41981843,0,0.40371227
Celtics,Pistons,2025-11-26,1,0.7338605,1,0.6975267
Thunder,Timberwolves,2025-11-26,1,0.6636636,1,0.6691185
Clippers,Grizzlies,2025-11-28,1,0.62367195,1,0.5557178
Lakers,Mavericks,2025-11-28,0,0.3363224,1,0.5897685
Jazz,Kings,2025-11-28,1,0.5124165,0,0.49521375
Nuggets,Spurs,2025-11-28,1,0.7258855,1,0.6133762
Thunder,Suns,2025-11-28,1,0.88106054,1,0.7576981
Pacers,Wizards,2025-11-28,1,0.8335954,1,0.7449884
Pistons,Magic,2025-11-28,1,0.510989,1,0.66057545
Hornets,Bulls,2025-11-28,1,0.6356097,1,0.54966545
Nets,76ers,2025-11-28,1,0.61581004,1,0.58842164
Hawks,Cavaliers,2025-11-28,0,0.48941526,1,0.52261287
Knicks,Bucks,2025-11-28,1,0.69612896,1,0.5698745
Warriors,Pelicans,2025-11-29,1,0.7878325,1,0.73019874
Clippers,Mavericks,2025-11-29,1,0.5858871,1,0.5364414
Bucks,Nets,2025-11-29,1,0.6024407,1,0.7004825
Suns,Nuggets,2025-11-29,0,0.31643954,0,0.48438507
Pacers,Bulls,2025-11-29,1,0.7341678,1,0.5757796
Timberwolves,Celtics,2025-11-29,1,0.520152,1,0.5257624
Heat,Pistons,2025-11-29,1,0.63016486,1,0.61974865
Hornets,Raptors,2025-11-29,1,0.681074,1,0.5943133
Kings,Grizzlies,2025-11-30,1,0.5723688,1,0.5701994
Timberwolves,Spurs,2025-11-30,1,0.7793545,1,0.679812
Trail Blazers,Thunder,2025-11-30,0,0.4098081,0,0.31116644
Lakers,Pelicans,2025-11-30,0,0.42424658,1,0.60136825
Knicks,Raptors,2025-11-30,1,0.6786429,1,0.68205667
Cavaliers,Celtics,2025-11-30,1,0.54485357,1,0.5669605
Jazz,Rockets,2025-11-30,0,0.2838991,0,0.41002092
76ers,Hawks,2025-11-30,0,0.45677105,0,0.46651277
Pistons,Hawks,2025-12-01,0,0.44439825,1,0.6316377
Wizards,Bucks,2025-12-01,0,0.46365932,0,0.39911678
Nets,Hornets,2025-12-01,0,0.37341255,1,0.5852167
Heat,Clippers,2025-12-01,0,0.48343423,1,0.6128603
Magic,Bulls,2025-12-01,1,0.5757028,1,0.5997878
Nuggets,Mavericks,2025-12-01,1,0.7515359,1,0.65144473
Jazz,Rockets,2025-12-01,0,0.2836623,0,0.39892486
Lakers,Suns,2025-12-01,0,0.2956869,1,0.6160688
Pacers,Cavaliers,2025-12-01,1,0.6871351,1,0.51438767
Pelicans,Timberwolves,2025-12-02,0,0.23027213,0,0.35291195
Warriors,Thunder,2025-12-02,0,0.3335922,0,0.45855328
Spurs,Grizzlies,2025-12-02,1,0.6424481,1,0.5924671
Celtics,Knicks,2025-12-02,1,0.66429365,1,0.6746352
76ers,Wizards,2025-12-02,1,0.6794887,1,0.65533686
Raptors,Trail Blazers,2025-12-02,0,0.48283526,0,0.39244953
Bucks,Pistons,2025-12-03,1,0.5265008,1,0.6075899
Rockets,Kings,2025-12-03,1,0.66964614,1,0.7138535
Bulls,Nets,2025-12-03,1,0.5916766,1,0.6316587
Knicks,Hornets,2025-12-03,1,0.681989,1,0.71392536
Mavericks,Heat,2025-12-03,0,0.40460756,0,0.47990644
Magic,Spurs,2025-12-03,1,0.56443435,1,0.50320286
Pacers,Nuggets,2025-12-03,1,0.5088655,0,0.49954468
Cavaliers,Trail Blazers,2025-12-03,1,0.7213646,1,0.6907109
Hawks,Clippers,2025-12-03,0,0.38238874,1,0.612741
76ers,Warriors,2025-12-04,0,0.30028164,0,0.38176456
Wizards,Celtics,2025-12-04,0,0.2694924,0,0.35288033
Nets,Jazz,2025-12-04,1,0.6278278,1,0.53755516
Raptors,Lakers,2025-12-04,1,0.7026984,0,0.48346362
Pelicans,Timberwolves,2025-12-04,0,0.23027213,0,0.35291195
Bulls,Pacers,2025-12-05,0,0.40513882,1,0.5828581
Thunder,Mavericks,2025-12-05,1,0.7481495,1,0.72796524
Bucks,76ers,2025-12-05,1,0.6630566,1,0.72602224
Grizzlies,Clippers,2025-12-05,0,0.36217147,1,0.60971034
Rockets,Suns,2025-12-05,1,0.7450719,1,0.6844577
Raptors,Hornets,2025-12-05,0,0.33561996,0,0.48306376
Magic,Heat,2025-12-05,0,0.47298774,1,0.51414156
Pistons,Trail Blazers,2025-12-05,1,0.68529236,1,0.61767215
Celtics,Lakers,2025-12-05,1,0.87189794,1,0.7852927
Knicks,Jazz,2025-12-05,1,0.86886185,1,0.68850064
Hawks,Nuggets,2025-12-05,0,0.36290327,1,0.5242402
Cavaliers,Spurs,2025-12-05,1,0.78951484,1,0.63421035
Timberwolves,Clippers,2025-12-06,1,0.5438523,1,0.65342295
Heat,Kings,2025-12-06,1,0.69678736,1,0.7150172
Pistons,Bucks,2025-12-06,1,0.6178838,1,0.58267176
Mavericks,Rockets,2025-12-06,0,0.39938524,0,0.43083084
Wizards,Hawks,2025-12-06,0,0.36345667,0,0.46278846
Nets,Pelicans,2025-12-06,1,0.6450563,1,0.6162726
Cavaliers,Warriors,2025-12-06,1,0.7213617,1,0.57524467
Knicks,Magic,2025-12-07,1,0.6776785,1,0.6430791
Raptors,Celtics,2025-12-07,0,0.23143749,0,0.35141
Hornets,Nuggets,2025-12-07,0,0.39429262,0,0.3440105
Grizzlies,Trail Blazers,2025-12-07,1,0.69775677,1,0.57865596
Bulls,Warriors,2025-12-07,0,0.3408372,1,0.5158707
76ers,Lakers,2025-12-07,1,0.80911267,1,0.53875834
Jazz,Thunder,2025-12-07,0,0.20581461,0,0.31104723
Pelicans,Spurs,2025-12-08,0,0.460141,0,0.46556324
Pacers,Kings,2025-12-08,1,0.66786504,1,0.6519214
Timberwolves,Suns,2025-12-08,1,0.8422911,1,0.6887196
Bulls,Cavaliers,2025-12-17,0,0.38758188,0,0.48417383
Timberwolves,Grizzlies,2025-12-17,1,0.7377681,1,0.6889571
Thunder,Clippers,2025-12-17,1,0.57144046,1,0.6932014
Spurs,Wizards,2025-12-17,1,0.80627877,1,0.6602175
Nuggets,Magic,2025-12-18,1,0.6739905,1,0.6899745
Jazz,Lakers,2025-12-18,1,0.6753737,1,0.5503544
Suns,Warriors,2025-12-18,0,0.4048183,0,0.47812328
Trail Blazers,Kings,2025-12-18,1,0.59882843,1,0.5489555
Mavericks,Pistons,2025-12-18,1,0.5290351,1,0.50169784
Bucks,Raptors,2025-12-18,1,0.64882755,1,0.7094219
Nets,Heat,2025-12-18,0,0.3897448,0,0.42206672
Pacers,Knicks,2025-12-18,0,0.4767301,1,0.57682455
Hornets,Hawks,2025-12-18,1,0.58364224,1,0.5037736
Pelicans,Rockets,2025-12-18,0,0.24346638,0,0.35033098
Celtics,Heat,2025-12-19,1,0.62318593,1,0.6892403
Knicks,76ers,2025-12-19,1,0.7398561,1,0.6707559
Hawks,Spurs,2025-12-19,1,0.58890146,1,0.60451376
Cavaliers,Bulls,2025-12-19,1,0.7590815,1,0.70576334
Timberwolves,Thunder,2025-12-19,1,0.6240669,0,0.49133512
Kings,Trail Blazers,2025-12-20,1,0.51874685,1,0.5671314
Jazz,Magic,2025-12-20,0,0.41014102,0,0.45316333
Warriors,Suns,2025-12-20,1,0.65259653,1,0.63285995
Grizzlies,Wizards,2025-12-20,1,0.85547733,1,0.75239694
Clippers,Lakers,2025-12-20,1,0.8878124,1,0.62599796
Pelicans,Pacers,2025-12-20,0,0.2898094,0,0.37992465
Raptors,Celtics,2025-12-20,0,0.23142594,0,0.3522422
76ers,Mavericks,2025-12-20,0,0.4357471,1,0.5321342
Nuggets,Rockets,2025-12-20,1,0.60574615,1,0.5272545
Pistons,Hornets,2025-12-20,0,0.4760423,1,0.68681777
Hawks,Bulls,2025-12-21,1,0.5840286,1,0.5996475
Nets,Raptors,2025-12-21,1,0.5111315,1,0.591488
Knicks,Heat,2025-12-21,1,0.6741968,1,0.60205376
Wizards,Spurs,2025-12-21,0,0.37925166,0,0.45480815
Timberwolves,Bucks,2025-12-21,1,0.71188223,1,0.6495496
Kings,Rockets,2025-12-21,0,0.4707443,0,0.43960908
Trail Blazers,Pistons,2025-12-22,0,0.46701288,0,0.47836432
Warriors,Magic,2025-12-22,0,0.4787642,1,0.62546164
Thunder,Grizzlies,2025-12-22,1,0.7254257,1,0.75332594
Celtics,Pacers,2025-12-22,1,0.79743546,1,0.70796084
Pelicans,Mavericks,2025-12-22,0,0.36644676,0,0.35812175
Cavaliers,Hornets,2025-12-22,1,0.59758335,1,0.7719955
Nuggets,Jazz,2025-12-22,1,0.84758747,1,0.72486895
Spurs,Thunder,2025-12-23,0,0.49802387,0,0.36344263
Kings,Pistons,2025-12-23,0,0.43638948,1,0.5264255
Clippers,Rockets,2025-12-23,1,0.65385234,0,0.45367983
Trail Blazers,Magic,2025-12-23,1,0.52112985,1,0.51320636
Jazz,Grizzlies,2025-12-23,0,0.31627193,0,0.45476285
Suns,Lakers,2025-12-23,1,0.6578855,1,0.54688144
Timberwolves,Knicks,2025-12-23,1,0.6308241,1,0.63797283
76ers,Nets,2025-12-23,1,0.56853414,1,0.5572337
Heat,Raptors,2025-12-23,1,0.6529139,1,0.7419048
Hornets,Wizards,2025-12-23,1,0.811764,1,0.61294204
Hawks,Bulls,2025-12-23,1,0.5840286,1,0.5996475
Mavericks,Nuggets,2025-12-23,0,0.25761807,0,0.43939516
Pacers,Bucks,2025-12-23,1,0.6452235,1,0.5667868
Cavaliers,Pelicans,2025-12-23,1,0.8352102,1,0.75918865
Knicks,Cavaliers,2025-12-25,1,0.7133094,1,0.5929071
Thunder,Spurs,2025-12-25,1,0.77553445,1,0.7163158
Warriors,Mavericks,2025-12-25,1,0.580591,1,0.5531075
Lakers,Rockets,2025-12-25,0,0.3377622,0,0.48372024
Nuggets,Timberwolves,2025-12-25,1,0.65345556,1,0.6565813
Trail Blazers,Clippers,2025-12-26,0,0.41822037,1,0.55015063
Jazz,Pistons,2025-12-26,0,0.42256188,0,0.4777608
Pelicans,Suns,2025-12-26,0,0.34870976,0,0.4940711
Grizzlies,Bucks,2025-12-26,1,0.67072964,1,0.56415564
Pacers,Celtics,2025-12-26,0,0.4880923,0,0.4757951
Wizards,Raptors,2025-12-26,0,0.4531078,1,0.5375658
Magic,Hornets,2025-12-26,0,0.49367446,1,0.65534776
Hawks,Heat,2025-12-26,0,0.43382162,1,0.50670177
Bulls,76ers,2025-12-26,1,0.574106,1,0.632537
Rockets,Cavaliers,2025-12-27,1,0.6107408,1,0.65004075
Spurs,Jazz,2025-12-27,1,0.7238265,1,0.66131467
Timberwolves,Nets,2025-12-27,1,0.87145215,1,0.7426542
Bulls,Bucks,2025-12-27,0,0.4824981,0,0.48912778
Pelicans,Suns,2025-12-27,0,0.34861827,1,0.5206042
Hawks,Knicks,2025-12-27,0,0.44004694,1,0.5809264
Kings,Mavericks,2025-12-27,1,0.5559305,1,0.5698327
Heat,Pacers,2025-12-27,1,0.5640751,1,0.589783
Magic,Nuggets,2025-12-27,0,0.37439618,0,0.48048913
Raptors,Warriors,2025-12-28,0,0.35180083,0,0.37141967
Thunder,76ers,2025-12-28,1,0.72397625,1,0.79880273
Wizards,Grizzlies,2025-12-28,0,0.3419188,0,0.42117444
Trail Blazers,Celtics,2025-12-28,0,0.39205438,0,0.38370728
Clippers,Pistons,2025-12-28,1,0.63083017,1,0.5378548
Lakers,Kings,2025-12-28,0,0.40371028,1,0.6097773
Trail Blazers,Mavericks,2025-12-29,1,0.54355705,1,0.52684623
Rockets,Pacers,2025-12-29,1,0.6302111,1,0.67219096
Spurs,Cavaliers,2025-12-29,1,0.54477894,0,0.4593769
Thunder,Hawks,2025-12-29,1,0.73090434,1,0.7530625
Pelicans,Knicks,2025-12-29,0,0.33577278,0,0.3922491
Bulls,Timberwolves,2025-12-29,0,0.33437192,0,0.49152872
Heat,Nuggets,2025-12-29,0,0.441675,0,0.49409917
Nets,Warriors,2025-12-29,0,0.41373166,0,0.4504296
Wizards,Suns,2025-12-29,0,0.3504107,1,0.5045471
Hornets,Bucks,2025-12-29,1,0.52937675,0,0.4492811
Raptors,Magic,2025-12-29,0,0.40629074,0,0.45887712
Grizzlies,76ers,2025-12-30,1,0.64431775,1,0.71096575
Jazz,Celtics,2025-12-30,0,0.19596341,0,0.3421962
Lakers,Pistons,2025-12-30,0,0.2671629,1,0.53861535
Clippers,Kings,2025-12-30,1,0.58297586,1,0.5506794
Thunder,Trail Blazers,2025-12-31,1,0.77371466,1,0.74134976
Bucks,Wizards,2025-12-31,1,0.7331419,1,0.7357434
Raptors,Nuggets,2025-12-31,0,0.2805407,0,0.3473776
Spurs,Knicks,2025-12-31,0,0.320851,1,0.50747645
Hornets,Warriors,2025-12-31,0,0.3918601,0,0.4224117
Cavaliers,Suns,2025-12-31,1,0.8208681,1,0.65326935
Pacers,Magic,2025-12-31,1,0.6848272,1,0.64845985
Hawks,Timberwolves,2025-12-31,0,0.4944842,1,0.56691486
Bulls,Pelicans,2025-12-31,1,0.69752127,1,0.6522403
Clippers,Jazz,2026-01-01,1,0.7800696,1,0.60486144
Kings,Celtics,2026-01-01,0,0.41349426,0,0.43944022
Nets,Rockets,2026-01-01,0,0.40359488,0,0.37705174
Pistons,Heat,2026-01-01,0,0.4433805,1,0.5555375
Mavericks,76ers,2026-01-01,1,0.5587929,1,0.67844576
Pacers,Spurs,2026-01-02,1,0.6732191,1,0.5844029
Wizards,Nets,2026-01-02,0,0.42482635,1,0.5045975
Cavaliers,Nuggets,2026-01-02,1,0.6378689,1,0.605116
Knicks,Hawks,2026-01-02,1,0.6764208,1,0.6246885
Bulls,Magic,2026-01-02,0,0.41498035,1,0.53957
Bucks,Hornets,2026-01-02,1,0.5140874,1,0.6705548
Pelicans,Trail Blazers,2026-01-02,0,0.43298036,0,0.4652445
Suns,Kings,2026-01-02,1,0.5241735,1,0.6145076
Warriors,Thunder,2026-01-02,0,0.333444,0,0.45827788
Lakers,Grizzlies,2026-01-02,0,0.35791585,1,0.59710765
Clippers,Celtics,2026-01-03,1,0.55873454,0,0.46203086
Warriors,Jazz,2026-01-03,1,0.7472413,1,0.6462732
Mavericks,Rockets,2026-01-03,0,0.39896274,0,0.44159344
Spurs,Trail Blazers,2026-01-03,1,0.67622197,1,0.602464
Bulls,Hornets,2026-01-03,0,0.4973153,1,0.6686016
Knicks,76ers,2026-01-03,1,0.73982906,1,0.67135364
Heat,Timberwolves,2026-01-03,1,0.5285443,1,0.51513964
Raptors,Hawks,2026-01-03,0,0.4467041,0,0.47277197
Kings,Bucks,2026-01-04,1,0.539226,1,0.51185197
Suns,Thunder,2026-01-04,0,0.24254127,0,0.30691877
Wizards,Timberwolves,2026-01-04,0,0.26921055,0,0.36119226
Lakers,Grizzlies,2026-01-04,0,0.35840383,1,0.6003345
Nets,Nuggets,2026-01-04,0,0.37882304,0,0.40786022
Magic,Pacers,2026-01-04,1,0.5828301,1,0.536359
Cavaliers,Pistons,2026-01-04,1,0.7020704,1,0.6390381
Heat,Pelicans,2026-01-04,1,0.82306224,1,0.77766716
Pistons,Knicks,2026-01-05,0,0.3957733,1,0.53929496
Celtics,Bulls,2026-01-05,1,0.8044162,1,0.71245956
Raptors,Hawks,2026-01-05,0,0.44667587,0,0.4745916
Rockets,Suns,2026-01-05,1,0.7452456,1,0.6863778
Thunder,Hornets,2026-01-05,1,0.7967174,1,0.79253554
76ers,Nuggets,2026-01-05,0,0.300054,0,0.39093214
Clippers,Warriors,2026-01-05,1,0.613912,1,0.51283526
Trail Blazers,Jazz,2026-01-05,1,0.7935143,1,0.5692718
Pelicans,Lakers,2026-01-06,1,0.7392456,0,0.4912899
Kings,Mavericks,2026-01-06,1,0.55683184,1,0.56640065
Timberwolves,Heat,2026-01-06,1,0.6965429,1,0.6708164
Pacers,Cavaliers,2026-01-06,1,0.687147,1,0.5104869
Wizards,Magic,2026-01-06,0,0.32147658,0,0.4333692
Grizzlies,Spurs,2026-01-06,1,0.6842632,1,0.5251147
Hornets,Raptors,2026-01-07,1,0.68078506,1,0.5918943
Pistons,Bulls,2026-01-07,1,0.605604,1,0.6513475
76ers,Wizards,2026-01-07,1,0.6794887,1,0.65533686
Hawks,Pelicans,2026-01-07,1,0.74786544,1,0.7210371
Celtics,Nuggets,2026-01-07,1,0.66638064,1,0.6349866
Nets,Magic,2026-01-07,0,0.39436212,0,0.4869819
Knicks,Clippers,2026-01-07,1,0.5638032,1,0.6209526
Spurs,Lakers,2026-01-07,1,0.8765347,1,0.5937836
Grizzlies,Suns,2026-01-07,1,0.7925091,1,0.62996954
Thunder,Jazz,2026-01-07,1,0.92759806,1,0.7785861
Warriors,Bucks,2026-01-07,1,0.55830026,1,0.5323866
Trail Blazers,Rockets,2026-01-07,0,0.44681072,0,0.44844833
Jazz,Mavericks,2026-01-08,0,0.35831106,0,0.49263948
Timberwolves,Cavaliers,2026-01-08,1,0.68116343,1,0.5810631
Hornets,Pacers,2026-01-08,0,0.48857304,0,0.43039197
Bulls,Heat,2026-01-08,0,0.3409952,1,0.5398363
Lakers,Bucks,2026-01-09,0,0.27614754,1,0.540544
Celtics,Raptors,2026-01-09,1,0.7732175,1,0.80059934
Magic,76ers,2026-01-09,1,0.6633015,1,0.7018357
Wizards,Pelicans,2026-01-09,1,0.6223028,1,0.5459593
Nets,Clippers,2026-01-09,0,0.19794348,0,0.49171126
Grizzlies,Thunder,2026-01-09,0,0.41063833,0,0.39112177
Nuggets,Hawks,2026-01-09,1,0.695575,1,0.653207
Suns,Knicks,2026-01-09,0,0.22426486,1,0.50147146
Warriors,Kings,2026-01-09,1,0.55161583,1,0.62608165
Trail Blazers,Rockets,2026-01-09,0,0.44681072,0,0.44844833
Bulls,Mavericks,2026-01-10,0,0.4105332,1,0.5207271
Celtics,Spurs,2026-01-10,1,0.73026323,1,0.627726
Jazz,Hornets,2026-01-10,0,0.37684315,1,0.5256623
Pacers,Heat,2026-01-10,1,0.5190326,1,0.5876287
Cavaliers,Timberwolves,2026-01-10,1,0.63514876,1,0.6663127
Pistons,Clippers,2026-01-10,0,0.32298136,1,0.5994457
Kings,Rockets,2026-01-11,0,0.47101665,0,0.45673266
Nuggets,Bucks,2026-01-11,1,0.7411809,1,0.6879902
Warriors,Hawks,2026-01-11,1,0.5421958,1,0.6115253
Suns,Wizards,2026-01-11,1,0.6817965,1,0.67384064
Thunder,Heat,2026-01-11,1,0.7090491,1,0.6887389
Magic,Pelicans,2026-01-11,1,0.72741544,1,0.7586735
Trail Blazers,Knicks,2026-01-11,0,0.34148782,0,0.49805334
Raptors,76ers,2026-01-11,1,0.69102997,1,0.5874905
Grizzlies,Nets,2026-01-11,1,0.8237543,1,0.69864994
Timberwolves,Spurs,2026-01-11,1,0.77955997,1,0.6791521
Kings,Lakers,2026-01-12,1,0.82733953,1,0.5541827
Cavaliers,Jazz,2026-01-12,1,0.8657923,1,0.71075314
Pacers,Celtics,2026-01-12,0,0.48849946,0,0.4713217
Raptors,76ers,2026-01-12,1,0.6914975,1,0.5940195
Mavericks,Nets,2026-01-12,1,0.58059514,1,0.6055318
Clippers,Hornets,2026-01-12,1,0.63158584,1,0.62003696
Lakers,Hawks,2026-01-13,0,0.36073226,1,0.54724926
Warriors,Trail Blazers,2026-01-13,1,0.6719427,1,0.6047307
Thunder,Spurs,2026-01-13,1,0.7755344,1,0.7163158
Rockets,Bulls,2026-01-13,1,0.72188014,1,0.6731403
Bucks,Timberwolves,2026-01-13,0,0.45545158,1,0.52285314
Pelicans,Nuggets,2026-01-13,0,0.21565032,0,0.3467341
Heat,Suns,2026-01-13,1,0.71976066,1,0.6412855
Pacers,Raptors,2026-01-14,1,0.64952004,1,0.66385674
76ers,Cavaliers,2026-01-14,0,0.3926124,0,0.34341043
Bulls,Jazz,2026-01-14,1,0.68782103,1,0.6107998
Pelicans,Nets,2026-01-14,0,0.4383754,0,0.4646093
Mavericks,Nuggets,2026-01-14,0,0.25776988,0,0.46133098
Kings,Knicks,2026-01-14,0,0.31919333,1,0.50969934
Clippers,Wizards,2026-01-14,1,0.7930051,1,0.65531105
Trail Blazers,Hawks,2026-01-15,1,0.5498877,1,0.5443724
Warriors,Knicks,2026-01-15,1,0.52771455,1,0.5598332
Mavericks,Jazz,2026-01-15,1,0.6792164,1,0.5829077
Spurs,Bucks,2026-01-15,1,0.6523014,1,0.521585
Lakers,Hornets,2026-01-15,0,0.27079067,1,0.6081903
Heat,Celtics,2026-01-15,1,0.5447606,0,0.4237857
Pistons,Suns,2026-01-15,1,0.62920237,1,0.64793354
Magic,Grizzlies,2026-01-15,0,0.48748374,1,0.5922902
Rockets,Thunder,2026-01-15,0,0.43212408,1,0.56776935
Nets,Bulls,2026-01-16,1,0.59518933,1,0.5166142
Pacers,Pelicans,2026-01-16,1,0.80674005,1,0.75057656
76ers,Cavaliers,2026-01-16,0,0.3926124,0,0.34341043
Raptors,Clippers,2026-01-16,0,0.20696637,0,0.4377057
Rockets,Timberwolves,2026-01-16,1,0.5708283,1,0.5935488
Kings,Wizards,2026-01-16,1,0.7341176,1,0.66830957
Trail Blazers,Lakers,2026-01-17,1,0.81698173,1,0.6215443
Nuggets,Wizards,2026-01-17,1,0.84864604,1,0.78609216
Warriors,Hornets,2026-01-17,0,0.49049827,1,0.6661146
Spurs,Timberwolves,2026-01-17,1,0.544026,0,0.48454356
Mavericks,Jazz,2026-01-17,1,0.6791049,1,0.58628494
Knicks,Suns,2026-01-17,1,0.76731765,1,0.6680776
Pistons,Pacers,2026-01-17,1,0.53532034,1,0.6169063
Hawks,Celtics,2026-01-17,0,0.38660884,0,0.47983697
Heat,Thunder,2026-01-17,0,0.4266553,0,0.4253055
Kings,Trail Blazers,2026-01-18,1,0.5190614,1,0.5712994
Lakers,Raptors,2026-01-18,0,0.3380241,1,0.65668887
Nuggets,Hornets,2026-01-18,1,0.68874085,1,0.7266951
Rockets,Pelicans,2026-01-18,1,0.7931679,1,0.80865705
Bulls,Nets,2026-01-18,1,0.5916766,1,0.6316587
Grizzlies,Magic,2026-01-18,1,0.60672307,1,0.63430923
Hawks,Bucks,2026-01-19,1,0.5289992,1,0.53159404
Cavaliers,Thunder,2026-01-19,1,0.562494,1,0.5539207
Knicks,Mavericks,2026-01-19,1,0.64925116,1,0.611814
Pistons,Celtics,2026-01-19,0,0.36442512,0,0.46158636
Wizards,Clippers,2026-01-19,0,0.20342277,0,0.44776806
76ers,Pacers,2026-01-19,0,0.36538586,0,0.4156092
Nets,Suns,2026-01-19,1,0.53370786,1,0.57170993
Spurs,Jazz,2026-01-19,1,0.7237574,1,0.6528305
Warriors,Heat,2026-01-19,0,0.4415142,1,0.55519736
Warriors,Raptors,2026-01-20,1,0.6366755,1,0.7173554
Nuggets,Lakers,2026-01-20,1,0.87409484,1,0.7058555
Jazz,Timberwolves,2026-01-20,0,0.34199002,0,0.4034257
Kings,Heat,2026-01-20,0,0.36132503,1,0.5210499
Bulls,Clippers,2026-01-20,0,0.34495306,1,0.52291894
76ers,Suns,2026-01-20,0,0.41267568,1,0.5529984
Rockets,Spurs,2026-01-20,1,0.759289,1,0.69278234
Hornets,Cavaliers,2026-01-21,1,0.51172996,0,0.3518361
Celtics,Pacers,2026-01-21,1,0.79743546,1,0.70796084
Knicks,Nets,2026-01-21,1,0.79517376,1,0.70502484
Grizzlies,Hawks,2026-01-21,1,0.59804183,1,0.54441816
Pelicans,Pistons,2026-01-21,0,0.37602696,0,0.45510036
Bucks,Thunder,2026-01-21,0,0.41789982,0,0.42609867
Kings,Raptors,2026-01-21,1,0.6258743,1,0.6922892
Trail Blazers,Heat,2026-01-22,1,0.55909336,1,0.55335635
Clippers,Lakers,2026-01-22,1,0.8877778,1,0.62201506
Jazz,Spurs,2026-01-22,0,0.45486847,0,0.47295287
Timberwolves,Bulls,2026-01-22,1,0.8021506,1,0.63845754
Magic,Hornets,2026-01-22,0,0.49352315,1,0.6732521
Wizards,Nuggets,2026-01-22,0,0.24683714,0,0.37504584
76ers,Rockets,2026-01-22,0,0.35113946,0,0.4154126
Mavericks,Warriors,2026-01-22,0,0.44167063,0,0.44075704
Bucks,Nuggets,2026-01-23,0,0.33354533,1,0.5003714
Trail Blazers,Raptors,2026-01-23,1,0.61775774,1,0.6720437
Grizzlies,Pelicans,2026-01-23,1,0.77724576,1,0.7469752
Thunder,Pacers,2026-01-23,1,0.6862974,1,0.6355549
Nets,Celtics,2026-01-23,0,0.3049235,0,0.33626977
Hawks,Suns,2026-01-23,1,0.5620864,1,0.6470298
Cavaliers,Kings,2026-01-23,1,0.6167662,1,0.63792217
Pistons,Rockets,2026-01-23,0,0.44532764,1,0.5579088
76ers,Knicks,2026-01-24,0,0.2813121,0,0.44053555
Timberwolves,Warriors,2026-01-24,1,0.6690029,1,0.58144265
Hornets,Wizards,2026-01-24,1,0.8116518,1,0.61375433
Magic,Cavaliers,2026-01-24,0,0.40347174,0,0.4576872
Bulls,Celtics,2026-01-24,0,0.24682474,0,0.45072272
Mavericks,Lakers,2026-01-24,1,0.7569634,1,0.574672
Jazz,Heat,2026-01-24,0,0.29004744,0,0.42822337
Suns,Heat,2026-01-25,0,0.32935578,1,0.5325026
Spurs,Pelicans,2026-01-25,1,0.75089556,1,0.6865229
Thunder,Raptors,2026-01-25,1,0.8026119,1,0.8000606
Clippers,Nets,2026-01-25,1,0.8060287,1,0.59928274
Grizzlies,Nuggets,2026-01-25,0,0.46885163,0,0.4658331
Pistons,Kings,2026-01-25,1,0.54323256,1,0.609615
Bucks,Mavericks,2026-01-25,1,0.5535437,1,0.6731571
Hornets,76ers,2026-01-26,1,0.6224023,1,0.57771105
Cavaliers,Magic,2026-01-26,1,0.73974395,1,0.69095117
Hawks,Pacers,2026-01-26,1,0.5299511,1,0.57835305
Celtics,Trail Blazers,2026-01-26,1,0.7706054,1,0.7332671
Bulls,Lakers,2026-01-26,1,0.6372852,1,0.5472762
Rockets,Grizzlies,2026-01-26,1,0.59813595,1,0.68699455
Timberwolves,Warriors,2026-01-26,1,0.6690029,1,0.58144265
Jazz,Clippers,2026-01-27,0,0.24830244,0,0.45098493
Suns,Nets,2026-01-27,0,0.4742063,1,0.57481796
Nuggets,Pistons,2026-01-27,1,0.63314277,1,0.60647714
Wizards,Trail Blazers,2026-01-27,0,0.36968702,0,0.40959245
76ers,Bucks,2026-01-27,0,0.47603527,0,0.43916917
Knicks,Kings,2026-01-27,1,0.6511475,1,0.6630245
Thunder,Pelicans,2026-01-27,1,0.86752754,1,0.8456316
Grizzlies,Hornets,2026-01-28,1,0.53159094,1,0.6406137
Jazz,Warriors,2026-01-28,0,0.30625516,0,0.3685079
Mavericks,Timberwolves,2026-01-28,0,0.46856958,0,0.4708027
Raptors,Knicks,2026-01-28,0,0.31347618,0,0.4765636
Rockets,Spurs,2026-01-28,1,0.7585819,1,0.6887618
Celtics,Hawks,2026-01-28,1,0.7460901,1,0.74532247
Pacers,Bulls,2026-01-28,1,0.73374283,1,0.58561915
Cavaliers,Lakers,2026-01-28,1,0.9426017,1,0.71858305
Heat,Magic,2026-01-28,1,0.5785198,1,0.6750994
76ers,Kings,2026-01-29,0,0.46396455,1,0.5720841
Wizards,Bucks,2026-01-29,0,0.46370995,0,0.40066296
Hawks,Rockets,2026-01-29,0,0.48086354,0,0.47075695
Mavericks,Hornets,2026-01-29,1,0.53797996,1,0.6371111
Nuggets,Nets,2026-01-29,1,0.7334696,1,0.73429424
Suns,Pistons,2026-01-29,0,0.36227077,0,0.49459553
Timberwolves,Thunder,2026-01-29,1,0.62410235,0,0.49373332
Warriors,Pistons,2026-01-30,1,0.5015756,1,0.5662791
Nuggets,Clippers,2026-01-30,0,0.47596306,1,0.68211377
Jazz,Nets,2026-01-30,0,0.45292342,1,0.55804366
Suns,Cavaliers,2026-01-30,0,0.40632838,0,0.46883628
Heat,Bulls,2026-01-30,1,0.6186578,1,0.65724236
Magic,Raptors,2026-01-30,1,0.57417643,1,0.6260391
Knicks,Trail Blazers,2026-01-30,1,0.6488598,1,0.59531766
Celtics,Kings,2026-01-30,1,0.71681005,1,0.70195967
Wizards,Lakers,2026-01-30,1,0.7495519,1,0.5224841
Pelicans,Grizzlies,2026-01-30,0,0.44073004,0,0.4237539
Rockets,Mavericks,2026-01-31,1,0.6798775,1,0.64801705
Grizzlies,Timberwolves,2026-01-31,0,0.3928219,1,0.5003341
Hornets,Spurs,2026-01-31,1,0.7078627,1,0.52666175
Pacers,Hawks,2026-01-31,1,0.65604484,1,0.5848364
76ers,Pelicans,2026-01-31,1,0.67854035,1,0.5695325
Nuggets,Thunder,2026-02-01,1,0.5608971,0,0.4949446
Trail Blazers,Cavaliers,2026-02-01,1,0.50453126,0,0.4192254
Knicks,Lakers,2026-02-01,1,0.92429274,1,0.6293262
Wizards,Kings,2026-02-01,0,0.37197286,0,0.4831416
Suns,Clippers,2026-02-01,0,0.29215133,1,0.54261374
Heat,Bulls,2026-02-01,1,0.6186578,1,0.65724236
Pistons,Nets,2026-02-01,1,0.7198053,1,0.71563923
Spurs,Magic,2026-02-01,1,0.6631142,1,0.5667318
Celtics,Bucks,2026-02-01,1,0.6262827,1,0.66192955
Raptors,Jazz,2026-02-01,1,0.61050284,0,0.45382372
Hornets,Pelicans,2026-02-02,1,0.64182556,1,0.5913869
Pacers,Rockets,2026-02-02,1,0.58659375,0,0.44228676
Grizzlies,Timberwolves,2026-02-02,0,0.39282572,1,0.5021634
Clippers,76ers,2026-02-02,1,0.7374975,1,0.63054395
Thunder,Magic,2026-02-03,1,0.70558417,1,0.80706656
Trail Blazers,Suns,2026-02-03,1,0.6184956,1,0.5958749
Warriors,76ers,2026-02-03,1,0.56426024,1,0.6696525
Bucks,Bulls,2026-02-03,1,0.6215283,1,0.6609053
Mavericks,Celtics,2026-02-03,0,0.21407352,0,0.4277951
Heat,Hawks,2026-02-03,1,0.57933414,1,0.6798236
Nets,Lakers,2026-02-03,1,0.7193351,1,0.52477616
Wizards,Knicks,2026-02-03,0,0.28514308,0,0.39726868
Pacers,Jazz,2026-02-03,1,0.8100642,1,0.64527017
Pistons,Nuggets,2026-02-03,0,0.3395136,1,0.5298569
Knicks,Nuggets,2026-02-04,1,0.6392861,1,0.5442474
Raptors,Timberwolves,2026-02-04,0,0.35727727,0,0.4432329
Rockets,Celtics,2026-02-04,0,0.43783858,0,0.47566223
Bucks,Pelicans,2026-02-04,1,0.7253976,1,0.70918965
Spurs,Thunder,2026-02-04,0,0.49772963,0,0.36274597
Kings,Grizzlies,2026-02-04,1,0.5720985,1,0.5725958
Clippers,Cavaliers,2026-02-04,1,0.517416,0,0.40176904
Lakers,76ers,2026-02-05,0,0.39221224,1,0.63396317
Suns,Warriors,2026-02-05,0,0.4067916,0,0.49358585
Mavericks,Spurs,2026-02-05,1,0.6075444,1,0.5212012
Rockets,Hornets,2026-02-05,1,0.6242806,1,0.75569516
Hawks,Jazz,2026-02-05,1,0.7628585,1,0.6490935
Magic,Nets,2026-02-05,1,0.62969357,1,0.66968507
Pistons,Wizards,2026-02-05,1,0.8080455,1,0.755281
Raptors,Bulls,2026-02-05,1,0.6486236,0,0.4571278
Celtics,Heat,2026-02-06,1,0.6253566,1,0.6905507
Pistons,Knicks,2026-02-06,0,0.3957733,1,0.53929496
Bucks,Pacers,2026-02-06,1,0.5417497,1,0.5965826
Timberwolves,Pelicans,2026-02-06,1,0.8266642,1,0.7790015
Trail Blazers,Grizzlies,2026-02-06,1,0.60945815,1,0.50307614
Kings,Clippers,2026-02-06,0,0.33404323,1,0.57575434
Lakers,Warriors,2026-02-07,0,0.28048944,1,0.5643757
Trail Blazers,Grizzlies,2026-02-07,1,0.60928124,1,0.5098047
Suns,76ers,2026-02-07,1,0.5333049,1,0.64992064
Bulls,Nuggets,2026-02-07,0,0.22089249,0,0.44712886
Kings,Cavaliers,2026-02-07,0,0.48199928,0,0.49726713
Magic,Jazz,2026-02-07,1,0.74329776,1,0.6521654
Spurs,Mavericks,2026-02-07,1,0.7379303,1,0.669147
Thunder,Rockets,2026-02-07,1,0.6143113,1,0.6317625
Nets,Wizards,2026-02-07,1,0.7710987,1,0.66430414
Hawks,Hornets,2026-02-07,1,0.6004075,1,0.6383379
Timberwolves,Clippers,2026-02-08,1,0.54365295,1,0.64126813
Raptors,Pacers,2026-02-08,0,0.4327092,0,0.46377283
Wizards,Heat,2026-02-08,0,0.30077988,0,0.3437692
Celtics,Knicks,2026-02-08,1,0.66429365,1,0.6746352
Hornets,Pistons,2026-02-09,1,0.52912706,0,0.44447154
Nets,Bulls,2026-02-09,1,0.59518933,1,0.5166142
Heat,Jazz,2026-02-09,1,0.8116691,1,0.6483423
Magic,Bucks,2026-02-09,1,0.51946664,1,0.50368154
Timberwolves,Hawks,2026-02-09,1,0.71163183,1,0.5908212
Pelicans,Kings,2026-02-09,0,0.43667653,0,0.4654053
Nuggets,Cavaliers,2026-02-09,1,0.59466743,1,0.6094719
Warriors,Grizzlies,2026-02-09,0,0.4960217,1,0.6204891
Lakers,Thunder,2026-02-09,0,0.2733142,0,0.41099995
Trail Blazers,76ers,2026-02-09,1,0.58618367,1,0.65603954
Lakers,Spurs,2026-02-10,0,0.3643515,1,0.57030886
Suns,Mavericks,2026-02-10,0,0.4951469,1,0.5941535
Rockets,Clippers,2026-02-10,0,0.43722406,1,0.6952321
Knicks,Pacers,2026-02-10,1,0.7389996,1,0.6269512
Warriors,Spurs,2026-02-11,1,0.5907575,1,0.5719364
Nuggets,Grizzlies,2026-02-11,1,0.7574699,1,0.6815938
Jazz,Kings,2026-02-11,1,0.5123701,0,0.49016246
Suns,Thunder,2026-02-11,0,0.24229868,0,0.30322716
Pelicans,Heat,2026-02-11,0,0.26686692,0,0.34186122
Rockets,Clippers,2026-02-11,0,0.43754807,1,0.7109668
Timberwolves,Trail Blazers,2026-02-11,1,0.77387863,1,0.645615
76ers,Knicks,2026-02-11,0,0.281244,0,0.4568746
Nets,Pacers,2026-02-11,0,0.41637745,0,0.48054793
Celtics,Bulls,2026-02-11,1,0.80437225,1,0.71245956
Magic,Bucks,2026-02-11,1,0.5195874,1,0.50231683
Hornets,Hawks,2026-02-11,1,0.5875294,1,0.5134874
Raptors,Pistons,2026-02-11,0,0.36878112,0,0.36542672
Cavaliers,Wizards,2026-02-11,1,0.87791663,1,0.8059582
Lakers,Mavericks,2026-02-12,0,0.3372858,1,0.59570396
Thunder,Bucks,2026-02-12,1,0.7578182,1,0.7071934
Jazz,Trail Blazers,2026-02-12,0,0.37903318,0,0.44029778
Warriors,Celtics,2026-02-19,0,0.38527077,0,0.49885294
Kings,Magic,2026-02-19,1,0.51785827,1,0.55602956
Spurs,Suns,2026-02-19,1,0.7212802,1,0.6567062
Clippers,Nuggets,2026-02-19,1,0.5237922,0,0.4519839
Bulls,Raptors,2026-02-19,0,0.48077556,1,0.6475198
Knicks,Pistons,2026-02-19,1,0.5446682,1,0.64648
Wizards,Pacers,2026-02-19,0,0.39017013,0,0.46491596
76ers,Hawks,2026-02-19,0,0.45201167,0,0.4700323
Cavaliers,Nets,2026-02-19,1,0.80954623,1,0.7678768
Hornets,Rockets,2026-02-19,0,0.4180674,0,0.4016605
Hornets,Cavaliers,2026-02-20,1,0.5115403,0,0.32140806
Wizards,Pacers,2026-02-20,0,0.39133838,0,0.4639606
Grizzlies,Jazz,2026-02-20,1,0.86735845,1,0.6188572
Hawks,Heat,2026-02-20,0,0.43221164,1,0.5053125
Timberwolves,Mavericks,2026-02-20,1,0.71809983,1,0.67147255
Pelicans,Bucks,2026-02-20,0,0.38480607,0,0.42582917
Thunder,Nets,2026-02-20,1,0.82771397,1,0.8120834
Lakers,Clippers,2026-02-20,0,0.1374664,1,0.5268959
Trail Blazers,Nuggets,2026-02-20,0,0.46557778,0,0.44968656
Spurs,Kings,2026-02-21,1,0.7335808,1,0.6096121
Bulls,Pistons,2026-02-21,0,0.40995574,1,0.504488
Knicks,Rockets,2026-02-21,1,0.69110084,1,0.52880734
Pelicans,76ers,2026-02-21,1,0.5300619,1,0.6083218
Suns,Magic,2026-02-21,0,0.374365,1,0.5195026
Heat,Grizzlies,2026-02-21,1,0.7061773,1,0.6440937
Clippers,Magic,2026-02-22,1,0.70584565,1,0.57360834
Suns,Trail Blazers,2026-02-22,0,0.48990566,1,0.596898
Bulls,Knicks,2026-02-22,0,0.25109568,1,0.5377085
Lakers,Celtics,2026-02-22,0,0.2264398,0,0.43700314
Wizards,Hornets,2026-02-22,0,0.3336293,1,0.5651576
Timberwolves,76ers,2026-02-22,1,0.7154983,1,0.7640922
Warriors,Nuggets,2026-02-22,0,0.33606532,1,0.5048771
Bucks,Raptors,2026-02-22,1,0.6563425,1,0.7227994
Hawks,Nets,2026-02-22,1,0.6861485,1,0.63345075
Thunder,Cavaliers,2026-02-22,1,0.74518937,1,0.61413944
Pacers,Mavericks,2026-02-22,1,0.6048254,1,0.53296155
Pistons,Spurs,2026-02-23,1,0.68654835,1,0.5843825
Grizzlies,Kings,2026-02-23,1,0.631975,1,0.5463147
Rockets,Jazz,2026-02-23,1,0.8085399,1,0.71645796
Pelicans,Warriors,2026-02-24,0,0.24381061,0,0.37840793
Trail Blazers,Timberwolves,2026-02-24,0,0.42671064,0,0.48627853
Lakers,Magic,2026-02-24,0,0.33572665,1,0.53833836
Suns,Celtics,2026-02-24,0,0.27622077,0,0.37927297
Bucks,Heat,2026-02-24,0,0.39156345,1,0.5375258
Cavaliers,Knicks,2026-02-24,1,0.681177,1,0.6087479
Raptors,Thunder,2026-02-24,0,0.2424283,0,0.3021676
Nets,Mavericks,2026-02-24,1,0.5074003,0,0.43990287
Hawks,Wizards,2026-02-24,1,0.7522746,1,0.7373272
Pacers,76ers,2026-02-24,1,0.6462586,1,0.66949415
Bulls,Hornets,2026-02-24,0,0.49707407,1,0.6621439
Pistons,Thunder,2026-02-25,0,0.30760685,0,0.4052202
Raptors,Spurs,2026-02-25,1,0.5900074,0,0.44201982
Grizzlies,Warriors,2026-02-25,1,0.55452996,1,0.5614556
Rockets,Kings,2026-02-25,1,0.6700418,1,0.71009856
Bucks,Cavaliers,2026-02-25,0,0.45647797,1,0.5349136
Nuggets,Celtics,2026-02-25,1,0.5553991,0,0.49646604
Mavericks,Kings,2026-02-26,0,0.42928785,1,0.5642792
Clippers,Timberwolves,2026-02-26,1,0.5876024,0,0.49659854
Jazz,Pelicans,2026-02-26,1,0.58771586,1,0.5702672
Suns,Lakers,2026-02-26,1,0.658296,1,0.55064994
Bulls,Trail Blazers,2026-02-26,0,0.4267429,1,0.5623834
Magic,Rockets,2026-02-26,0,0.32107407,0,0.4816494
Nets,Spurs,2026-02-26,1,0.55610454,0,0.4819786
Hawks,Wizards,2026-02-26,1,0.7522746,1,0.7373272
76ers,Heat,2026-02-26,0,0.30861017,0,0.4248459
Pacers,Hornets,2026-02-26,1,0.62957823,1,0.6688426
Pistons,Cavaliers,2026-02-27,1,0.56015754,1,0.5370717
Celtics,Nets,2026-02-27,1,0.74346006,1,0.76855284
Bucks,Knicks,2026-02-27,0,0.3577839,1,0.62640256
Mavericks,Grizzlies,2026-02-27,0,0.46042228,1,0.50645196
Thunder,Nuggets,2026-02-27,1,0.5991994,1,0.65547127
Hornets,Trail Blazers,2026-02-28,1,0.58088666,0,0.43550888
Heat,Rockets,2026-02-28,1,0.53028023,1,0.6088461
Wizards,Raptors,2026-02-28,0,0.45319822,1,0.53841025
Warriors,Lakers,2026-02-28,1,0.8389749,1,0.6562474
Jazz,Pelicans,2026-02-28,1,0.5880466,1,0.5682005
Magic,Pistons,2026-03-01,0,0.46486026,0,0.4970617
Celtics,76ers,2026-03-01,1,0.71300125,1,0.76278895
Clippers,Pelicans,2026-03-01,1,0.7517954,1,0.6650852
Mavericks,Thunder,2026-03-01,0,0.19389898,0,0.31473488
Hawks,Trail Blazers,2026-03-01,1,0.62210953,1,0.5894162
Lakers,Kings,2026-03-01,0,0.40406293,1,0.59163004
Nuggets,Timberwolves,2026-03-01,1,0.6533145,1,0.6605347
Bulls,Bucks,2026-03-01,0,0.48123214,0,0.48272586
Nets,Cavaliers,2026-03-01,0,0.41887346,0,0.3573872
Knicks,Spurs,2026-03-01,1,0.7518127,1,0.5961921
Pacers,Grizzlies,2026-03-01,1,0.6718743,1,0.64790946
Jazz,Nuggets,2026-03-02,0,0.28501117,0,0.36918083
Warriors,Clippers,2026-03-02,0,0.34740525,1,0.62277216
Wizards,Rockets,2026-03-02,0,0.31277964,0,0.35897568
Bucks,Celtics,2026-03-02,0,0.47534737,1,0.5486964
Kings,Suns,2026-03-03,1,0.5544476,1,0.5913249
Timberwolves,Grizzlies,2026-03-03,1,0.7371061,1,0.6907125
Bulls,Thunder,2026-03-03,0,0.24832752,0,0.34445465
76ers,Spurs,2026-03-03,0,0.4999428,1,0.501159
Lakers,Pelicans,2026-03-03,0,0.4245485,1,0.5994477
Heat,Nets,2026-03-03,1,0.6695055,1,0.7357822
Magic,Wizards,2026-03-03,1,0.7977646,1,0.7355524
Cavaliers,Pistons,2026-03-03,1,0.70235854,1,0.6390381
Hornets,Mavericks,2026-03-03,1,0.5300288,0,0.4874317
Raptors,Knicks,2026-03-03,0,0.3133812,0,0.45607486
Knicks,Thunder,2026-03-04,0,0.48444018,0,0.41141546
Celtics,Hornets,2026-03-04,1,0.700639,1,0.78868943
76ers,Jazz,2026-03-04,1,0.578356,1,0.5364259
Grizzlies,Trail Blazers,2026-03-04,1,0.6982291,1,0.5684808
Bucks,Hawks,2026-03-04,0,0.49178025,1,0.6443136
Clippers,Pacers,2026-03-04,1,0.70936686,1,0.5347093
Suns,Bulls,2026-03-05,1,0.5758699,1,0.5503707
Kings,Pelicans,2026-03-05,1,0.74610615,1,0.69167554
Nuggets,Lakers,2026-03-05,1,0.874211,1,0.7092649
Spurs,Pistons,2026-03-05,1,0.5945207,1,0.5778288
Timberwolves,Raptors,2026-03-05,1,0.7378596,1,0.6626591
Rockets,Warriors,2026-03-05,1,0.5834543,1,0.6357533
Heat,Nets,2026-03-05,1,0.67000145,1,0.7357822
Wizards,Jazz,2026-03-05,1,0.5550303,0,0.46323666
Magic,Mavericks,2026-03-05,1,0.55414677,1,0.53043413
Spurs,Clippers,2026-03-06,0,0.41063535,1,0.56689626
Suns,Pelicans,2026-03-06,1,0.62193894,1,0.63570464
Nuggets,Knicks,2026-03-06,1,0.5840652,1,0.63248396
Lakers,Pacers,2026-03-06,0,0.30613062,1,0.5361788
Hornets,Heat,2026-03-06,0,0.4848971,0,0.43492088
Celtics,Mavericks,2026-03-06,1,0.6314768,1,0.6672448
Rockets,Trail Blazers,2026-03-06,1,0.70158947,1,0.69284123
Timberwolves,Magic,2026-03-07,1,0.7165349,1,0.6713143
Pistons,Nets,2026-03-07,1,0.7198053,1,0.71563923
Hawks,76ers,2026-03-07,1,0.6327361,1,0.6684025
Grizzlies,Clippers,2026-03-07,0,0.36195686,1,0.62607956
Bucks,Jazz,2026-03-07,1,0.64905405,1,0.677579
Thunder,Warriors,2026-03-07,1,0.7563875,1,0.63925874
Spurs,Rockets,2026-03-08,1,0.6273924,0,0.46400237
Kings,Bulls,2026-03-08,1,0.67478967,1,0.6403486
Trail Blazers,Pacers,2026-03-08,1,0.5685903,1,0.5480929
Suns,Hornets,2026-03-08,0,0.37296873,1,0.6154054
Bucks,Magic,2026-03-08,1,0.5442412,1,0.67907244
Lakers,Knicks,2026-03-08,0,0.2147298,1,0.5244559
Raptors,Mavericks,2026-03-08,0,0.46287364,0,0.42388752
Heat,Pistons,2026-03-08,1,0.6303928,1,0.61974865
Cavaliers,Celtics,2026-03-08,1,0.54483855,1,0.5501759
Pelicans,Wizards,2026-03-08,1,0.56658995,0,0.47614974
Cavaliers,76ers,2026-03-09,1,0.7294289,1,0.7436641
Nets,Grizzlies,2026-03-09,0,0.37741834,0,0.465066
Thunder,Nuggets,2026-03-09,1,0.5989028,1,0.65277034
Jazz,Warriors,2026-03-09,0,0.306266,0,0.37523103
Clippers,Knicks,2026-03-09,1,0.6285652,1,0.5113863
Lakers,Timberwolves,2026-03-10,0,0.2789477,0,0.4742322
Trail Blazers,Hornets,2026-03-10,1,0.5487627,1,0.61109763
Warriors,Bulls,2026-03-10,1,0.61479545,1,0.61951154
Spurs,Celtics,2026-03-10,1,0.59245706,0,0.41381937
Bucks,Suns,2026-03-10,1,0.5668123,1,0.66775465
Kings,Pacers,2026-03-10,0,0.4407863,1,0.60067165
Hawks,Mavericks,2026-03-10,1,0.6275357,1,0.54685205
Heat,Wizards,2026-03-10,1,0.8328967,1,0.7819543
Nets,Pistons,2026-03-10,0,0.42743903,0,0.42671844
76ers,Grizzlies,2026-03-10,0,0.38471437,0,0.45512375
Rockets,Raptors,2026-03-10,1,0.6472285,1,0.76264155
Magic,Cavaliers,2026-03-11,0,0.4036388,0,0.45788866
Pelicans,Raptors,2026-03-11,0,0.42259932,0,0.46542045
Jazz,Knicks,2026-03-11,0,0.23559722,0,0.39189404
Nuggets,Rockets,2026-03-11,1,0.6055211,1,0.55183876
Kings,Hornets,2026-03-11,0,0.47969696,1,0.6484764
Clippers,Timberwolves,2026-03-11,1,0.5881684,1,0.5081489
Lakers,Bulls,2026-03-12,0,0.33977646,1,0.59235686
Thunder,Celtics,2026-03-12,1,0.60155827,1,0.6764714
Spurs,Nuggets,2026-03-12,1,0.6306353,1,0.5009391
Heat,Bucks,2026-03-12,1,0.6556787,1,0.5895633
Pistons,76ers,2026-03-12,1,0.6188537,1,0.72659403
Magic,Wizards,2026-03-12,1,0.79801404,1,0.7220279
Pacers,Suns,2026-03-12,1,0.7299832,1,0.5929579
Hawks,Nets,2026-03-12,1,0.6861485,1,0.63345075
Warriors,Timberwolves,2026-03-13,0,0.45616117,1,0.53895396
Clippers,Bulls,2026-03-13,1,0.7316369,1,0.61121625
Trail Blazers,Jazz,2026-03-13,1,0.7931701,1,0.5692718
Mavericks,Cavaliers,2026-03-13,0,0.337602,0,0.4133392
Pistons,Grizzlies,2026-03-13,0,0.47217047,1,0.5528402
Raptors,Suns,2026-03-13,0,0.47224343,0,0.4564445
Rockets,Pelicans,2026-03-13,1,0.7931679,1,0.80865705
Pacers,Knicks,2026-03-13,0,0.47537598,1,0.5615145
76ers,Nets,2026-03-14,1,0.5686157,1,0.5572337
Hawks,Bucks,2026-03-14,1,0.5299256,1,0.5339384
Celtics,Wizards,2026-03-14,1,0.84921277,1,0.8027327
Heat,Magic,2026-03-14,1,0.57874167,1,0.6750994
Spurs,Hornets,2026-03-14,1,0.5288794,1,0.6459516
Lakers,Nuggets,2026-03-14,0,0.19270045,0,0.4703782
Clippers,Kings,2026-03-14,1,0.58304584,1,0.54110354
Cavaliers,Mavericks,2026-03-15,1,0.7314957,1,0.71899796
Thunder,Timberwolves,2026-03-15,1,0.6636636,1,0.6691185
Raptors,Pistons,2026-03-15,0,0.36922026,0,0.36522037
Bucks,Pacers,2026-03-15,1,0.5420371,1,0.60352045
76ers,Trail Blazers,2026-03-15,0,0.41814455,1,0.5415253
Knicks,Warriors,2026-03-15,1,0.58573043,1,0.56093514
Kings,Jazz,2026-03-15,1,0.74797153,1,0.6040359
Rockets,Lakers,2026-03-16,1,0.7996219,1,0.6704941
Nets,Trail Blazers,2026-03-16,0,0.45805562,0,0.45175675
Clippers,Spurs,2026-03-16,1,0.71351373,1,0.56538904
Pelicans,Mavericks,2026-03-16,0,0.3666381,0,0.36183915
Wizards,Warriors,2026-03-16,0,0.31036773,0,0.3861844
Celtics,Suns,2026-03-16,1,0.73311865,1,0.70776993
Hawks,Magic,2026-03-16,1,0.5558244,1,0.5899282
Bulls,Grizzlies,2026-03-16,0,0.3748245,1,0.5759246
Hornets,Heat,2026-03-17,0,0.48401728,0,0.42878556
Magic,Thunder,2026-03-17,0,0.28509971,0,0.31661174
Wizards,Pistons,2026-03-17,0,0.37993327,0,0.3909202
Knicks,Pacers,2026-03-17,1,0.7389996,1,0.6269512
Bucks,Cavaliers,2026-03-17,0,0.45644838,1,0.5356276
Timberwolves,Suns,2026-03-17,1,0.84251153,1,0.69315
Nuggets,76ers,2026-03-17,1,0.6566771,1,0.7373293
Kings,Spurs,2026-03-17,1,0.53698266,1,0.58477014
Timberwolves,Jazz,2026-03-18,1,0.84074485,1,0.7145108
Mavericks,Hawks,2026-03-18,1,0.609326,1,0.52644384
Pelicans,Clippers,2026-03-18,0,0.24205154,0,0.39695355
Rockets,Lakers,2026-03-18,1,0.79976743,1,0.6711593
Grizzlies,Knicks,2026-03-18,0,0.4641392,1,0.57382494
Pacers,Trail Blazers,2026-03-18,1,0.63929033,1,0.55203295
Nets,Thunder,2026-03-18,0,0.2829336,0,0.25791022
Celtics,Warriors,2026-03-18,1,0.69063926,1,0.6854234
Bulls,Raptors,2026-03-18,0,0.48055294,1,0.65114796
Jazz,Bucks,2026-03-19,1,0.5043137,0,0.4323652
Spurs,Suns,2026-03-19,1,0.72146297,1,0.6561854
Pelicans,Clippers,2026-03-19,0,0.24230218,0,0.4190364
Kings,76ers,2026-03-19,1,0.6523975,1,0.6942684
Heat,Lakers,2026-03-19,1,0.9112054,1,0.6848723
Wizards,Pistons,2026-03-19,0,0.38000637,0,0.405223
Hornets,Magic,2026-03-19,1,0.6220273,0,0.43460742
Bulls,Cavaliers,2026-03-19,0,0.38624024,0,0.47190076
Nets,Knicks,2026-03-20,0,0.27005515,0,0.48073348
Pistons,Warriors,2026-03-20,0,0.43924832,1,0.53663796
Rockets,Hawks,2026-03-20,1,0.6759225,1,0.6804729
Grizzlies,Celtics,2026-03-20,0,0.45288837,0,0.4072735
Timberwolves,Trail Blazers,2026-03-20,1,0.77387863,1,0.645615
Nuggets,Raptors,2026-03-20,1,0.72629964,1,0.7863613
Spurs,Pacers,2026-03-21,1,0.61291814,1,0.56558216
Suns,Bucks,2026-03-21,0,0.4446431,1,0.53009456
Jazz,76ers,2026-03-21,1,0.6150882,1,0.59508157
Mavericks,Clippers,2026-03-21,0,0.4113977,1,0.5319349
Rockets,Heat,2026-03-21,1,0.52350175,1,0.60121804
Wizards,Thunder,2026-03-21,0,0.23290052,0,0.29720575
Pelicans,Cavaliers,2026-03-21,0,0.30994797,0,0.3873663
Magic,Lakers,2026-03-21,1,0.83292735,1,0.5737883
Hornets,Grizzlies,2026-03-21,0,0.4852488,0,0.4505702
Hawks,Warriors,2026-03-21,0,0.48796245,1,0.5178519
Nuggets,Trail Blazers,2026-03-22,1,0.6574234,1,0.6750868
Kings,Nets,2026-03-22,1,0.5833732,1,0.64957726
Knicks,Wizards,2026-03-22,1,0.85958534,1,0.77856565
Celtics,Timberwolves,2026-03-22,1,0.7419103,1,0.69056165
Suns,Raptors,2026-03-22,1,0.54463065,1,0.668006
Clippers,Bucks,2026-03-23,1,0.72514874,1,0.55472684
Trail Blazers,Nets,2026-03-23,1,0.72707677,1,0.5671565
Mavericks,Warriors,2026-03-23,0,0.4415798,0,0.4445347
Jazz,Raptors,2026-03-23,0,0.49793208,1,0.5660917
Bulls,Rockets,2026-03-23,0,0.36504743,0,0.46453652
76ers,Thunder,2026-03-23,0,0.22360042,0,0.25942054
Magic,Pacers,2026-03-23,1,0.5828301,1,0.536359
Pistons,Lakers,2026-03-23,1,0.85105747,1,0.65605193
Hawks,Grizzlies,2026-03-23,1,0.5477494,1,0.6231081
Heat,Spurs,2026-03-23,1,0.5634978,1,0.5607584
Hornets,Kings,2026-03-24,0,0.47641435,0,0.49781448
Knicks,Pelicans,2026-03-24,1,0.7820722,1,0.69833976
Cavaliers,Magic,2026-03-24,1,0.7398679,1,0.7057919
Suns,Nuggets,2026-03-24,0,0.3160933,0,0.478953
Trail Blazers,Bucks,2026-03-25,1,0.5210568,0,0.44945055
Warriors,Nets,2026-03-25,1,0.6752379,1,0.66398525
Nuggets,Mavericks,2026-03-25,1,0.7514404,1,0.6425929
Timberwolves,Rockets,2026-03-25,1,0.6469515,1,0.57603383
Jazz,Wizards,2026-03-25,1,0.68988657,1,0.6190012
76ers,Bulls,2026-03-25,1,0.55015147,1,0.575435
Cavaliers,Heat,2026-03-25,1,0.67962503,1,0.6451545
Celtics,Thunder,2026-03-25,0,0.4571531,1,0.537063
Clippers,Raptors,2026-03-25,1,0.71420497,1,0.65335053
Pacers,Lakers,2026-03-25,1,0.82054055,1,0.5728529
Pistons,Hawks,2026-03-25,0,0.44408676,1,0.6307899
Grizzlies,Spurs,2026-03-25,1,0.68476725,1,0.52769715
Magic,Kings,2026-03-26,1,0.6320398,1,0.54445803
Pistons,Pelicans,2026-03-26,1,0.65414065,1,0.68065083
Hornets,Knicks,2026-03-26,0,0.41972083,0,0.40371227
Trail Blazers,Mavericks,2026-03-27,1,0.5433885,1,0.53391695
Warriors,Wizards,2026-03-27,1,0.81907964,1,0.70619017
Nuggets,Jazz,2026-03-27,1,0.84758747,1,0.72486895
Raptors,Pelicans,2026-03-27,1,0.6929592,1,0.6016578
Lakers,Nets,2026-03-27,0,0.46928716,1,0.59532267
Grizzlies,Rockets,2026-03-27,0,0.4794079,0,0.47301078
Cavaliers,Heat,2026-03-27,1,0.6795992,1,0.6488637
Celtics,Hawks,2026-03-27,1,0.7460901,1,0.74532247
Pacers,Clippers,2026-03-27,0,0.4445112,1,0.58892244
Thunder,Bulls,2026-03-27,1,0.8260479,1,0.7647685
Bucks,Spurs,2026-03-28,1,0.5408175,1,0.63530964
Hornets,76ers,2026-03-28,1,0.62237,1,0.5788478
Hawks,Kings,2026-03-28,1,0.5357269,1,0.6442525
Grizzlies,Bulls,2026-03-28,1,0.7263011,1,0.6003781
Timberwolves,Pistons,2026-03-28,1,0.7050344,1,0.6289636
Suns,Jazz,2026-03-28,1,0.75223315,1,0.56722635
Pelicans,Rockets,2026-03-29,0,0.24565464,0,0.34169278
Nuggets,Warriors,2026-03-29,1,0.61944664,1,0.64561874
Thunder,Knicks,2026-03-29,1,0.7650173,1,0.7470383
Trail Blazers,Wizards,2026-03-29,1,0.7956369,1,0.640029
Pacers,Heat,2026-03-29,1,0.5190326,1,0.5876287
Hornets,Celtics,2026-03-29,0,0.33139503,0,0.35705692
Nets,Kings,2026-03-29,0,0.45638624,1,0.549912
Raptors,Magic,2026-03-29,0,0.40529427,0,0.45718098
Bucks,Clippers,2026-03-29,0,0.33258665,1,0.60240906
Lakers,Wizards,2026-03-30,0,0.4436951,1,0.6614211
Jazz,Cavaliers,2026-03-30,0,0.27721483,0,0.37521413
Mavericks,Timberwolves,2026-03-30,0,0.46856958,0,0.4708027
Thunder,Pistons,2026-03-30,1,0.7685536,1,0.72134715
Grizzlies,Suns,2026-03-30,1,0.79248285,1,0.65220475
Hawks,Celtics,2026-03-30,0,0.3868318,0,0.48668587
Heat,76ers,2026-03-30,1,0.7311485,1,0.7594584
Spurs,Bulls,2026-03-30,1,0.7673545,1,0.6031631
Magic,Suns,2026-03-31,1,0.54877067,1,0.6243922
Nets,Hornets,2026-03-31,0,0.37341255,1,0.5852167
Pistons,Raptors,2026-03-31,1,0.6762739,1,0.7612998
Rockets,Knicks,2026-03-31,0,0.49730414,1,0.5902837
Lakers,Cavaliers,2026-03-31,0,0.23247156,0,0.46940306
Clippers,Trail Blazers,2026-03-31,1,0.7453505,0,0.4879886
Grizzlies,Mavericks,2026-04-01,1,0.60478526,1,0.51175773
Warriors,Spurs,2026-04-01,1,0.59045976,1,0.5694877
Jazz,Nuggets,2026-04-01,0,0.2853422,0,0.35946438
Rockets,Bucks,2026-04-01,1,0.58463573,1,0.6612226
Wizards,76ers,2026-04-01,1,0.526459,1,0.583699
Raptors,Kings,2026-04-01,1,0.5763662,0,0.43469337
Magic,Hawks,2026-04-01,1,0.56532145,1,0.61979103
Heat,Celtics,2026-04-01,1,0.5443171,0,0.42392966
Bulls,Pacers,2026-04-01,0,0.40498945,1,0.5831317
Hornets,Suns,2026-04-02,1,0.5786706,1,0.50246793
Pistons,Timberwolves,2026-04-02,0,0.4065896,0,0.49463978
Thunder,Lakers,2026-04-02,1,0.9321568,1,0.7644794
Warriors,Cavaliers,2026-04-02,1,0.57833064,1,0.53965837
Trail Blazers,Pelicans,2026-04-02,1,0.6638062,1,0.6192784
Clippers,Spurs,2026-04-02,1,0.71367484,1,0.564645
Bucks,Celtics,2026-04-03,0,0.4747659,1,0.5370878
Mavericks,Magic,2026-04-03,1,0.5197694,1,0.559369
Kings,Pelicans,2026-04-03,1,0.74610865,1,0.6955863
Grizzlies,Raptors,2026-04-03,1,0.72643244,1,0.65290093
76ers,Timberwolves,2026-04-03,0,0.27613696,0,0.35232347
Knicks,Bulls,2026-04-03,1,0.7552451,1,0.621968
Nets,Hawks,2026-04-03,0,0.36711815,1,0.52584046
Hornets,Pacers,2026-04-03,0,0.48857304,0,0.43039197
Rockets,Jazz,2026-04-03,1,0.80846155,1,0.71446854
Heat,Wizards,2026-04-04,1,0.83282214,1,0.7766449
Nuggets,Spurs,2026-04-04,1,0.7255994,1,0.6158462
76ers,Pistons,2026-04-04,0,0.34734002,1,0.5052223
Kings,Clippers,2026-04-05,0,0.3340442,1,0.57575434
Mavericks,Lakers,2026-04-05,1,0.7567754,1,0.5734868
Thunder,Jazz,2026-04-05,1,0.9274901,1,0.7785861
Pelicans,Magic,2026-04-05,0,0.32463196,0,0.36373425
Timberwolves,Hornets,2026-04-05,1,0.6490438,1,0.7544911
Warriors,Rockets,2026-04-05,0,0.39591724,1,0.50534725
Bucks,Grizzlies,2026-04-05,0,0.4647775,1,0.5765024
Bulls,Suns,2026-04-05,0,0.4117301,1,0.58575433
Nets,Wizards,2026-04-05,1,0.7711381,1,0.6662783
Celtics,Raptors,2026-04-05,1,0.7732175,1,0.80059934
Cavaliers,Pacers,2026-04-05,1,0.6692513,1,0.69405353
Hawks,Knicks,2026-04-06,0,0.4401559,1,0.58754426
Magic,Pistons,2026-04-06,0,0.46485385,0,0.48600462
Grizzlies,Cavaliers,2026-04-06,1,0.6084142,0,0.36601707
Spurs,76ers,2026-04-06,1,0.6872678,1,0.7128646
Nuggets,Trail Blazers,2026-04-06,1,0.6577342,1,0.67331016
Suns,Rockets,2026-04-07,0,0.37314734,0,0.41660416
Clippers,Mavericks,2026-04-07,1,0.5860777,1,0.53316367
Lakers,Thunder,2026-04-07,0,0.27331427,0,0.41099995
Warriors,Kings,2026-04-07,1,0.55205834,1,0.63135046
Pelicans,Jazz,2026-04-07,0,0.42230296,0,0.42609927
Celtics,Hornets,2026-04-07,1,0.70051646,1,0.7790865
Raptors,Heat,2026-04-07,0,0.323824,0,0.37999746
Nets,Bucks,2026-04-07,0,0.46592465,0,0.4224831
Wizards,Bulls,2026-04-07,0,0.4366525,1,0.5217838
Pacers,Timberwolves,2026-04-07,1,0.5724207,1,0.61432725
Suns,Mavericks,2026-04-08,0,0.49525464,1,0.6013258
Clippers,Thunder,2026-04-08,1,0.5567632,0,0.44860998
Spurs,Trail Blazers,2026-04-08,1,0.67593884,1,0.5857285
Nuggets,Grizzlies,2026-04-08,1,0.7574699,1,0.6815938
Magic,Timberwolves,2026-04-08,0,0.4605733,1,0.54656124
Cavaliers,Hawks,2026-04-08,1,0.702137,1,0.6857345
Pistons,Bucks,2026-04-08,1,0.61777425,1,0.5894128
Raptors,Heat,2026-04-09,0,0.32448995,0,0.37999746
Wizards,Bulls,2026-04-09,0,0.4366525,1,0.5217838
Nets,Pacers,2026-04-09,0,0.41630924,0,0.4758913
Knicks,Celtics,2026-04-09,1,0.5363908,1,0.50185364
Rockets,76ers,2026-04-09,1,0.63792086,1,0.75345486
Warriors,Lakers,2026-04-09,1,0.83899444,1,0.6591281
Lakers,Suns,2026-04-10,0,0.2956869,1,0.6160688
Kings,Warriors,2026-04-10,0,0.45882857,1,0.51769596
Trail Blazers,Clippers,2026-04-10,0,0.41801882,1,0.55022854
Nuggets,Thunder,2026-04-10,1,0.5607423,0,0.49922806
Spurs,Mavericks,2026-04-10,1,0.7379303,1,0.669147
Bucks,Nets,2026-04-10,1,0.6020669,1,0.7103468
Rockets,Timberwolves,2026-04-10,1,0.57132095,1,0.59216213
Jazz,Grizzlies,2026-04-10,0,0.31576553,0,0.4433736
Knicks,Raptors,2026-04-10,1,0.67900175,1,0.6636462
Pacers,76ers,2026-04-10,1,0.64722705,1,0.6766701
Celtics,Pelicans,2026-04-10,1,0.799263,1,0.79817796
Hawks,Cavaliers,2026-04-10,0,0.4896856,1,0.52621245
Wizards,Heat,2026-04-10,0,0.3009947,0,0.35061863
Hornets,Pistons,2026-04-10,1,0.52841455,0,0.44447154
Bulls,Magic,2026-04-10,0,0.4155005,1,0.53026456
Lakers,Jazz,2026-04-12,0,0.48233387,1,0.556165
Spurs,Nuggets,2026-04-12,1,0.630396,0,0.499996
Thunder,Suns,2026-04-12,1,0.88106054,1,0.7576981
Timberwolves,Pelicans,2026-04-12,1,0.8266642,1,0.7790015
Rockets,Grizzlies,2026-04-12,1,0.5981558,1,0.68682206
Mavericks,Bulls,2026-04-12,0,0.44734582,1,0.6037337
Heat,Hawks,2026-04-12,1,0.5793444,1,0.68682724
76ers,Bucks,2026-04-12,0,0.47579145,0,0.44673142
Knicks,Hornets,2026-04-12,1,0.6815057,1,0.7277296
Pacers,Pistons,2026-04-12,1,0.63116276,1,0.54195434
Cavaliers,Wizards,2026-04-12,1,0.8780116,1,0.8059582
Celtics,Magic,2026-04-12,1,0.63611555,1,0.7037343
Clippers,Warriors,2026-04-12,1,0.613912,1,0.51283526
Raptors,Nets,2026-04-12,1,0.58810055,0,0.47666815
Trail Blazers,Kings,2026-04-12,1,0.5998072,1,0.556014
