hometeamname,awayteamname,gamedate,xgb_prob,xgb_pred,nn_prob,nn_pred,final_meta_prob,final_meta_pred
Knicks,76ers,2025-10-02 00:00:00,0.7074767,1,0.7332864,1,0.6966474812100382,1
Lakers,Suns,2025-10-03 00:00:00,0.58695614,1,0.20528898,0,0.529664018200119,1
76ers,Knicks,2025-10-04 00:00:00,0.46770462,0,0.19374691,0,0.43833361872325693,0
Heat,Magic,2025-10-04 00:00:00,0.65857714,1,0.6675538,1,0.6548908911738813,1
Nuggets,Timberwolves,2025-10-04 00:00:00,0.63098764,1,0.8227775,1,0.659335944953056,1
Warriors,Lakers,2025-10-05 00:00:00,0.6929762,1,0.7927511,1,0.6957423114224587,1
Hornets,Thunder,2025-10-05 00:00:00,0.31610066,0,0.49915898,0,0.37703512452689564,0
Heat,Bucks,2025-10-06 00:00:00,0.56295913,1,0.7104746,1,0.5941427247226476,1
Rockets,Hawks,2025-10-06 00:00:00,0.67266387,1,0.6234871,1,0.657875204535857,1
Grizzlies,Pistons,2025-10-06 00:00:00,0.6254,1,0.6425922,1,0.6281237924797923,1
Mavericks,Thunder,2025-10-06 00:00:00,0.3598583,0,0.29717875,0,0.3765629488128124,0
Raptors,Nuggets,2025-10-06 00:00:00,0.38889065,0,0.39758977,0,0.4133238064247047,0
Cavaliers,Bulls,2025-10-07 00:00:00,0.6382828,1,0.6882265,1,0.6440969584963926,1
Timberwolves,Pacers,2025-10-07 00:00:00,0.6572908,1,0.6538686,1,0.6519612091819781,1
Grizzlies,Celtics,2025-10-08 00:00:00,0.40194938,0,0.45286164,0,0.4318482223071055,0
Rockets,Jazz,2025-10-08 00:00:00,0.7295602,1,0.7101413,1,0.7073505613740058,1
Warriors,Trail Blazers,2025-10-08 00:00:00,0.58512664,1,0.51211846,1,0.5784703638784202,1
Heat,Spurs,2025-10-08 00:00:00,0.5919554,1,0.4966665,0,0.5809868114503461,1
Kings,Raptors,2025-10-08 00:00:00,0.66601044,1,0.63033974,1,0.6543790094878025,1
Knicks,Timberwolves,2025-10-09 00:00:00,0.6233402,1,0.30026668,0,0.5723032971149777,1
Bulls,Cavaliers,2025-10-09 00:00:00,0.5249561,1,0.40191057,0,0.5155768494000472,1
Bucks,Pistons,2025-10-09 00:00:00,0.60395896,1,0.74107385,1,0.6282784731282123,1
Thunder,Hornets,2025-10-09 00:00:00,0.7808806,1,0.87796867,1,0.7591879765906253,1
Trail Blazers,Kings,2025-10-10 00:00:00,0.5973535,1,0.48691326,0,0.5833693530500801,1
Nets,Suns,2025-10-10,0.51023006,1,0.29445508,0,0.4867078964408684,0
Raptors,Celtics,2025-10-10,0.34502676,0,0.37232137,0,0.3777626244549355,0
Spurs,Jazz,2025-10-10,0.67811066,1,0.9539792,1,0.7087090678321386,1
76ers,Magic,2025-10-10,0.3960992,0,0.14320542,0,0.3782429942355227,0
Grizzlies,Hawks,2025-10-11,0.52433264,1,0.547205,1,0.5390894406924057,1
Pacers,Thunder,2025-10-11,0.53608906,1,0.5183746,1,0.5431382855594461,1
Mavericks,Hornets,2025-10-11,0.6389269,1,0.5609506,1,0.6250025907110448,1
Bulls,Bucks,2025-10-12,0.50644714,1,0.4521047,0,0.5099582417736058,1
Clippers,Nuggets,2025-10-12,0.4509752,0,0.22234985,0,0.43061109449000945,0
Celtics,Cavaliers,2025-10-12,0.6777757,1,0.83680075,1,0.6922176833171368,1
Wizards,Raptors,2025-10-12,0.554266,1,0.3635189,0,0.5312483089853153,1
Suns,Nets,2025-10-12,0.6167941,1,0.32762292,0,0.571913278307689,1
Lakers,Warriors,2025-10-12,0.57462156,1,0.33029273,0,0.5410185386032246,1
Magic,Heat,2025-10-12,0.5784605,1,0.28839225,0,0.5369954812097713,1
Hawks,Heat,2025-10-13,0.55237865,1,0.6783626,1,0.5812706108701574,1
Pacers,Spurs,2025-10-13,0.6093245,1,0.5732566,1,0.6058380482202066,1
Knicks,Wizards,2025-10-13,0.79772407,1,0.9342025,1,0.7749007310663104,1
Jazz,Mavericks,2025-10-13,0.535836,1,0.19274426,0,0.48914148350615766,0
Trail Blazers,Warriors,2025-10-14,0.5129495,1,0.25488976,0,0.482208468937312,0
Pelicans,Rockets,2025-10-14,0.36487132,0,0.36472014,0,0.39070833024596824,0
Cavaliers,Pistons,2025-10-14,0.6464245,1,0.572623,1,0.6320783343413818,1
Bucks,Thunder,2025-10-14,0.47984597,0,0.41781187,0,0.48426205562700897,0
Nuggets,Bulls,2025-10-14,0.7620805,1,0.9054993,1,0.7521024405339868,1
Suns,Lakers,2025-10-14,0.53528875,1,0.55621886,1,0.5487539255533681,1
Celtics,Raptors,2025-10-15,0.79902583,1,0.6430683,1,0.740255616969101,1
Hornets,Grizzlies,2025-10-15,0.44103947,0,0.56844866,1,0.479996260606744,0
Lakers,Mavericks,2025-10-15,0.5857126,1,0.4724225,0,0.5724786792592009,1
Kings,Clippers,2025-10-15,0.60653585,1,0.6558114,1,0.6168334325516084,1
Bulls,Timberwolves,2025-10-16,0.48986873,0,0.09417479,0,0.43852880643514797,0
Pistons,Wizards,2025-10-16,0.7892842,1,0.8481483,1,0.7602019732694136,1
Magic,Pelicans,2025-10-16,0.80384576,1,0.81139326,1,0.7637393672409413,1
Hawks,Rockets,2025-10-16,0.52346045,1,0.73939824,1,0.5698744967629202,1
Jazz,Trail Blazers,2025-10-16,0.48951578,0,0.058806412,0,0.43250896348880896,0
Heat,Grizzlies,2025-10-17,0.68355674,1,0.9059233,1,0.7055138224265696,1
Lakers,Kings,2025-10-17,0.5485127,1,0.5214902,1,0.5529150007501804,1
Raptors,Nets,2025-10-17,0.53299415,1,0.657559,1,0.5636145552819841,1
Knicks,Hornets,2025-10-17,0.7626083,1,0.75554675,1,0.733437559243267,1
Thunder,Nuggets,2025-10-17,0.6350864,1,0.80168146,1,0.6589697511302987,1
Spurs,Pacers,2025-10-17,0.5231193,1,0.4726447,0,0.525887669898584,1
Warriors,Clippers,2025-10-17,0.6527108,1,0.89666927,1,0.6845334812555015,1
76ers,Timberwolves,2025-10-17,0.37641498,0,0.062232714,0,0.3520794255941836,0
Lakers,Warriors,2025-10-21,0.57141274,1,0.32981068,0,0.5385389982308025,1
Thunder,Rockets,2025-10-21,0.6275326,1,0.7575433,1,0.6471942446421627,1
Jazz,Clippers,2025-10-22,0.467701,0,0.3016743,0,0.45599929543713835,0
Bucks,Wizards,2025-10-22,0.74143004,1,0.78313684,1,0.7244485963077,1
Trail Blazers,Timberwolves,2025-10-22,0.53064877,1,0.19255045,0,0.4852071782591316,0
Suns,Kings,2025-10-22,0.58187145,1,0.5868869,1,0.5881236384980804,1
Bulls,Pistons,2025-10-22,0.59862137,1,0.34765875,0,0.561736139948138,1
Grizzlies,Pelicans,2025-10-22,0.7450915,1,0.80339414,1,0.7293007741131301,1
Hawks,Raptors,2025-10-22,0.6934218,1,0.6419733,1,0.6744951855528323,1
Celtics,76ers,2025-10-22,0.7672971,1,0.88148737,1,0.7520660544419692,1
Magic,Heat,2025-10-22,0.583315,1,0.28727385,0,0.540443841346996,1
Hornets,Nets,2025-10-22,0.49341607,0,0.5679655,1,0.5193238393219871,1
Mavericks,Spurs,2025-10-22,0.55944306,1,0.3374448,0,0.5308299363953434,1
Knicks,Cavaliers,2025-10-22,0.6827902,1,0.8243382,1,0.6936741812390441,1
Pacers,Thunder,2025-10-23,0.5369653,1,0.5207168,1,0.5441777173306321,1
Warriors,Nuggets,2025-10-23,0.50338286,1,0.3093478,0,0.4840216224767416,0
Kings,Jazz,2025-10-24,0.6739888,1,0.82369554,1,0.6879226823221857,1
Trail Blazers,Warriors,2025-10-24,0.49387336,0,0.25459608,0,0.46783672654526015,0
Mavericks,Wizards,2025-10-24,0.6911267,1,0.7140757,1,0.683397422367101,1
Pelicans,Spurs,2025-10-24,0.5216611,1,0.5685349,1,0.5406003611091789,1
Grizzlies,Heat,2025-10-24,0.53146666,1,0.54898,1,0.5447138160401995,1
Clippers,Suns,2025-10-24,0.5741102,1,0.38999265,0,0.5504385316170252,1
Raptors,Bucks,2025-10-24,0.4670567,0,0.4331842,0,0.47719047191871894,0
Nets,Cavaliers,2025-10-24,0.37387347,0,0.3869984,0,0.4007179294578526,0
Magic,Hawks,2025-10-24,0.6268344,1,0.44429094,0,0.5980056567539246,1
Lakers,Timberwolves,2025-10-24,0.5294674,1,0.1590767,0,0.47878395617826586,0
Knicks,Celtics,2025-10-24,0.5195701,1,0.7983663,1,0.5765627600192241,1
Rockets,Pistons,2025-10-24,0.6436048,1,0.5365729,1,0.6245197777597257,1
Magic,Bulls,2025-10-25,0.63084906,1,0.4724813,0,0.6053771122631434,1
Hawks,Thunder,2025-10-25,0.39011773,0,0.27921072,0,0.3953332852415946,0
76ers,Hornets,2025-10-25,0.5763098,1,0.38243458,0,0.5508387806779855,1
Grizzlies,Pacers,2025-10-25,0.5741707,1,0.7614535,1,0.6103158629374905,1
Nuggets,Suns,2025-10-25,0.6486336,1,0.68727374,1,0.6510657886994312,1
Kings,Lakers,2025-10-26,0.53034663,1,0.65163743,1,0.5606870640770566,1
Clippers,Trail Blazers,2025-10-26,0.43945292,0,0.48074383,0,0.4643304214052722,0
Mavericks,Raptors,2025-10-26,0.65423155,1,0.62817514,1,0.6459863361399975,1
Timberwolves,Pacers,2025-10-26,0.6507737,1,0.648448,1,0.6466754305767936,1
Pistons,Celtics,2025-10-26,0.46028775,0,0.45123556,0,0.47508857833463153,0
Heat,Knicks,2025-10-26,0.5453539,1,0.58398175,1,0.5607808438613294,1
Cavaliers,Bucks,2025-10-26,0.65796816,1,0.8986194,1,0.6882192032955379,1
Spurs,Nets,2025-10-26,0.62089294,1,0.7887927,1,0.6473548551289547,1
Wizards,Hornets,2025-10-26,0.564514,1,0.5268179,1,0.5656600289082289,1
Lakers,Trail Blazers,2025-10-27,0.58119744,1,0.3866587,0,0.5551682478502808,1
Warriors,Grizzlies,2025-10-27,0.6471451,1,0.44553494,0,0.6128110377165111,1
Jazz,Suns,2025-10-27,0.54845464,1,0.25582132,0,0.509081642098104,1
Mavericks,Thunder,2025-10-27,0.33982256,0,0.2459103,0,0.354699081418595,0
Pelicans,Celtics,2025-10-27,0.31112465,0,0.393838,0,0.35734915356142255,0
Spurs,Raptors,2025-10-27,0.7009481,1,0.7918827,1,0.7006790357528238,1
Bulls,Hawks,2025-10-27,0.5876674,1,0.21098623,0,0.5311372802245511,1
76ers,Magic,2025-10-27,0.38124922,0,0.13983202,0,0.36726650127777194,0
Timberwolves,Nuggets,2025-10-27,0.6210706,1,0.8706313,1,0.6597472872146699,1
Pistons,Cavaliers,2025-10-27,0.55748445,1,0.7436141,1,0.595459412934521,1
Rockets,Nets,2025-10-27,0.76642865,1,0.7323152,1,0.7326778027588414,1
Wizards,76ers,2025-10-28,0.5840186,1,0.5346489,1,0.5812927502260928,1
Heat,Hornets,2025-10-28,0.71116066,1,0.73405087,1,0.6990931106388522,1
Bucks,Knicks,2025-10-28,0.59480715,1,0.44447985,0,0.5746502508383676,1
Thunder,Kings,2025-10-28,0.75287753,1,0.858486,1,0.7409686692337253,1
Warriors,Clippers,2025-10-28,0.6297058,1,0.896287,1,0.6693311052570659,1
Suns,Grizzlies,2025-10-29,0.57741916,1,0.6418197,1,0.5936775263276484,1
Timberwolves,Lakers,2025-10-29,0.6962293,1,0.915829,1,0.7147186722255436,1
Jazz,Trail Blazers,2025-10-29,0.49679887,0,0.058691647,0,0.43788066540742937,0
Nuggets,Pelicans,2025-10-29,0.8159782,1,0.9589902,1,0.7871071246260171,1
Mavericks,Pacers,2025-10-29,0.5287056,1,0.56075764,1,0.5445864349563335,1
Celtics,Cavaliers,2025-10-29,0.676851,1,0.8369021,1,0.6916384651225769,1
Raptors,Rockets,2025-10-29,0.38824257,0,0.3102586,0,0.39890449083281115,0
Nets,Hawks,2025-10-29,0.50907624,1,0.22267841,0,0.47397546986435146,0
Pistons,Magic,2025-10-29,0.6968077,1,0.78547823,1,0.69716302342689,1
Bulls,Kings,2025-10-29,0.5625512,1,0.37892297,0,0.5399908856541049,1
Spurs,Heat,2025-10-30,0.56271267,1,0.4085605,0,0.5449832520293566,1
Thunder,Wizards,2025-10-30,0.83519423,1,0.9181369,1,0.7922234059876154,1
Hornets,Magic,2025-10-30,0.4150198,0,0.38564795,0,0.430582979851265,0
Bucks,Warriors,2025-10-30,0.62711877,1,0.7776492,1,0.6499452846283185,1
Pacers,Hawks,2025-10-31,0.59851104,1,0.4747583,0,0.5822594974297756,1
76ers,Celtics,2025-10-31,0.36102512,0,0.22848846,0,0.36675992737450014,0
Cavaliers,Raptors,2025-10-31,0.7878478,1,0.8137418,1,0.755224734689463,1
Bulls,Knicks,2025-10-31,0.55676574,1,0.1990945,0,0.5059463453421251,1
Grizzlies,Lakers,2025-10-31,0.65222603,1,0.82288915,1,0.6735666992699338,1
Suns,Jazz,2025-10-31,0.6247808,1,0.7722627,1,0.6475281256753717,1
Trail Blazers,Nuggets,2025-10-31,0.5204581,1,0.34168422,0,0.5022240414660817,1
Clippers,Pelicans,2025-10-31,0.65301424,1,0.58840096,1,0.6390942972530818,1
Bucks,Kings,2025-11-01,0.630036,1,0.7994451,1,0.655209497642319,1
Hornets,Timberwolves,2025-11-01,0.3803686,0,0.18976043,0,0.3743626128880496,0
Pacers,Warriors,2025-11-01,0.5932169,1,0.7795273,1,0.626670714691031,1
Wizards,Magic,2025-11-01,0.4315689,0,0.14471564,0,0.4039076733897515,0
Celtics,Rockets,2025-11-01,0.6265485,1,0.73571277,1,0.6432062237927624,1
Pistons,Mavericks,2025-11-01,0.67762804,1,0.5497506,1,0.6502076992783938,1
Suns,Spurs,2025-11-02,0.5364933,1,0.5815424,1,0.5537998927647649,1
Knicks,Bulls,2025-11-02,0.64130193,1,0.8854815,1,0.6754461815716211,1
Lakers,Heat,2025-11-02,0.5751018,1,0.3545237,0,0.5453593821000481,1
Raptors,Grizzlies,2025-11-02,0.46179858,0,0.6889268,1,0.5155554358091687,1
Thunder,Pelicans,2025-11-02,0.85843503,1,0.85470945,1,0.7967903017988343,1
Hornets,Jazz,2025-11-02,0.52507544,1,0.5217322,1,0.5354513444212055,1
Cavaliers,Hawks,2025-11-02,0.69145197,1,0.63555187,1,0.6722552629792365,1
Nets,76ers,2025-11-02,0.5941325,1,0.44920394,0,0.5749184340274116,1
Nets,Timberwolves,2025-11-03,0.3919475,0,0.2288522,0,0.3886974754700411,0
Pacers,Bucks,2025-11-03,0.60588485,1,0.6665688,1,0.6180532760303561,1
Celtics,Jazz,2025-11-03,0.72480655,1,0.7391253,1,0.7083601598115524,1
Knicks,Wizards,2025-11-03,0.7852983,1,0.9333006,1,0.768200997367615,1
Rockets,Mavericks,2025-11-03,0.69251287,1,0.6509755,1,0.6752028822328943,1
Grizzlies,Pistons,2025-11-03,0.64688927,1,0.6032897,1,0.6371124215447225,1
Nuggets,Kings,2025-11-03,0.70429146,1,0.8367102,1,0.7089499185659065,1
Trail Blazers,Lakers,2025-11-03,0.652286,1,0.7615469,1,0.6646120411485889,1
Clippers,Heat,2025-11-03,0.49282274,0,0.2640944,0,0.46861535038444996,0
Clippers,Thunder,2025-11-04,0.39997852,0,0.3162319,0,0.40836281444068945,0
Pelicans,Hornets,2025-11-04,0.53996587,1,0.6792889,1,0.5722969424894297,1
Warriors,Suns,2025-11-04,0.59943485,1,0.32530075,0,0.5586914487433984,1
Hawks,Magic,2025-11-04,0.57720923,1,0.75404567,1,0.6113245509970683,1
Raptors,Bucks,2025-11-04,0.4670567,0,0.43409464,0,0.47734090437192744,0
Bulls,76ers,2025-11-04,0.66022366,1,0.4578058,0,0.624021206406696,1
Pistons,Jazz,2025-11-05,0.65910023,1,0.7909901,1,0.6734726943097543,1
Pacers,Nets,2025-11-05,0.7038741,1,0.820518,1,0.706471654128171,1
Celtics,Wizards,2025-11-05,0.8106816,1,0.8972981,1,0.7774328611306486,1
Knicks,Timberwolves,2025-11-05,0.6087575,1,0.29958218,0,0.561411214519025,1
Grizzlies,Rockets,2025-11-05,0.44367236,0,0.4178672,0,0.4571407985202287,0
Mavericks,Pelicans,2025-11-05,0.65136486,1,0.6661992,1,0.6497621621133146,1
Nuggets,Heat,2025-11-05,0.6680571,1,0.6690476,1,0.6615350722787755,1
Lakers,Spurs,2025-11-05,0.59929085,1,0.40592232,0,0.5717058573094558,1
Trail Blazers,Thunder,2025-11-05,0.35535455,0,0.23014207,0,0.3630566932169229,0
Kings,Warriors,2025-11-05,0.51469684,1,0.7164998,1,0.5596607925436253,1
Cavaliers,76ers,2025-11-05,0.7738607,1,0.87768894,1,0.7552681689199141,1
Suns,Clippers,2025-11-06,0.5658325,1,0.5215565,1,0.5657793231819659,1
Bucks,Bulls,2025-11-07,0.64645725,1,0.6877116,1,0.6496415701597028,1
Nuggets,Warriors,2025-11-07,0.6862944,1,0.73249245,1,0.6828880253896811,1
Grizzlies,Mavericks,2025-11-07,0.5310047,1,0.45915446,0,0.5295785919852732,1
Kings,Thunder,2025-11-07,0.41093734,0,0.35261688,0,0.4222260372846175,0
Heat,Hornets,2025-11-07,0.7088614,1,0.7330629,1,0.6974966623242677,1
Timberwolves,Jazz,2025-11-07,0.71317804,1,0.81620526,1,0.7116616020904333,1
Nets,Pistons,2025-11-07,0.43075314,0,0.29683343,0,0.4277788195170704,0
Hawks,Raptors,2025-11-07,0.6924434,1,0.64239323,1,0.6739091605470915,1
Spurs,Rockets,2025-11-07,0.42703122,0,0.32006645,0,0.4288023061262848,0
Wizards,Cavaliers,2025-11-07,0.34393746,0,0.42214966,0,0.38477370136575767,0
Magic,Celtics,2025-11-07,0.5119521,1,0.40284503,0,0.5059472228745142,1
Clippers,Suns,2025-11-08,0.5741102,1,0.38999265,0,0.5504385316170252,1
Spurs,Pelicans,2025-11-08,0.6999659,1,0.63442165,1,0.677715061650067,1
Heat,Trail Blazers,2025-11-08,0.5061457,1,0.80465233,1,0.567686856556087,1
Nuggets,Pacers,2025-11-08,0.7239964,1,0.81742924,1,0.7184636634410565,1
Hawks,Lakers,2025-11-08,0.6408298,1,0.9506947,1,0.6845346911353526,1
76ers,Raptors,2025-11-08,0.6034441,1,0.2622073,0,0.5513530571651324,1
Wizards,Mavericks,2025-11-08,0.41729426,0,0.2845493,0,0.4159112334450184,0
Cavaliers,Bulls,2025-11-08,0.64693695,1,0.84365284,1,0.6730884285665779,1
Bucks,Rockets,2025-11-09,0.53258175,1,0.5819884,1,0.550960727282948,1
Knicks,Nets,2025-11-09,0.7374086,1,0.7940089,1,0.7234676654951312,1
Magic,Celtics,2025-11-09,0.49483943,0,0.4023061,0,0.4929767122060075,0
Grizzlies,Thunder,2025-11-09,0.41651347,0,0.31036827,0,0.4194984895061069,0
76ers,Pistons,2025-11-09,0.5312926,1,0.24635771,0,0.4945967493406443,0
Warriors,Pacers,2025-11-09,0.5790282,1,0.7359173,1,0.6097720582005176,1
Kings,Timberwolves,2025-11-09,0.45587084,0,0.18361574,0,0.4279376934594901,0
Suns,Pelicans,2025-11-10,0.6826975,1,0.7072432,1,0.676891529589456,1
Clippers,Hawks,2025-11-10,0.5347131,1,0.35854322,0,0.5157410777438237,1
Jazz,Timberwolves,2025-11-10,0.42187813,0,0.047311865,0,0.38156783662340005,0
Mavericks,Bucks,2025-11-10,0.52736056,1,0.5554878,1,0.5427157474234477,1
Hornets,Lakers,2025-11-10,0.5442754,1,0.7174532,1,0.5816331297692071,1
Heat,Cavaliers,2025-11-10,0.5410963,1,0.77902126,1,0.5892061303703673,1
Magic,Trail Blazers,2025-11-10,0.5475753,1,0.3038603,0,0.5163687912615906,1
Pistons,Wizards,2025-11-10,0.7847981,1,0.84983313,1,0.7579356446651991,1
Bulls,Spurs,2025-11-10,0.5896943,1,0.35609892,0,0.5564879570351764,1
Nets,Raptors,2025-11-11,0.58737487,1,0.37493217,0,0.55784227965927,1
Knicks,Grizzlies,2025-11-11,0.6888746,1,0.86840254,1,0.703674478063541,1
76ers,Celtics,2025-11-11,0.3515149,0,0.22783077,0,0.36003459388607073,0
Thunder,Warriors,2025-11-11,0.6778952,1,0.874413,1,0.6975752270438799,1
Jazz,Pacers,2025-11-11,0.4227262,0,0.0761942,0,0.38669722618127184,0
Kings,Nuggets,2025-11-11,0.55967224,1,0.75727916,1,0.5992207007861843,1
Pelicans,Trail Blazers,2025-11-12,0.4811818,0,0.47162372,0,0.4941724796994082,0
Kings,Hawks,2025-11-12,0.5469046,1,0.48894182,0,0.5463805016233547,1
Thunder,Lakers,2025-11-12,0.76108676,1,0.9495043,1,0.7569460985758251,1
Mavericks,Suns,2025-11-12,0.53901136,1,0.6840848,1,0.5723708991968428,1
Spurs,Warriors,2025-11-12,0.49564844,0,0.57270837,1,0.5217854338539045,1
Clippers,Nuggets,2025-11-12,0.45380268,0,0.17254865,0,0.42462211307442443,0
Rockets,Wizards,2025-11-12,0.8420205,1,0.93291193,1,0.797173271320786,1
Celtics,Grizzlies,2025-11-12,0.7633502,1,0.86580527,1,0.7478901380557199,1
Knicks,Magic,2025-11-12,0.60416514,1,0.82610255,1,0.6414752938162861,1
Pistons,Bulls,2025-11-12,0.6408656,1,0.7931925,1,0.6616119920421634,1
Hornets,Bucks,2025-11-12,0.4659314,0,0.49865755,0,0.48717095186812825,0
Heat,Cavaliers,2025-11-12,0.5410963,1,0.77902126,1,0.5892061303703673,1
Cavaliers,Raptors,2025-11-13,0.7847473,1,0.8139121,1,0.753515729306998,1
Suns,Pacers,2025-11-13,0.57392466,1,0.49187672,0,0.5669360101642803,1
Jazz,Hawks,2025-11-13,0.49539834,0,0.061451256,0,0.43729260323543445,0
Mavericks,Clippers,2025-11-14,0.5438903,1,0.66852427,1,0.5734439404210881,1
Pelicans,Lakers,2025-11-14,0.50750995,1,0.53898287,1,0.52512310486035,1
Timberwolves,Kings,2025-11-14,0.6720604,1,0.73400843,1,0.6737554323549668,1
Bucks,Hornets,2025-11-14,0.6889391,1,0.64371026,1,0.6717784516425251,1
Spurs,Warriors,2025-11-14,0.49564844,0,0.5719205,1,0.5216552301817119,1
Pistons,76ers,2025-11-14,0.7048079,1,0.78604317,1,0.7023028990874471,1
Magic,Nets,2025-11-14,0.7364211,1,0.5618359,1,0.691040555378765,1
Knicks,Heat,2025-11-14,0.64630616,1,0.80447197,1,0.6669313479508644,1
Rockets,Trail Blazers,2025-11-14,0.7157563,1,0.7449923,1,0.7035097574595165,1
Cavaliers,Grizzlies,2025-11-15,0.76679754,1,0.88290524,1,0.751960653341695,1
Hornets,Thunder,2025-11-15,0.2946437,0,0.19609368,0,0.31702481463420223,0
Pacers,Raptors,2025-11-15,0.67364717,1,0.7304232,1,0.6742835156404955,1
Bucks,Lakers,2025-11-15,0.69145495,1,0.63269466,1,0.6718401774428602,1
Timberwolves,Nuggets,2025-11-15,0.6219629,1,0.8699946,1,0.6602555813085239,1
Jazz,Bulls,2025-11-16,0.48309207,0,0.16844936,0,0.44562864129259555,0
Suns,Hawks,2025-11-16,0.557053,1,0.4898973,0,0.5540992951565084,1
Mavericks,Trail Blazers,2025-11-16,0.57938826,1,0.7203896,1,0.607580796050808,1
Pelicans,Warriors,2025-11-16,0.36848134,0,0.36842102,0,0.3938840937152149,0
Celtics,Clippers,2025-11-16,0.74772966,1,0.85666585,1,0.737749283318626,1
Wizards,Nets,2025-11-16,0.5350896,1,0.5606717,1,0.5493356279222468,1
Spurs,Kings,2025-11-16,0.60328555,1,0.71637654,1,0.623974838701542,1
Rockets,Magic,2025-11-16,0.7031351,1,0.5633638,1,0.6694664073610285,1
Timberwolves,Mavericks,2025-11-17,0.70360374,1,0.67395,1,0.6857715068820509,1
Pelicans,Thunder,2025-11-17,0.27720666,0,0.2488242,0,0.3132302987283952,0
Raptors,Hornets,2025-11-17,0.5821409,1,0.60859555,1,0.5917978948796365,1
Nuggets,Bulls,2025-11-17,0.76216835,1,0.90616965,1,0.7522345114027909,1
76ers,Clippers,2025-11-17,0.5263343,1,0.43992984,0,0.5228982971933614,1
Cavaliers,Bucks,2025-11-17,0.65796816,1,0.8986194,1,0.6882192032955379,1
Heat,Knicks,2025-11-17,0.540255,1,0.5831088,1,0.5568531090374177,1
Pistons,Pacers,2025-11-17,0.68065864,1,0.6201061,1,0.6627724040594462,1
Magic,Warriors,2025-11-18,0.5871002,1,0.46218967,0,0.5718424869719186,1
Nets,Celtics,2025-11-18,0.31110612,0,0.1830253,0,0.3259493097594742,0
Hawks,Pistons,2025-11-18,0.5849857,1,0.6951287,1,0.6076104606400782,1
Spurs,Grizzlies,2025-11-18,0.5892551,1,0.82268125,1,0.6305580206955775,1
Lakers,Jazz,2025-11-18,0.57863796,1,0.45125538,0,0.5638126188952812,1
Trail Blazers,Suns,2025-11-18,0.56462663,1,0.74895924,1,0.6014779551681524,1
Pacers,Hornets,2025-11-19,0.7021586,1,0.7467717,1,0.6951487260706601,1
Trail Blazers,Bulls,2025-11-19,0.5811644,1,0.4822195,0,0.570713960113841,1
Mavericks,Knicks,2025-11-19,0.47071415,0,0.28046334,0,0.4547654711410474,0
Thunder,Kings,2025-11-19,0.74595946,1,0.8572424,1,0.7367907610448257,1
Pelicans,Nuggets,2025-11-19,0.34083495,0,0.52398443,1,0.39861662526586306,0
Cavaliers,Rockets,2025-11-19,0.45826825,0,0.762923,1,0.5251334640934396,1
76ers,Raptors,2025-11-19,0.58950907,1,0.26163325,0,0.5408584487114884,1
Heat,Warriors,2025-11-19,0.5919102,1,0.69932485,1,0.6132296523865163,1
Timberwolves,Wizards,2025-11-19,0.7965344,1,0.8274143,1,0.7616753004092126,1
Bucks,76ers,2025-11-20,0.723558,1,0.7280968,1,0.706069317669737,1
Spurs,Hawks,2025-11-20,0.5710518,1,0.61473155,1,0.5846947502867331,1
Grizzlies,Kings,2025-11-20,0.555644,1,0.6215822,1,0.5744959821615931,1
Magic,Clippers,2025-11-20,0.62441397,1,0.6926775,1,0.6351507823379702,1
Warriors,Trail Blazers,2025-11-21,0.602002,1,0.6606356,1,0.6143589481903811,1
Rockets,Nuggets,2025-11-21,0.5899907,1,0.6666751,1,0.6067103044428644,1
Suns,Timberwolves,2025-11-21,0.55447745,1,0.533852,1,0.5593693927567425,1
Mavericks,Pelicans,2025-11-21,0.6547938,1,0.6656166,1,0.652020625444168,1
Jazz,Thunder,2025-11-21,0.2991209,0,0.048207957,0,0.2990259389133432,0
Raptors,Wizards,2025-11-21,0.6551656,1,0.7802504,1,0.669289531442361,1
Celtics,Nets,2025-11-21,0.7846229,1,0.76117706,1,0.7469008576803627,1
Cavaliers,Pacers,2025-11-21,0.6958676,1,0.6927854,1,0.6834352806838178,1
Bulls,Heat,2025-11-21,0.55257154,1,0.16836974,0,0.49770216081635466,0
Mavericks,Grizzlies,2025-11-22,0.5277043,1,0.556823,1,0.5431920384558976,1
Hornets,Clippers,2025-11-22,0.50572354,1,0.4417358,0,0.5076974334758703,1
Magic,Knicks,2025-11-22,0.56041664,1,0.32803062,0,0.5300071494311971,1
Pelicans,Hawks,2025-11-22,0.38136292,0,0.44157422,0,0.4148920473687215,0
Bulls,Wizards,2025-11-22,0.70673203,1,0.5251038,1,0.666248089155036,1
Bucks,Pistons,2025-11-22,0.5920721,1,0.74055624,1,0.6198008654971638,1
Nuggets,Kings,2025-11-22,0.68096495,1,0.83676267,1,0.6942545234567882,1
Thunder,Trail Blazers,2025-11-23,0.7616997,1,0.8794257,1,0.7486531621415266,1
Jazz,Lakers,2025-11-23,0.5479639,1,0.14917487,0,0.49105642574164177,0
Raptors,Nets,2025-11-23,0.5497984,1,0.6586523,1,0.5761938974207351,1
Suns,Spurs,2025-11-23,0.5364933,1,0.5815424,1,0.5537998927647649,1
Celtics,Magic,2025-11-23,0.6975024,1,0.66403806,1,0.6803732652454891,1
Hawks,Hornets,2025-11-23,0.69534755,1,0.91426486,1,0.7139655046114703,1
Cavaliers,Clippers,2025-11-23,0.745685,1,0.87422913,1,0.7388072416639331,1
76ers,Heat,2025-11-23,0.4387506,0,0.12649353,0,0.4062106596255314,0
Kings,Timberwolves,2025-11-24,0.461736,0,0.18358175,0,0.43226101075725876,0
Warriors,Jazz,2025-11-24,0.66240036,1,0.5254346,1,0.635988691346809,1
Suns,Rockets,2025-11-24,0.44132343,0,0.18514523,0,0.4174959858198538,0
Bucks,Trail Blazers,2025-11-24,0.67577463,1,0.7685265,1,0.6811941005544572,1
Pelicans,Bulls,2025-11-24,0.49699825,0,0.6051296,1,0.5281536046923054,1
Heat,Mavericks,2025-11-24,0.64225715,1,0.728493,1,0.6529034493012267,1
Nets,Knicks,2025-11-24,0.45886567,0,0.18131675,0,0.42977354261866785,0
Raptors,Cavaliers,2025-11-24,0.33861324,0,0.5164628,1,0.3958220992458064,0
Pacers,Pistons,2025-11-24,0.60434526,1,0.62520057,1,0.6104632404630739,1
Grizzlies,Nuggets,2025-11-24,0.4544282,0,0.3982246,0,0.4619535160621809,0
Wizards,Hawks,2025-11-25,0.43130612,0,0.14613311,0,0.4039431915324888,0
76ers,Magic,2025-11-25,0.38124922,0,0.13983202,0,0.36726650127777194,0
Lakers,Clippers,2025-11-25,0.5636774,1,0.30518273,0,0.5286833611796257,1
Warriors,Rockets,2025-11-26,0.52033436,1,0.5440571,1,0.5355781227746391,1
Kings,Suns,2025-11-26,0.5965629,1,0.8319976,1,0.6370969625177467,1
Trail Blazers,Spurs,2025-11-26,0.55788326,1,0.43547118,0,0.5457967013890372,1
Pelicans,Grizzlies,2025-11-26,0.469583,0,0.78665537,1,0.5375308558815509,1
Heat,Bucks,2025-11-26,0.5825114,1,0.9014567,1,0.6379500390669338,1
Raptors,Pacers,2025-11-26,0.4915115,0,0.33487752,0,0.47931852951398035,0
Hornets,Knicks,2025-11-26,0.39366126,0,0.30226547,0,0.40155037856683234,0
Celtics,Pistons,2025-11-26,0.7160639,1,0.7217804,1,0.7004875520724535,1
Thunder,Timberwolves,2025-11-26,0.7085449,1,0.84360397,1,0.7125216574364072,1
Clippers,Grizzlies,2025-11-28,0.5550652,1,0.5203836,1,0.5576062982359918,1
Lakers,Mavericks,2025-11-28,0.594184,1,0.47264156,0,0.5787452664988453,1
Jazz,Kings,2025-11-28,0.52869827,1,0.26409867,0,0.4955811230705681,0
Nuggets,Spurs,2025-11-28,0.6258458,1,0.82567483,1,0.6562828103780515,1
Thunder,Suns,2025-11-28,0.7666212,1,0.8130467,1,0.7431296295734718,1
Pacers,Wizards,2025-11-28,0.74641335,1,0.86193615,1,0.7376577442885834,1
Pistons,Magic,2025-11-28,0.6900479,1,0.7840178,1,0.6926426078339145,1
Hornets,Bulls,2025-11-28,0.45498118,0,0.48616624,0,0.47687335601790615,0
Nets,76ers,2025-11-28,0.5886579,1,0.4494615,0,0.5709267037526221,1
Hawks,Cavaliers,2025-11-28,0.511704,1,0.86956894,1,0.5822824372305069,1
Knicks,Bucks,2025-11-28,0.59899926,1,0.88587034,1,0.6469825331256358,1
Warriors,Pelicans,2025-11-29,0.78902,1,0.8230749,1,0.757015433434038,1
Clippers,Mavericks,2025-11-29,0.5546787,1,0.4322504,0,0.5428742778881044,1
Bucks,Nets,2025-11-29,0.70783156,1,0.58048666,1,0.6750805159394856,1
Suns,Nuggets,2025-11-29,0.4820983,0,0.2362379,0,0.4560027339212675,0
Pacers,Bulls,2025-11-29,0.5884522,1,0.6689048,1,0.6059570182176854,1
Timberwolves,Celtics,2025-11-29,0.5272119,1,0.5715934,1,0.5452507144635985,1
Heat,Pistons,2025-11-29,0.64560896,1,0.7054074,1,0.6517248295326812,1
Hornets,Raptors,2025-11-29,0.5586653,1,0.5148362,1,0.5593733531498127,1
Kings,Grizzlies,2025-11-30,0.5850751,1,0.92332274,1,0.6430619935508142,1
Timberwolves,Spurs,2025-11-30,0.7015699,1,0.72354347,1,0.6915008504733557,1
Trail Blazers,Thunder,2025-11-30,0.3781872,0,0.23135434,0,0.37928898371224384,0
Lakers,Pelicans,2025-11-30,0.6499326,1,0.401591,0,0.607885715716715,1
Knicks,Raptors,2025-11-30,0.67277896,1,0.71390927,1,0.671300307020137,1
Cavaliers,Celtics,2025-11-30,0.51809764,1,0.7693628,1,0.5707805271614134,1
Jazz,Rockets,2025-11-30,0.41458938,0,0.076134175,0,0.38089354713530116,0
76ers,Hawks,2025-11-30,0.42072886,0,0.37303022,0,0.4327502212800978,0
Pistons,Hawks,2025-12-01,0.64264387,1,0.559193,1,0.6273499701498975,1
Wizards,Bucks,2025-12-01,0.46892098,0,0.47450548,0,0.48542382736964407,0
Nets,Hornets,2025-12-01,0.6286886,1,0.42968932,0,0.5970226912133546,1
Heat,Clippers,2025-12-01,0.5766044,1,0.8888216,1,0.6318875594937297,1
Magic,Bulls,2025-12-01,0.65219146,1,0.4735446,0,0.6207868796588045,1
Nuggets,Mavericks,2025-12-01,0.6902817,1,0.71426654,1,0.6828740203281933,1
Jazz,Rockets,2025-12-01,0.42843437,0,0.07617484,0,0.3907783546027514,0
Lakers,Suns,2025-12-01,0.6269798,1,0.31013188,0,0.5765795461629468,1
Pacers,Cavaliers,2025-12-01,0.52625066,1,0.70974886,1,0.5671184904179437,1
Pelicans,Timberwolves,2025-12-02,0.37111858,0,0.2540701,0,0.37782103593406574,0
Warriors,Thunder,2025-12-02,0.514484,1,0.33899444,0,0.4972815646219785,0
Spurs,Grizzlies,2025-12-02,0.5923227,1,0.8231082,1,0.6327728946002655,1
Celtics,Knicks,2025-12-02,0.68366504,1,0.59287965,1,0.6607625724192321,1
76ers,Wizards,2025-12-02,0.6581809,1,0.63294095,1,0.6494200866184368,1
Raptors,Trail Blazers,2025-12-02,0.38681102,0,0.3026211,0,0.3966601849836581,0
Bucks,Pistons,2025-12-03,0.5854105,1,0.74100834,1,0.615133718216228,1
Rockets,Kings,2025-12-03,0.71449214,1,0.8281131,1,0.7140857456310961,1
Bulls,Nets,2025-12-03,0.65613,1,0.4296676,0,0.6167294927035243,1
Knicks,Hornets,2025-12-03,0.74835426,1,0.75424,1,0.7247901086528554,1
Mavericks,Heat,2025-12-03,0.46982896,0,0.28324616,0,0.4545615702387202,0
Magic,Spurs,2025-12-03,0.5847701,1,0.25283292,0,0.5358635849713493,1
Pacers,Nuggets,2025-12-03,0.55167896,1,0.56011117,1,0.561577770647758,1
Cavaliers,Trail Blazers,2025-12-03,0.6383672,1,0.8644314,1,0.6704329836648755,1
Hawks,Clippers,2025-12-03,0.65362847,1,0.9441904,1,0.6918795349600123,1
76ers,Warriors,2025-12-04,0.41708422,0,0.31255397,0,0.42026970698916527,0
Wizards,Celtics,2025-12-04,0.33234218,0,0.284516,0,0.35539612078750377,0
Nets,Jazz,2025-12-04,0.6283088,1,0.7547234,1,0.6473014688412971,1
Raptors,Lakers,2025-12-04,0.5428564,1,0.52523196,1,0.5493146439370573,1
Pelicans,Timberwolves,2025-12-04,0.37111858,0,0.2540701,0,0.37782103593406574,0
Bulls,Pacers,2025-12-05,0.6334967,1,0.29529473,0,0.578969425480491,1
Thunder,Mavericks,2025-12-05,0.74380124,1,0.742181,1,0.7204413415561919,1
Bucks,76ers,2025-12-05,0.71408135,1,0.72829187,1,0.7001397521143057,1
Grizzlies,Clippers,2025-12-05,0.6247272,1,0.8515473,1,0.6593815688431662,1
Rockets,Suns,2025-12-05,0.67754376,1,0.67612225,1,0.6689396926008484,1
Raptors,Hornets,2025-12-05,0.5696852,1,0.60738766,1,0.5825128190025248,1
Magic,Heat,2025-12-05,0.5900725,1,0.29117438,0,0.5461335181984681,1
Pistons,Trail Blazers,2025-12-05,0.6352884,1,0.8395752,1,0.6647225610438765,1
Celtics,Lakers,2025-12-05,0.790973,1,0.9167291,1,0.7692875607272275,1
Knicks,Jazz,2025-12-05,0.72170025,1,0.77360195,1,0.7111371350157757,1
Hawks,Nuggets,2025-12-05,0.5880759,1,0.7479673,1,0.61812051722418,1
Cavaliers,Spurs,2025-12-05,0.6257518,1,0.815048,1,0.6546294638950021,1
Timberwolves,Clippers,2025-12-06,0.66903687,1,0.8743653,1,0.6919118938750342,1
Heat,Kings,2025-12-06,0.70007795,1,0.90647376,1,0.7158169684958268,1
Pistons,Bucks,2025-12-06,0.5502659,1,0.8241688,1,0.6030514884116766,1
Mavericks,Rockets,2025-12-06,0.44346252,0,0.331906,0,0.4428948174693215,0
Wizards,Hawks,2025-12-06,0.4234604,0,0.14657609,0,0.39833854806327385,0
Nets,Pelicans,2025-12-06,0.634587,1,0.50563717,1,0.6132834366072748,1
Cavaliers,Warriors,2025-12-06,0.6508882,1,0.73717934,1,0.6600614743619874,1
Knicks,Magic,2025-12-07,0.6073052,1,0.8258897,1,0.6436145576709325,1
Raptors,Celtics,2025-12-07,0.34502676,0,0.37232137,0,0.3777626244549355,0
Hornets,Nuggets,2025-12-07,0.37807205,0,0.3102164,0,0.3915779271026781,0
Grizzlies,Trail Blazers,2025-12-07,0.5664492,1,0.8084908,1,0.6121935821750232,1
Bulls,Warriors,2025-12-07,0.5430147,1,0.3708793,0,0.524019549820996,1
76ers,Lakers,2025-12-07,0.53343487,1,0.41065308,0,0.5233949397046488,1
Jazz,Thunder,2025-12-07,0.2940506,0,0.047936518,0,0.29579818905448924,0
Pelicans,Spurs,2025-12-08,0.51438737,1,0.5678457,1,0.5350427951131087,1
Pacers,Kings,2025-12-08,0.64555126,1,0.79621935,1,0.6652101001672287,1
Timberwolves,Suns,2025-12-08,0.6833521,1,0.87335235,1,0.7008831011364147,1
Bulls,Cavaliers,2025-12-17,0.5063057,1,0.40794998,0,0.5025422434059057,1
Timberwolves,Grizzlies,2025-12-17,0.69252706,1,0.9414849,1,0.7159087096528034,1
Thunder,Clippers,2025-12-17,0.70400554,1,0.9291081,1,0.7212404339909305,1
Spurs,Wizards,2025-12-17,0.7189948,1,0.9371139,1,0.7312668094069016,1
Nuggets,Magic,2025-12-18,0.69196475,1,0.5213884,1,0.6557333290510317,1
Jazz,Lakers,2025-12-18,0.5438728,1,0.14788902,0,0.48776532747801227,0
Suns,Warriors,2025-12-18,0.51331025,1,0.45896327,0,0.516255810301975,1
Trail Blazers,Kings,2025-12-18,0.6077959,1,0.4811879,0,0.59007411295183,1
Mavericks,Pistons,2025-12-18,0.5120425,1,0.31653008,0,0.4917249019067737,0
Bucks,Raptors,2025-12-18,0.6809392,1,0.6786164,1,0.6715644224111373,1
Nets,Heat,2025-12-18,0.44811016,0,0.24383527,0,0.431985314880782,0
Pacers,Knicks,2025-12-18,0.56278276,1,0.5564182,1,0.5691923541525226,1
Hornets,Hawks,2025-12-18,0.47700685,0,0.393429,0,0.4780965188391737,0
Pelicans,Rockets,2025-12-18,0.3602214,0,0.31922603,0,0.38025464743595205,0
Celtics,Heat,2025-12-19,0.69798046,1,0.7258713,1,0.6895205546624505,1
Knicks,76ers,2025-12-19,0.7119095,1,0.83136594,1,0.7129364799458048,1
Hawks,Spurs,2025-12-19,0.5835894,1,0.61402965,1,0.5937195344822591,1
Cavaliers,Bulls,2025-12-19,0.6559866,1,0.84293747,1,0.6789526321035211,1
Timberwolves,Thunder,2025-12-19,0.52968585,1,0.5265676,1,0.5396984169148449,1
Kings,Trail Blazers,2025-12-20,0.49862358,0,0.6154085,1,0.5310687530045326,1
Jazz,Magic,2025-12-20,0.4903359,0,0.13073957,0,0.4448473982136012,0
Warriors,Suns,2025-12-20,0.5894303,1,0.3258103,0,0.5513349139303543,1
Grizzlies,Wizards,2025-12-20,0.7663404,1,0.9078328,1,0.754772386820037,1
Clippers,Lakers,2025-12-20,0.62429684,1,0.7141506,1,0.6383585839203566,1
Pelicans,Pacers,2025-12-20,0.43358514,0,0.59142244,1,0.47819180916302034,0
Raptors,Celtics,2025-12-20,0.34502676,0,0.3719918,0,0.3777113194002982,0
76ers,Mavericks,2025-12-20,0.50296956,1,0.257412,0,0.47512645064996945,0
Nuggets,Rockets,2025-12-20,0.5653343,1,0.5402085,1,0.5684436657484964,1
Pistons,Hornets,2025-12-20,0.71646345,1,0.7663514,1,0.7068932289900962,1
Hawks,Bulls,2025-12-21,0.61762804,1,0.8424295,1,0.6531976013853809,1
Nets,Raptors,2025-12-21,0.5936373,1,0.37536386,0,0.5625585551689105,1
Knicks,Heat,2025-12-21,0.64630616,1,0.80447197,1,0.6669313479508644,1
Wizards,Spurs,2025-12-21,0.4412336,0,0.24578229,0,0.4272274273787016,0
Timberwolves,Bucks,2025-12-21,0.6490008,1,0.72487265,1,0.6569506085022566,1
Kings,Rockets,2025-12-21,0.42584962,0,0.3814321,0,0.4379083237592005,0
Trail Blazers,Pistons,2025-12-22,0.5386907,1,0.4099915,0,0.5272319878652391,1
Warriors,Magic,2025-12-22,0.6331717,1,0.21082424,0,0.5650348611410083,1
Thunder,Grizzlies,2025-12-22,0.7852764,1,0.86986566,1,0.760623786631337,1
Celtics,Pacers,2025-12-22,0.70613754,1,0.63968086,1,0.6825157686116026,1
Pelicans,Mavericks,2025-12-22,0.40880212,0,0.4184957,0,0.4313266909825414,0
Cavaliers,Hornets,2025-12-22,0.7983113,1,0.6995777,1,0.7469803455028716,1
Nuggets,Jazz,2025-12-22,0.7602621,1,0.9718877,1,0.7592094088551379,1
Spurs,Thunder,2025-12-23,0.33707124,0,0.38896397,0,0.3747275355536561,0
Kings,Pistons,2025-12-23,0.53244394,1,0.4420636,0,0.5278379958191726,1
Clippers,Rockets,2025-12-23,0.43081132,0,0.27980813,0,0.4250637931290193,0
Trail Blazers,Magic,2025-12-23,0.55711585,1,0.43909854,0,0.5458194128616121,1
Jazz,Grizzlies,2025-12-23,0.4970102,0,0.38707998,0,0.4920899841666791,0
Suns,Lakers,2025-12-23,0.5189361,1,0.55447435,1,0.5362468903061343,1
Timberwolves,Knicks,2025-12-23,0.6468938,1,0.35680312,0,0.5985965464956177,1
76ers,Nets,2025-12-23,0.5482435,1,0.45676902,0,0.5420952904599046,1
Heat,Raptors,2025-12-23,0.7327596,1,0.8951364,1,0.7339399765107362,1
Hornets,Wizards,2025-12-23,0.59853745,1,0.6853926,1,0.6157710340956266,1
Hawks,Bulls,2025-12-23,0.61762804,1,0.8424295,1,0.6531976013853809,1
Mavericks,Nuggets,2025-12-23,0.4534974,0,0.38092783,0,0.45841157745538347,0
Pacers,Bucks,2025-12-23,0.60548717,1,0.66708714,1,0.6178516185728825,1
Cavaliers,Pelicans,2025-12-23,0.74047697,1,0.81291866,1,0.7278003686522393,1
Knicks,Cavaliers,2025-12-25,0.6855239,1,0.82442033,1,0.6954320147789492,1
Thunder,Spurs,2025-12-25,0.76013404,1,0.710514,1,0.72608691849679,1
Warriors,Mavericks,2025-12-25,0.61347157,1,0.32442558,0,0.5689428987350242,1
Lakers,Rockets,2025-12-25,0.54043865,1,0.27927604,0,0.5069314093248558,1
Nuggets,Timberwolves,2025-12-25,0.62633395,1,0.93942225,1,0.6733940783942455,1
Trail Blazers,Clippers,2025-12-26,0.6355357,1,0.64735305,1,0.6359546930210036,1
Jazz,Pistons,2025-12-26,0.5263045,1,0.115504034,0,0.469214793314679,0
Pelicans,Suns,2025-12-26,0.52873343,1,0.7824912,1,0.5807265642065491,1
Grizzlies,Bucks,2025-12-26,0.6045177,1,0.87800366,1,0.6495833635676005,1
Pacers,Celtics,2025-12-26,0.5214914,1,0.54743457,1,0.5370007979142489,1
Wizards,Raptors,2025-12-26,0.55989623,1,0.29687405,0,0.5244732479040789,1
Magic,Hornets,2025-12-26,0.6958555,1,0.7120137,1,0.6861761556398883,1
Hawks,Heat,2025-12-26,0.5565908,1,0.6765659,1,0.5840653815348061,1
Bulls,76ers,2025-12-26,0.6512228,1,0.45831016,0,0.617720267664919,1
Rockets,Cavaliers,2025-12-27,0.66587627,1,0.7631076,1,0.6738985219854475,1
Spurs,Jazz,2025-12-27,0.6769139,1,0.95411426,1,0.7079830785951963,1
Timberwolves,Nets,2025-12-27,0.75921774,1,0.8384991,1,0.7420906471265405,1
Bulls,Bucks,2025-12-27,0.5218689,1,0.45400545,0,0.5218694523268768,1
Pelicans,Suns,2025-12-27,0.54850256,1,0.7847694,1,0.5955103258200956,1
Hawks,Knicks,2025-12-27,0.55122507,1,0.41734347,0,0.5378393435295039,1
Kings,Mavericks,2025-12-27,0.59828126,1,0.5263141,1,0.5903733138075149,1
Heat,Pacers,2025-12-27,0.6028847,1,0.7534231,1,0.6294324040777753,1
Magic,Nuggets,2025-12-27,0.5423562,1,0.33913332,0,0.5182779298137146,1
Raptors,Warriors,2025-12-28,0.39171508,0,0.51132524,1,0.43378838727307095,0
Thunder,76ers,2025-12-28,0.8424767,1,0.88140374,1,0.7918281167963391,1
Wizards,Grizzlies,2025-12-28,0.41153267,0,0.5721314,1,0.45847914320787797,0
Trail Blazers,Celtics,2025-12-28,0.39154634,0,0.28934965,0,0.3979697657203749,0
Clippers,Pistons,2025-12-28,0.51116574,1,0.4936468,0,0.5203785581506568,1
Lakers,Kings,2025-12-28,0.55254644,1,0.5224849,1,0.5560781620193983,1
Trail Blazers,Mavericks,2025-12-29,0.5758705,1,0.39340362,0,0.5523084548612931,1
Rockets,Pacers,2025-12-29,0.7439235,1,0.6797935,1,0.7121197117808591,1
Spurs,Cavaliers,2025-12-29,0.43966427,0,0.5131437,1,0.4698300572953407,0
Thunder,Hawks,2025-12-29,0.77505845,1,0.72463405,1,0.7367509712340752,1
Pelicans,Knicks,2025-12-29,0.41466388,0,0.5445392,1,0.45628379795942203,0
Bulls,Timberwolves,2025-12-29,0.51181036,1,0.09532115,0,0.4550449415130629,0
Heat,Nuggets,2025-12-29,0.53333896,1,0.8380062,1,0.5930024968887851,1
Nets,Warriors,2025-12-29,0.44487834,0,0.3420581,0,0.4456073720685298,0
Wizards,Suns,2025-12-29,0.5061219,1,0.27908656,0,0.4810766702227843,0
Hornets,Bucks,2025-12-29,0.4710745,0,0.5000193,1,0.4912660990710646,0
Raptors,Magic,2025-12-29,0.5128561,1,0.46417847,0,0.5167768627772763,1
Grizzlies,76ers,2025-12-30,0.73657525,1,0.7757136,1,0.7205319883801952,1
Jazz,Celtics,2025-12-30,0.3673083,0,0.091480054,0,0.3502450450917187,0
Lakers,Pistons,2025-12-30,0.5712838,1,0.3397547,0,0.5400788167445453,1
Clippers,Kings,2025-12-30,0.5147103,1,0.38575608,0,0.5051941601398312,1
Thunder,Trail Blazers,2025-12-31,0.7616997,1,0.8794257,1,0.7486531621415266,1
Bucks,Wizards,2025-12-31,0.7249672,1,0.7873173,1,0.7150082645476671,1
Raptors,Nuggets,2025-12-31,0.34753102,0,0.31670225,0,0.37090155196136265,0
Spurs,Knicks,2025-12-31,0.54560924,1,0.2934831,0,0.5131734069341682,1
Hornets,Warriors,2025-12-31,0.430601,0,0.44091448,0,0.45116770295589226,0
Cavaliers,Suns,2025-12-31,0.6495618,1,0.8319314,1,0.6731193870725906,1
Pacers,Magic,2025-12-31,0.6333013,1,0.56584764,1,0.6217871406208751,1
Hawks,Timberwolves,2025-12-31,0.58701706,1,0.5909659,1,0.592524026650068,1
Bulls,Pelicans,2025-12-31,0.6958128,1,0.36254066,0,0.6343028666525796,1
Clippers,Jazz,2026-01-01,0.5770513,1,0.46895924,0,0.5655204411539243,1
Kings,Celtics,2026-01-01,0.4311656,0,0.38362643,0,0.4422106306215202,0
Nets,Rockets,2026-01-01,0.35010839,0,0.15431562,0,0.3479329532485684,0
Pistons,Heat,2026-01-01,0.5954703,1,0.5199076,1,0.5872968375188836,1
Mavericks,76ers,2026-01-01,0.66089803,1,0.68517905,1,0.6590962761847824,1
Pacers,Spurs,2026-01-02,0.600226,1,0.5738612,1,0.5993733377686958,1
Wizards,Nets,2026-01-02,0.5275918,1,0.5599302,1,0.5436185799889333,1
Cavaliers,Nuggets,2026-01-02,0.58929795,1,0.7939759,1,0.6261485684990724,1
Knicks,Hawks,2026-01-02,0.6432808,1,0.66086614,1,0.6433926606475571,1
Bulls,Magic,2026-01-02,0.5460291,1,0.23126556,0,0.5031909414310272,1
Bucks,Hornets,2026-01-02,0.6889391,1,0.64371026,1,0.6717784516425251,1
Pelicans,Trail Blazers,2026-01-02,0.4811818,0,0.4716235,0,0.49417244327834,0
Suns,Kings,2026-01-02,0.58059806,1,0.58333373,1,0.58662398990874,1
Warriors,Thunder,2026-01-02,0.512619,1,0.33922568,0,0.4959159869850002,0
Lakers,Grizzlies,2026-01-02,0.6024165,1,0.5863185,1,0.6029329614444012,1
Clippers,Celtics,2026-01-03,0.45009038,0,0.47244278,0,0.4709357320564404,0
Warriors,Jazz,2026-01-03,0.6438909,1,0.5246533,1,0.62286919128953,1
Mavericks,Rockets,2026-01-03,0.4435141,0,0.33172423,0,0.44290343564459006,0
Spurs,Trail Blazers,2026-01-03,0.5556186,1,0.74992967,1,0.595113564876693,1
Bulls,Hornets,2026-01-03,0.707784,1,0.32945964,0,0.6375759239913149,1
Knicks,76ers,2026-01-03,0.72226876,1,0.84014505,1,0.7204502281852544,1
Heat,Timberwolves,2026-01-03,0.5044537,1,0.38139966,0,0.49675215747663365,0
Raptors,Hawks,2026-01-03,0.4790925,0,0.2628097,0,0.45812384369122694,0
Kings,Bucks,2026-01-04,0.509998,1,0.5342792,1,0.5262143672555277,1
Suns,Thunder,2026-01-04,0.3533725,0,0.18576524,0,0.3549203958995895,0
Wizards,Timberwolves,2026-01-04,0.3862019,0,0.089237556,0,0.362956073874137,0
Lakers,Grizzlies,2026-01-04,0.6020456,1,0.5874064,1,0.6028380783250625,1
Nets,Nuggets,2026-01-04,0.44975436,0,0.24998486,0,0.4342008365439798,0
Magic,Pacers,2026-01-04,0.60897565,1,0.35483608,0,0.5705614990131985,1
Cavaliers,Pistons,2026-01-04,0.6506132,1,0.5736867,1,0.6351698143203758,1
Heat,Pelicans,2026-01-04,0.7995635,1,0.9213247,1,0.7743787347457689,1
Pistons,Knicks,2026-01-05,0.53889984,1,0.39374998,0,0.5247071048031968,1
Celtics,Bulls,2026-01-05,0.7052641,1,0.7907643,1,0.7032429624386021,1
Raptors,Hawks,2026-01-05,0.45545527,0,0.2627452,0,0.4405044851463723,0
Rockets,Suns,2026-01-05,0.68498564,1,0.6781988,1,0.6741854645931944,1
Thunder,Hornets,2026-01-05,0.7864108,1,0.8789081,1,0.7623319191407095,1
76ers,Nuggets,2026-01-05,0.39255446,0,0.13799305,0,0.37492673848781216,0
Clippers,Warriors,2026-01-05,0.48576164,0,0.24823773,0,0.46071431242798083,0
Trail Blazers,Jazz,2026-01-05,0.6041664,1,0.53198,1,0.5955559935537267,1
Pelicans,Lakers,2026-01-06,0.50750995,1,0.53898287,1,0.52512310486035,1
Kings,Mavericks,2026-01-06,0.5794133,1,0.5246025,1,0.57629001794055,1
Timberwolves,Heat,2026-01-06,0.68376523,1,0.7968527,1,0.6904204306899661,1
Pacers,Cavaliers,2026-01-06,0.52625066,1,0.70969945,1,0.5671104568653569,1
Wizards,Magic,2026-01-06,0.4315689,0,0.14471564,0,0.4039076733897515,0
Grizzlies,Spurs,2026-01-06,0.54021,1,0.52662945,1,0.5475704113710192,1
Hornets,Raptors,2026-01-07,0.55656666,1,0.51598513,1,0.5580029225746657,1
Pistons,Bulls,2026-01-07,0.6408656,1,0.7931925,1,0.6616119920421634,1
76ers,Wizards,2026-01-07,0.6581809,1,0.63294095,1,0.6494200866184368,1
Hawks,Pelicans,2026-01-07,0.7842343,1,0.835659,1,0.7558960660718982,1
Celtics,Nuggets,2026-01-07,0.6257327,1,0.7412063,1,0.6434774041898005,1
Nets,Magic,2026-01-07,0.47340757,0,0.23023151,0,0.4485348866449792,0
Knicks,Clippers,2026-01-07,0.654903,1,0.81442106,1,0.6741056685366139,1
Spurs,Lakers,2026-01-07,0.58098054,1,0.8299067,1,0.6258563918579879,1
Grizzlies,Suns,2026-01-07,0.620721,1,0.5852875,1,0.6158889282241086,1
Thunder,Jazz,2026-01-07,0.7952653,1,0.8531928,1,0.7640724412899684,1
Warriors,Bucks,2026-01-07,0.5285587,1,0.5745927,1,0.5467483714672657,1
Trail Blazers,Rockets,2026-01-07,0.4390127,0,0.23090497,0,0.4231848598884673,0
Jazz,Mavericks,2026-01-08,0.5368862,1,0.19266121,0,0.48991795808581096,0
Timberwolves,Cavaliers,2026-01-08,0.5441274,1,0.660202,1,0.5722699503760186,1
Hornets,Pacers,2026-01-08,0.43848997,0,0.32058844,0,0.43735832314412276,0
Bulls,Heat,2026-01-08,0.54950637,1,0.16788316,0,0.49531432853410834,0
Lakers,Bucks,2026-01-09,0.55891526,1,0.34017125,0,0.5308838406822367,1
Celtics,Raptors,2026-01-09,0.79366046,1,0.64464515,1,0.7373395127136007,1
Magic,76ers,2026-01-09,0.77107656,1,0.55610013,1,0.712086857141735,1
Wizards,Pelicans,2026-01-09,0.5397124,1,0.29469872,0,0.508937773430715,1
Nets,Clippers,2026-01-09,0.53390145,1,0.6365684,1,0.5608653548292445,1
Grizzlies,Thunder,2026-01-09,0.41651347,0,0.31036827,0,0.4194984895061069,0
Nuggets,Hawks,2026-01-09,0.6406646,1,0.8524334,1,0.6702057046533937,1
Suns,Knicks,2026-01-09,0.4506776,0,0.28463635,0,0.44053214794622325,0
Warriors,Kings,2026-01-09,0.62305444,1,0.60558045,1,0.6207189594513903,1
Trail Blazers,Rockets,2026-01-09,0.4390127,0,0.23090497,0,0.4231848598884673,0
Bulls,Mavericks,2026-01-10,0.61070436,1,0.25995675,0,0.5563866220250273,1
Celtics,Spurs,2026-01-10,0.63788116,1,0.73527586,1,0.6509327936759529,1
Jazz,Hornets,2026-01-10,0.5585309,1,0.19895138,0,0.5072511920078557,1
Pacers,Heat,2026-01-10,0.62502223,1,0.5417974,1,0.6121320853609078,1
Cavaliers,Timberwolves,2026-01-10,0.67315155,1,0.5877954,1,0.6528679974738273,1
Pistons,Clippers,2026-01-10,0.68497086,1,0.8319924,1,0.6961410276054887,1
Kings,Rockets,2026-01-11,0.42787677,0,0.38016492,0,0.4392046279782363,0
Nuggets,Bucks,2026-01-11,0.6803483,1,0.9461174,1,0.7090250216627628,1
Warriors,Hawks,2026-01-11,0.61234015,1,0.33864096,0,0.5704157015788286,1
Suns,Wizards,2026-01-11,0.6898587,1,0.7344105,1,0.6854815304248053,1
Thunder,Heat,2026-01-11,0.6781726,1,0.7144743,1,0.6749560303958629,1
Magic,Pelicans,2026-01-11,0.8006496,1,0.81161416,1,0.7620249273140862,1
Trail Blazers,Knicks,2026-01-11,0.5243434,1,0.15551385,0,0.474346615461282,0
Raptors,76ers,2026-01-11,0.61857396,1,0.55535924,1,0.6096517694100207,1
Grizzlies,Nets,2026-01-11,0.6814774,1,0.72563446,1,0.6787491784438678,1
Timberwolves,Spurs,2026-01-11,0.7040031,1,0.724594,1,0.6932096104185534,1
Kings,Lakers,2026-01-12,0.5290907,1,0.6505126,1,0.559571754860449,1
Cavaliers,Jazz,2026-01-12,0.7316651,1,0.89587975,1,0.7333922030583686,1
Pacers,Celtics,2026-01-12,0.51161724,1,0.5475322,1,0.5296169769590134,1
Raptors,76ers,2026-01-12,0.6122431,1,0.5565895,1,0.6053005630360957,1
Mavericks,Nets,2026-01-12,0.62707025,1,0.523317,1,0.610689312146195,1
Clippers,Hornets,2026-01-12,0.6309078,1,0.46358427,0,0.6040108724447953,1
Lakers,Hawks,2026-01-13,0.5662453,1,0.16240123,0,0.5070067523093834,1
Warriors,Trail Blazers,2026-01-13,0.602002,1,0.6606356,1,0.6143589481903811,1
Thunder,Spurs,2026-01-13,0.76013404,1,0.710514,1,0.72608691849679,1
Rockets,Bulls,2026-01-13,0.6812166,1,0.7865213,1,0.6873091072634004,1
Bucks,Timberwolves,2026-01-13,0.53294295,1,0.4019945,0,0.5215946616242867,1
Pelicans,Nuggets,2026-01-13,0.34083495,0,0.52398443,1,0.39861662526586306,0
Heat,Suns,2026-01-13,0.56433225,1,0.91730005,1,0.6276693701178511,1
Pacers,Raptors,2026-01-14,0.67364717,1,0.7304232,1,0.6742835156404955,1
76ers,Cavaliers,2026-01-14,0.39312747,0,0.36426407,0,0.41106716711730124,0
Bulls,Jazz,2026-01-14,0.6687107,1,0.64810324,1,0.6588647651699627,1
Pelicans,Nets,2026-01-14,0.5171079,1,0.67696285,1,0.5549917685063509,1
Mavericks,Nuggets,2026-01-14,0.45639846,0,0.38165495,0,0.46070073905193876,0
Kings,Knicks,2026-01-14,0.519059,1,0.17307682,0,0.4732795274010899,0
Clippers,Wizards,2026-01-14,0.6644398,1,0.77246964,1,0.6743104431966669,1
Trail Blazers,Hawks,2026-01-15,0.52382904,1,0.30139035,0,0.498090061883902,0
Warriors,Knicks,2026-01-15,0.6014027,1,0.44236645,0,0.5791560964835485,1
Mavericks,Jazz,2026-01-15,0.5956479,1,0.8319732,1,0.63645597725807,1
Spurs,Bucks,2026-01-15,0.56615627,1,0.7313162,1,0.5997799095243063,1
Lakers,Hornets,2026-01-15,0.6179934,1,0.2284509,0,0.556653673774319,1
Heat,Celtics,2026-01-15,0.43180045,0,0.61323094,1,0.48045534907221565,0
Pistons,Suns,2026-01-15,0.6228898,1,0.7442952,1,0.6419814864181451,1
Magic,Grizzlies,2026-01-15,0.62433624,1,0.56162894,1,0.6147567941737143,1
Rockets,Thunder,2026-01-15,0.56129503,1,0.65617716,1,0.584226111056269,1
Nets,Bulls,2026-01-16,0.49279952,0,0.43848187,0,0.49743039954919804,0
Pacers,Pelicans,2026-01-16,0.7925222,1,0.7957683,1,0.7556259231857082,1
76ers,Cavaliers,2026-01-16,0.39312747,0,0.36426407,0,0.41106716711730124,0
Raptors,Clippers,2026-01-16,0.5186068,1,0.6583234,1,0.5530567791272618,1
Rockets,Timberwolves,2026-01-16,0.6163752,1,0.57467854,1,0.6111201089985441,1
Kings,Wizards,2026-01-16,0.6816529,1,0.7723671,1,0.6855741819322139,1
Trail Blazers,Lakers,2026-01-17,0.6434529,1,0.760476,1,0.6584982065739314,1
Nuggets,Wizards,2026-01-17,0.7896121,1,0.98124754,1,0.7760727315234321,1
Warriors,Hornets,2026-01-17,0.68616873,1,0.6533867,1,0.6713520415059675,1
Spurs,Timberwolves,2026-01-17,0.5120975,1,0.5272873,1,0.5266359727381368,1
Mavericks,Jazz,2026-01-17,0.59698635,1,0.831611,1,0.6373325295683695,1
Knicks,Suns,2026-01-17,0.6543031,1,0.873607,1,0.6822661285125491,1
Pistons,Pacers,2026-01-17,0.68291426,1,0.62156385,1,0.664504020687196,1
Hawks,Celtics,2026-01-17,0.46745995,0,0.57772505,1,0.5014102162532009,1
Heat,Thunder,2026-01-17,0.38882557,0,0.506428,1,0.43085709677030654,0
Kings,Trail Blazers,2026-01-18,0.49530464,0,0.61563003,1,0.5286157856450803,1
Lakers,Raptors,2026-01-18,0.6691422,1,0.4246321,0,0.6251663954663392,1
Nuggets,Hornets,2026-01-18,0.7356895,1,0.916208,1,0.738364075176753,1
Rockets,Pelicans,2026-01-18,0.823352,1,0.792117,1,0.771933279190377,1
Bulls,Nets,2026-01-18,0.65613,1,0.4296676,0,0.6167294927035243,1
Grizzlies,Magic,2026-01-18,0.6143698,1,0.7763418,1,0.6409625464890403,1
Hawks,Bucks,2026-01-19,0.54730445,1,0.8120663,1,0.5989911625732447,1
Cavaliers,Thunder,2026-01-19,0.57638055,1,0.45986083,0,0.5635425736636009,1
Knicks,Mavericks,2026-01-19,0.6225825,1,0.7362987,1,0.6405503097198506,1
Pistons,Celtics,2026-01-19,0.46028775,0,0.45123553,0,0.4750885733797776,0
Wizards,Clippers,2026-01-19,0.46974924,0,0.51178944,1,0.49221702937214384,0
76ers,Pacers,2026-01-19,0.46759054,0,0.25484556,0,0.4482346129976492,0
Nets,Suns,2026-01-19,0.5053836,1,0.38548228,0,0.49812809852234446,0
Spurs,Jazz,2026-01-19,0.67811066,1,0.9539792,1,0.7087090678321386,1
Warriors,Heat,2026-01-19,0.5749673,1,0.35686457,0,0.5456433467279456,1
Warriors,Raptors,2026-01-20,0.72708917,1,0.47010267,0,0.6717553370153425,1
Nuggets,Lakers,2026-01-20,0.6792875,1,0.94860667,1,0.7087060562711412,1
Jazz,Timberwolves,2026-01-20,0.40832868,0,0.046773907,0,0.371904765505635,0
Kings,Heat,2026-01-20,0.5503146,1,0.4129878,0,0.5364405439895529,1
Bulls,Clippers,2026-01-20,0.57111806,1,0.46986827,0,0.5612739598746225,1
76ers,Suns,2026-01-20,0.55984783,1,0.4273861,0,0.5459357348827684,1
Rockets,Spurs,2026-01-20,0.71384925,1,0.6497253,1,0.6889533387872425,1
Hornets,Cavaliers,2026-01-21,0.34208655,0,0.36424938,0,0.3744308050736766,0
Celtics,Pacers,2026-01-21,0.70613754,1,0.63968086,1,0.6825157686116026,1
Knicks,Nets,2026-01-21,0.7332064,1,0.7938674,1,0.7209102244778604,1
Grizzlies,Hawks,2026-01-21,0.52861303,1,0.54794353,1,0.5424116714933312,1
Pelicans,Pistons,2026-01-21,0.49625328,0,0.66814125,1,0.5379823198330076,1
Bucks,Thunder,2026-01-21,0.4840693,0,0.41754082,0,0.48739387359368036,0
Kings,Raptors,2026-01-21,0.66853964,1,0.60878944,1,0.6528718984037496,1
Trail Blazers,Heat,2026-01-22,0.5820368,1,0.38936016,0,0.5562339938477857,1
Clippers,Lakers,2026-01-22,0.6176799,1,0.71430695,1,0.6337703908455509,1
Jazz,Spurs,2026-01-22,0.5169323,1,0.1217235,0,0.4632169753340174,0
Timberwolves,Bulls,2026-01-22,0.6802676,1,0.900912,1,0.7027591346664068,1
Magic,Hornets,2026-01-22,0.71381736,1,0.7142563,1,0.6980170347961161,1
Wizards,Nuggets,2026-01-22,0.39486057,0,0.24476579,0,0.39329573561406933,0
76ers,Rockets,2026-01-22,0.3865218,0,0.16058329,0,0.37417623871042477,0
Mavericks,Warriors,2026-01-22,0.46946663,0,0.3340927,0,0.46265160786393644,0
Bucks,Nuggets,2026-01-23,0.4962102,0,0.37274697,0,0.4891156658678126,0
Trail Blazers,Raptors,2026-01-23,0.69556487,1,0.61268455,1,0.6716467709767252,1
Grizzlies,Pelicans,2026-01-23,0.75193477,1,0.81026566,1,0.734238508526337,1
Thunder,Pacers,2026-01-23,0.6837053,1,0.71945226,1,0.6793188976275394,1
Nets,Celtics,2026-01-23,0.31110612,0,0.18302524,0,0.3259493010288989,0
Hawks,Suns,2026-01-23,0.591656,1,0.5474404,1,0.5889317983750395,1
Cavaliers,Kings,2026-01-23,0.63405645,1,0.7870629,1,0.6560912273476466,1
Pistons,Rockets,2026-01-23,0.54277253,1,0.6828606,1,0.5749424757371545,1
76ers,Knicks,2026-01-24,0.45888376,0,0.19395635,0,0.43183959176198017,0
Timberwolves,Warriors,2026-01-24,0.6227071,1,0.78110707,1,0.6474398883541721,1
Hornets,Wizards,2026-01-24,0.5962046,1,0.68546474,1,0.6141190435694877,1
Magic,Cavaliers,2026-01-24,0.44592518,0,0.5468728,1,0.4801015662158454,0
Bulls,Celtics,2026-01-24,0.49335152,0,0.33037868,0,0.4799577064616245,0
Mavericks,Lakers,2026-01-24,0.54180056,1,0.57543576,1,0.5567475046680019,1
Jazz,Heat,2026-01-24,0.45588675,0,0.12270298,0,0.4181033064796116,0
Suns,Heat,2026-01-25,0.5914122,1,0.5231562,1,0.5848544723269086,1
Spurs,Pelicans,2026-01-25,0.7139036,1,0.6355512,1,0.6869732879740197,1
Thunder,Raptors,2026-01-25,0.8157225,1,0.83860207,1,0.7733059245883727,1
Clippers,Nets,2026-01-25,0.58009005,1,0.5054227,1,0.5736837818051763,1
Grizzlies,Nuggets,2026-01-25,0.4544282,0,0.3982246,0,0.4619535160621809,0
Pistons,Kings,2026-01-25,0.6546218,1,0.6512805,1,0.6497454289840321,1
Bucks,Mavericks,2026-01-25,0.6457635,1,0.70812416,1,0.6522386758725596,1
Hornets,76ers,2026-01-26,0.5478685,1,0.6161772,1,0.5678847516844616,1
Cavaliers,Magic,2026-01-26,0.67926717,1,0.8559752,1,0.6958679120831046,1
Hawks,Pacers,2026-01-26,0.6357577,1,0.62327474,1,0.6324102034562777,1
Celtics,Trail Blazers,2026-01-26,0.7180847,1,0.81401783,1,0.7143883091675061,1
Bulls,Lakers,2026-01-26,0.55465347,1,0.593302,1,0.5691800083546978,1
Rockets,Grizzlies,2026-01-26,0.71848446,1,0.8171189,1,0.7150525038270311,1
Timberwolves,Warriors,2026-01-26,0.6227071,1,0.78110707,1,0.6474398883541721,1
Jazz,Clippers,2026-01-27,0.4747544,0,0.30253786,0,0.461414669281411,0
Suns,Nets,2026-01-27,0.6167941,1,0.32762292,0,0.571913278307689,1
Nuggets,Pistons,2026-01-27,0.6400148,1,0.7589626,1,0.6559401821931609,1
Wizards,Trail Blazers,2026-01-27,0.3848111,0,0.15936469,0,0.3727820731852868,0
76ers,Bucks,2026-01-27,0.43267563,0,0.3272259,0,0.43413454964620596,0
Knicks,Kings,2026-01-27,0.6850642,1,0.84077144,1,0.6974288228563474,1
Thunder,Pelicans,2026-01-27,0.8590809,1,0.8553029,1,0.797168568587772,1
Grizzlies,Hornets,2026-01-28,0.63656676,1,0.78401875,1,0.6573407728444182,1
Jazz,Warriors,2026-01-28,0.41396388,0,0.14536798,0,0.39131505286023305,0
Mavericks,Timberwolves,2026-01-28,0.4569465,0,0.24147156,0,0.4381400588525113,0
Raptors,Knicks,2026-01-28,0.47229972,0,0.17279623,0,0.4383239893622915,0
Rockets,Spurs,2026-01-28,0.71151906,1,0.6480972,1,0.6872160179733343,1
Celtics,Hawks,2026-01-28,0.72424674,1,0.6869558,1,0.7008179702634009,1
Pacers,Bulls,2026-01-28,0.5959203,1,0.6664496,1,0.6109269442839796,1
Cavaliers,Lakers,2026-01-28,0.68714786,1,0.9675206,1,0.716121373701545,1
Heat,Magic,2026-01-28,0.65717053,1,0.7955485,1,0.6728585163050078,1
76ers,Kings,2026-01-29,0.54868656,1,0.34520388,0,0.5240380004975498,1
Wizards,Bucks,2026-01-29,0.4607417,0,0.4734604,0,0.47910166926948355,0
Hawks,Rockets,2026-01-29,0.5090317,1,0.73982847,1,0.5592644853366738,1
Mavericks,Hornets,2026-01-29,0.62886757,1,0.5627807,1,0.6181631545682539,1
Nuggets,Nets,2026-01-29,0.7467732,1,0.9047363,1,0.7433129843181171,1
Suns,Pistons,2026-01-29,0.52218074,1,0.28032228,0,0.4933613413504394,0
Timberwolves,Thunder,2026-01-29,0.5224829,1,0.52609235,1,0.5342276336348706,1
Warriors,Pistons,2026-01-30,0.60441184,1,0.54083467,1,0.5971455433911139,1
Nuggets,Clippers,2026-01-30,0.6875922,1,0.91132563,1,0.7087711713476692,1
Jazz,Nets,2026-01-30,0.55116105,1,0.14932004,0,0.4934866167491659,0
Suns,Cavaliers,2026-01-30,0.48790777,0,0.4883888,0,0.5020112004153293,1
Heat,Bulls,2026-01-30,0.61226785,1,0.8916518,1,0.6569166933180626,1
Magic,Raptors,2026-01-30,0.645981,1,0.66132784,1,0.645325939273416,1
Knicks,Trail Blazers,2026-01-30,0.60479724,1,0.61069524,1,0.6085006320598799,1
Celtics,Kings,2026-01-30,0.6789215,1,0.84181154,1,0.6936578976598499,1
Wizards,Lakers,2026-01-30,0.5363199,1,0.4120863,0,0.5257981910255644,1
Pelicans,Grizzlies,2026-01-30,0.46662125,0,0.7873802,1,0.5354325648812758,1
Rockets,Mavericks,2026-01-31,0.69251287,1,0.6509755,1,0.6752028822328943,1
Grizzlies,Timberwolves,2026-01-31,0.50200313,1,0.28040907,0,0.47819991414802976,0
Hornets,Spurs,2026-01-31,0.50796014,1,0.35110006,0,0.49437512610931517,0
Pacers,Hawks,2026-01-31,0.610624,1,0.47487524,0,0.5911222548294738,1
76ers,Pelicans,2026-01-31,0.6114318,1,0.3781989,0,0.5761555470392188,1
Nuggets,Thunder,2026-02-01,0.52314895,1,0.77201116,1,0.5749314611021225,1
Trail Blazers,Cavaliers,2026-02-01,0.4471386,0,0.4412915,0,0.46358766966291215,0
Knicks,Lakers,2026-02-01,0.64157695,1,0.9208084,1,0.6807339788901978,1
Wizards,Kings,2026-02-01,0.45515427,0,0.4295119,0,0.4676519684417875,0
Suns,Clippers,2026-02-01,0.5658325,1,0.5215565,1,0.5657793231819659,1
Heat,Bulls,2026-02-01,0.61226785,1,0.8916518,1,0.6569166933180626,1
Pistons,Nets,2026-02-01,0.7375123,1,0.81593144,1,0.7264250037084126,1
Spurs,Magic,2026-02-01,0.5758853,1,0.5492693,1,0.5776845079168864,1
Celtics,Bucks,2026-02-01,0.6516589,1,0.77109927,1,0.6656006015826492,1
Raptors,Jazz,2026-02-01,0.47752494,0,0.5302975,1,0.5011341966630516,1
Hornets,Pelicans,2026-02-02,0.5614024,1,0.53598404,1,0.5648493987749115,1
Pacers,Rockets,2026-02-02,0.46144465,0,0.2532472,0,0.44340096032577986,0
Grizzlies,Timberwolves,2026-02-02,0.50188076,1,0.28110492,0,0.4782229668258216,0
Clippers,76ers,2026-02-02,0.6045374,1,0.50244844,1,0.5911063227759938,1
Thunder,Magic,2026-02-03,0.8000537,1,0.90479374,1,0.7727194756167814,1
Trail Blazers,Suns,2026-02-03,0.56462663,1,0.74895924,1,0.6014779551681524,1
Warriors,76ers,2026-02-03,0.6892363,1,0.63370705,1,0.670513759948234,1
Bucks,Bulls,2026-02-03,0.6454625,1,0.6889721,1,0.6491496698971921,1
Mavericks,Celtics,2026-02-03,0.40427667,0,0.40068144,0,0.42510158882682386,0
Heat,Hawks,2026-02-03,0.64734405,1,0.67763925,1,0.6487304645543709,1
Nets,Lakers,2026-02-03,0.50374526,1,0.47210595,0,0.511235417577042,1
Wizards,Knicks,2026-02-03,0.34208778,0,0.18392003,0,0.3469027042136732,0
Pacers,Jazz,2026-02-03,0.6596309,1,0.7869141,1,0.6732303993979307,1
Pistons,Nuggets,2026-02-03,0.5537724,1,0.60191333,1,0.56992780503414,1
Knicks,Nuggets,2026-02-04,0.5472077,1,0.7446072,1,0.5881431384190697,1
Raptors,Timberwolves,2026-02-04,0.49768817,0,0.21925756,0,0.4648708296490267,0
Rockets,Celtics,2026-02-04,0.47994283,0,0.4789692,0,0.4944559868607029,0
Bucks,Pelicans,2026-02-04,0.6872952,1,0.7160152,1,0.6811749674593798,1
Spurs,Thunder,2026-02-04,0.34516084,0,0.38926804,0,0.38049958788296456,0
Kings,Grizzlies,2026-02-04,0.5834859,1,0.9233263,1,0.6419634107020716,1
Clippers,Cavaliers,2026-02-04,0.3867287,0,0.44232348,0,0.41894035838549043,0
Lakers,76ers,2026-02-05,0.66379446,1,0.4510506,0,0.6254930276973655,1
Suns,Warriors,2026-02-05,0.5338463,1,0.46724823,0,0.533044132529013,1
Mavericks,Spurs,2026-02-05,0.5686613,1,0.3391678,0,0.5380201218778011,1
Rockets,Hornets,2026-02-05,0.7896234,1,0.7015376,1,0.7422525899361522,1
Hawks,Jazz,2026-02-05,0.64290524,1,0.8478003,1,0.6710182198898994,1
Magic,Nets,2026-02-05,0.74959517,1,0.5641877,1,0.6997724671657575,1
Pistons,Wizards,2026-02-05,0.79045594,1,0.84965426,1,0.7610259988917576,1
Raptors,Bulls,2026-02-05,0.4692721,0,0.57435954,1,0.5022171130191472,1
Celtics,Heat,2026-02-06,0.6750304,1,0.72537327,1,0.6744636988807861,1
Pistons,Knicks,2026-02-06,0.53889984,1,0.39374998,0,0.5247071048031968,1
Bucks,Pacers,2026-02-06,0.6442186,1,0.4773389,0,0.6157139424146307,1
Timberwolves,Pelicans,2026-02-06,0.7910191,1,0.7880057,1,0.7538364334681975,1
Trail Blazers,Grizzlies,2026-02-06,0.5471195,1,0.25223765,0,0.5074836613795494,1
Kings,Clippers,2026-02-06,0.60633093,1,0.65449524,1,0.6164815131519727,1
Lakers,Warriors,2026-02-07,0.573036,1,0.3296733,0,0.5397308571865028,1
Trail Blazers,Grizzlies,2026-02-07,0.5325597,1,0.25168452,0,0.49643241788194636,0
Suns,76ers,2026-02-07,0.6595554,1,0.72756165,1,0.6644740079401223,1
Bulls,Nuggets,2026-02-07,0.46939108,0,0.16192712,0,0.4343994475872273,0
Kings,Cavaliers,2026-02-07,0.4759888,0,0.507571,1,0.49621501006512037,0
Magic,Jazz,2026-02-07,0.66019726,1,0.84257156,1,0.6816574159522926,1
Spurs,Mavericks,2026-02-07,0.6536108,1,0.5477047,1,0.6332718213123176,1
Thunder,Rockets,2026-02-07,0.62692046,1,0.75988495,1,0.6471274849528472,1
Nets,Wizards,2026-02-07,0.66689056,1,0.6985262,1,0.6651106782769518,1
Hawks,Hornets,2026-02-07,0.6922559,1,0.9141222,1,0.7120412202786371,1
Timberwolves,Clippers,2026-02-08,0.66378695,1,0.8740789,1,0.6884912268149584,1
Raptors,Pacers,2026-02-08,0.49927947,0,0.33540964,0,0.48524665887864493,0
Wizards,Heat,2026-02-08,0.3567828,0,0.1989118,0,0.35927676487099136,0
Celtics,Knicks,2026-02-08,0.68366504,1,0.59287965,1,0.6607625724192321,1
Hornets,Pistons,2026-02-09,0.4559695,0,0.54631925,1,0.4875630953722097,0
Nets,Bulls,2026-02-09,0.49279952,0,0.43848187,0,0.49743039954919804,0
Heat,Jazz,2026-02-09,0.645369,1,0.9377799,1,0.6856381423245376,1
Magic,Bucks,2026-02-09,0.5419231,1,0.54665136,1,0.5521292733703348,1
Timberwolves,Hawks,2026-02-09,0.61695695,1,0.77476203,1,0.6425130415855977,1
Pelicans,Kings,2026-02-09,0.4750957,0,0.48409757,0,0.4916568456850493,0
Nuggets,Cavaliers,2026-02-09,0.626748,1,0.8923389,1,0.6667762312699046,1
Warriors,Grizzlies,2026-02-09,0.6410379,1,0.44576564,0,0.6084751624225205,1
Lakers,Thunder,2026-02-09,0.43245205,0,0.25639793,0,0.42248419146341193,0
Trail Blazers,76ers,2026-02-09,0.68840426,1,0.51865745,1,0.6528992919911406,1
Lakers,Spurs,2026-02-10,0.59728235,1,0.4057496,0,0.57019632950575,1
Suns,Mavericks,2026-02-10,0.6297674,1,0.5853884,1,0.6223280447228202,1
Rockets,Clippers,2026-02-10,0.73644286,1,0.7749975,1,0.7203561810254229,1
Knicks,Pacers,2026-02-10,0.6824661,1,0.68852913,1,0.6740218150422584,1
Warriors,Spurs,2026-02-11,0.60207546,1,0.4727848,0,0.5845503779814222,1
Nuggets,Grizzlies,2026-02-11,0.71494865,1,0.95432967,1,0.7311131971362147,1
Jazz,Kings,2026-02-11,0.5179049,1,0.26465684,0,0.48755100062894535,0
Suns,Thunder,2026-02-11,0.35327888,0,0.1852597,0,0.3547792105621414,0
Pelicans,Heat,2026-02-11,0.37359187,0,0.3729663,0,0.39828504550925115,0
Rockets,Clippers,2026-02-11,0.72011214,1,0.77582896,1,0.7104573250723755,1
Timberwolves,Trail Blazers,2026-02-11,0.61252326,1,0.6944155,1,0.6270834871945139,1
76ers,Knicks,2026-02-11,0.47194526,0,0.19353765,0,0.4414455785462468,0
Nets,Pacers,2026-02-11,0.49247092,0,0.25150526,0,0.46627605244303805,0
Celtics,Bulls,2026-02-11,0.7162714,1,0.7906807,1,0.7101015881861928,1
Magic,Bucks,2026-02-11,0.54649895,1,0.548216,1,0.5557897768981416,1
Hornets,Hawks,2026-02-11,0.47588792,0,0.4053694,0,0.4792291528905469,0
Raptors,Pistons,2026-02-11,0.41495594,0,0.56391585,1,0.45968768145617195,0
Cavaliers,Wizards,2026-02-11,0.79408973,1,0.91213006,1,0.770410695225248,1
Lakers,Mavericks,2026-02-12,0.59397787,1,0.4728283,0,0.5786240927684464,1
Thunder,Bucks,2026-02-12,0.7071019,1,0.9211728,1,0.7220575781797498,1
Jazz,Trail Blazers,2026-02-12,0.49666888,0,0.058682483,0,0.4377828308711892,0
Warriors,Celtics,2026-02-19,0.53018993,1,0.50870156,1,0.5371349749662488,1
Kings,Magic,2026-02-19,0.5609531,1,0.7217302,1,0.5944836745828105,1
Spurs,Suns,2026-02-19,0.5958971,1,0.6907586,1,0.6147303017710586,1
Clippers,Nuggets,2026-02-19,0.44529608,0,0.17232993,0,0.4183412295041212,0
Bulls,Raptors,2026-02-19,0.68456084,1,0.533288,1,0.6524723802716221,1
Knicks,Pistons,2026-02-19,0.6971356,1,0.7447616,1,0.6916502509923779,1
Wizards,Pacers,2026-02-19,0.44533402,0,0.28717804,0,0.43698450879334727,0
76ers,Hawks,2026-02-19,0.43305385,0,0.37035382,0,0.4414449843567168,0
Cavaliers,Nets,2026-02-19,0.7669031,1,0.77386737,1,0.7383093134681603,1
Hornets,Rockets,2026-02-19,0.36225843,0,0.23385511,0,0.3684495078549477,0
Hornets,Cavaliers,2026-02-20,0.3286062,0,0.3644723,0,0.36500685519789927,0
Wizards,Pacers,2026-02-20,0.44254544,0,0.28125843,0,0.43395650367935207,0
Grizzlies,Jazz,2026-02-20,0.6497486,1,0.6706519,1,0.649325612457731,1
Hawks,Heat,2026-02-20,0.54475003,1,0.6646557,1,0.5734504516469874,1
Timberwolves,Mavericks,2026-02-20,0.70140797,1,0.6722916,1,0.6841077030835075,1
Pelicans,Bucks,2026-02-20,0.47703192,0,0.659882,1,0.5222041198990358,1
Thunder,Nets,2026-02-20,0.8048285,1,0.8405531,1,0.7677344289726599,1
Lakers,Clippers,2026-02-20,0.57167506,1,0.30796367,0,0.5351377730485025,1
Trail Blazers,Nuggets,2026-02-20,0.5390394,1,0.34413192,0,0.5166107852446998,1
Spurs,Kings,2026-02-21,0.60328555,1,0.71637654,1,0.623974838701542,1
Bulls,Pistons,2026-02-21,0.6064664,1,0.34501335,0,0.5671128613709552,1
Knicks,Rockets,2026-02-21,0.5487177,1,0.5762856,1,0.5620197912684292,1
Pelicans,76ers,2026-02-21,0.63100755,1,0.7584508,1,0.6497165055956403,1
Suns,Magic,2026-02-21,0.5446249,1,0.20424388,0,0.49765989737658634,0
Heat,Grizzlies,2026-02-21,0.67143905,1,0.9073911,1,0.6980814998733155,1
Clippers,Magic,2026-02-22,0.552601,1,0.2452109,0,0.5104456075970928,1
Suns,Trail Blazers,2026-02-22,0.56911457,1,0.42420352,0,0.552322220868317,1
Bulls,Knicks,2026-02-22,0.57147604,1,0.19995476,0,0.5171558966401246,1
Lakers,Celtics,2026-02-22,0.48462042,0,0.25176173,0,0.46044042037135025,0
Wizards,Hornets,2026-02-22,0.56097513,1,0.5266427,1,0.5630116342076942,1
Timberwolves,76ers,2026-02-22,0.76663625,1,0.78857595,1,0.740032501633606,1
Warriors,Nuggets,2026-02-22,0.5205539,1,0.31526163,0,0.4979213218587776,0
Bucks,Raptors,2026-02-22,0.68770444,1,0.6862521,1,0.6771482874385494,1
Hawks,Nets,2026-02-22,0.7049086,1,0.89570504,1,0.7173226447790331,1
Thunder,Cavaliers,2026-02-22,0.6006553,1,0.76061064,1,0.6289768230043589,1
Pacers,Mavericks,2026-02-22,0.58478636,1,0.508376,1,0.5776158967887398,1
Pistons,Spurs,2026-02-23,0.5706188,1,0.6616926,1,0.5919117750503002,1
Grizzlies,Kings,2026-02-23,0.555644,1,0.62023896,1,0.5742785008108394,1
Rockets,Jazz,2026-02-23,0.7430944,1,0.7467876,1,0.720627108433414,1
Pelicans,Warriors,2026-02-24,0.3920098,0,0.3688421,0,0.4109864478754593,0
Trail Blazers,Timberwolves,2026-02-24,0.5199963,1,0.1927002,0,0.47722449402587036,0
Lakers,Magic,2026-02-24,0.58382577,1,0.33028972,0,0.5478918754194668,1
Suns,Celtics,2026-02-24,0.40683362,0,0.22935526,0,0.3994796393844712,0
Bucks,Heat,2026-02-24,0.566549,1,0.44205528,0,0.553335248244625,1
Cavaliers,Knicks,2026-02-24,0.62644243,1,0.5579713,1,0.6156846439966794,1
Raptors,Thunder,2026-02-24,0.3210687,0,0.2639817,0,0.3445803698039194,0
Nets,Mavericks,2026-02-24,0.51637846,1,0.3016858,0,0.4925309029517102,0
Hawks,Wizards,2026-02-24,0.7707204,1,0.7649823,1,0.739391724777042,1
Pacers,76ers,2026-02-24,0.67544645,1,0.7859724,1,0.6834843166639424,1
Bulls,Hornets,2026-02-24,0.70416176,1,0.33013245,0,0.6351551262914189,1
Pistons,Thunder,2026-02-25,0.39939895,0,0.34898305,0,0.41319039982140815,0
Raptors,Spurs,2026-02-25,0.42267314,0,0.39844304,0,0.4383271766377768,0
Grizzlies,Warriors,2026-02-25,0.55912066,1,0.5536054,1,0.5660288206603188,1
Rockets,Kings,2026-02-25,0.71889,1,0.82852733,1,0.7168374231817352,1
Bucks,Cavaliers,2026-02-25,0.5468126,1,0.7213979,1,0.5841257809555103,1
Nuggets,Celtics,2026-02-25,0.52084637,1,0.7136735,1,0.5637586470387138,1
Mavericks,Kings,2026-02-26,0.54035485,1,0.42732775,0,0.5313409636995282,1
Clippers,Timberwolves,2026-02-26,0.5010189,1,0.13987254,0,0.4543040184720388,0
Jazz,Pelicans,2026-02-26,0.602706,1,0.17587386,0,0.5366189973340434,1
Suns,Lakers,2026-02-26,0.53528875,1,0.55621886,1,0.5487539255533681,1
Bulls,Trail Blazers,2026-02-26,0.57732886,1,0.3524716,0,0.5466847636953922,1
Magic,Rockets,2026-02-26,0.5061502,1,0.21386349,0,0.47032468207233347,0
Nets,Spurs,2026-02-26,0.48704037,0,0.33656812,0,0.47623878880327325,0
Hawks,Wizards,2026-02-26,0.7707204,1,0.7649823,1,0.739391724777042,1
76ers,Heat,2026-02-26,0.44037426,0,0.12613901,0,0.407333762002547,0
Pacers,Hornets,2026-02-26,0.7021586,1,0.7467717,1,0.6951487260706601,1
Pistons,Cavaliers,2026-02-27,0.56234354,1,0.74344695,1,0.5989523262853583,1
Celtics,Nets,2026-02-27,0.77322793,1,0.76349044,1,0.7406542554079288,1
Bucks,Knicks,2026-02-27,0.5920643,1,0.44405577,0,0.5725615518622901,1
Mavericks,Grizzlies,2026-02-27,0.5277043,1,0.556823,1,0.5431920384558976,1
Thunder,Nuggets,2026-02-27,0.6360568,1,0.8029633,1,0.6598166782664616,1
Hornets,Trail Blazers,2026-02-28,0.38857082,0,0.2708472,0,0.39289836503729914,0
Heat,Rockets,2026-02-28,0.58818823,1,0.7151898,1,0.6130636058919368,1
Wizards,Raptors,2026-02-28,0.55081284,1,0.2965141,0,0.5175881970449723,1
Warriors,Lakers,2026-02-28,0.6929762,1,0.7383331,1,0.6880597000733819,1
Jazz,Pelicans,2026-02-28,0.5960405,1,0.17576565,0,0.5316069292544016,1
Magic,Pistons,2026-03-01,0.5612523,1,0.32723102,0,0.5305020043396265,1
Celtics,76ers,2026-03-01,0.76099294,1,0.8820358,1,0.748577983158971,1
Clippers,Pelicans,2026-03-01,0.65301424,1,0.5897661,1,0.6393028088561183,1
Mavericks,Thunder,2026-03-01,0.34400538,0,0.2461535,0,0.35762415142499027,0
Hawks,Trail Blazers,2026-03-01,0.5723516,1,0.6883899,1,0.5974312296660366,1
Lakers,Kings,2026-03-01,0.5286638,1,0.5204952,1,0.5379343154234979,1
Nuggets,Timberwolves,2026-03-01,0.6151257,1,0.93895084,1,0.6658590159782939,1
Bulls,Bucks,2026-03-01,0.52400243,1,0.45324913,0,0.5233472694398463,1
Nets,Cavaliers,2026-03-01,0.37387347,0,0.3869984,0,0.4007179294578526,0
Knicks,Spurs,2026-03-01,0.61464804,1,0.77240425,1,0.6405551169344748,1
Pacers,Grizzlies,2026-03-01,0.6952333,1,0.8755209,1,0.7086256303934965,1
Jazz,Nuggets,2026-03-02,0.43375364,0,0.100484215,0,0.3984506699732466,0
Warriors,Clippers,2026-03-02,0.64157975,1,0.89678925,1,0.6772686289552924,1
Wizards,Rockets,2026-03-02,0.3493138,0,0.09552257,0,0.33861590602487224,0
Bucks,Celtics,2026-03-02,0.5789748,1,0.3957816,0,0.5550075744743685,1
Kings,Suns,2026-03-03,0.5867223,1,0.82943547,1,0.6298231495891715,1
Timberwolves,Grizzlies,2026-03-03,0.6885935,1,0.94322026,1,0.7137284985837904,1
Bulls,Thunder,2026-03-03,0.37677556,0,0.16039829,0,0.36730140339195233,0
76ers,Spurs,2026-03-03,0.51018786,1,0.38170382,0,0.5011190131712603,1
Lakers,Pelicans,2026-03-03,0.6499326,1,0.4012292,0,0.607828598980902,1
Heat,Nets,2026-03-03,0.72783023,1,0.872907,1,0.7281269362784358,1
Magic,Wizards,2026-03-03,0.76211673,1,0.81885374,1,0.7412702991646107,1
Cavaliers,Pistons,2026-03-03,0.6566655,1,0.5742314,1,0.6394655558396525,1
Hornets,Mavericks,2026-03-03,0.50518924,1,0.4101724,0,0.502069780611011,1
Raptors,Knicks,2026-03-03,0.4676213,0,0.17266156,0,0.43483691902778543,0
Knicks,Thunder,2026-03-04,0.40976834,0,0.33382615,0,0.4183362881609466,0
Celtics,Hornets,2026-03-04,0.78073454,1,0.81443506,1,0.7513294320540055,1
76ers,Jazz,2026-03-04,0.57987815,1,0.56094205,1,0.5824961714612695,1
Grizzlies,Trail Blazers,2026-03-04,0.5557661,1,0.8078456,1,0.60442734105884,1
Bucks,Hawks,2026-03-04,0.6196579,1,0.48833463,0,0.5998218170471339,1
Clippers,Pacers,2026-03-04,0.53370285,1,0.20022099,0,0.48877382023705523,0
Suns,Bulls,2026-03-05,0.5294286,1,0.5923281,1,0.5503058674345339,1
Kings,Pelicans,2026-03-05,0.68715703,1,0.63229585,1,0.6689221410687826,1
Nuggets,Lakers,2026-03-05,0.6845416,1,0.9484363,1,0.7119381451390504,1
Spurs,Pistons,2026-03-05,0.5945097,1,0.4300384,0,0.5720915419744921,1
Timberwolves,Raptors,2026-03-05,0.69296336,1,0.5544523,1,0.661333518056477,1
Rockets,Warriors,2026-03-05,0.6559272,1,0.64042604,1,0.649003598138761,1
Heat,Nets,2026-03-05,0.7180603,1,0.8729479,1,0.722269856729293,1
Wizards,Jazz,2026-03-05,0.4724969,0,0.459633,0,0.4856530268964102,0
Magic,Mavericks,2026-03-05,0.6039783,1,0.4318172,0,0.5793434514823494,1
Spurs,Clippers,2026-03-06,0.58750063,1,0.85835564,1,0.6348209962612239,1
Suns,Pelicans,2026-03-06,0.6891903,1,0.7083011,1,0.6813046873289209,1
Nuggets,Knicks,2026-03-06,0.6494671,1,0.7370485,1,0.6590812050701379,1
Lakers,Pacers,2026-03-06,0.55499184,1,0.2746442,0,0.5171135629531505,1
Hornets,Heat,2026-03-06,0.42064768,0,0.359386,0,0.43047340962909497,0
Celtics,Mavericks,2026-03-06,0.6820863,1,0.5788617,1,0.6576088763609904,1
Rockets,Trail Blazers,2026-03-06,0.71412975,1,0.74529433,1,0.7025289607911763,1
Timberwolves,Magic,2026-03-07,0.6396083,1,0.8442159,1,0.6682969708818997,1
Pistons,Nets,2026-03-07,0.7375123,1,0.81593144,1,0.7264250037084126,1
Hawks,76ers,2026-03-07,0.69925076,1,0.79459924,1,0.6999840117699042,1
Grizzlies,Clippers,2026-03-07,0.6247272,1,0.8516181,1,0.6593921001908324,1
Bucks,Jazz,2026-03-07,0.6910582,1,0.73617387,1,0.6865111000976918,1
Thunder,Warriors,2026-03-07,0.68769205,1,0.87444717,1,0.7037667426609489,1
Spurs,Rockets,2026-03-08,0.42703122,0,0.32006645,0,0.4288023061262848,0
Kings,Bulls,2026-03-08,0.5936891,1,0.69348466,1,0.6135826461935823,1
Trail Blazers,Pacers,2026-03-08,0.5852882,1,0.562258,1,0.586663817813816,1
Suns,Hornets,2026-03-08,0.64119714,1,0.4262444,0,0.6055053647009894,1
Bucks,Magic,2026-03-08,0.66612446,1,0.65411407,1,0.6580086861622458,1
Lakers,Knicks,2026-03-08,0.5310117,1,0.20157306,0,0.4869729128769645,0
Raptors,Mavericks,2026-03-08,0.4847259,0,0.42276582,0,0.48875249040644064,0
Heat,Pistons,2026-03-08,0.6311329,1,0.7054671,1,0.6417758324825361,1
Cavaliers,Celtics,2026-03-08,0.5392996,1,0.7682345,1,0.5861641571169025,1
Pelicans,Wizards,2026-03-08,0.49536863,0,0.6725215,1,0.538041283337259,1
Cavaliers,76ers,2026-03-09,0.7617202,1,0.8773546,1,0.7484065876677914,1
Nets,Grizzlies,2026-03-09,0.47428045,0,0.32742777,0,0.4651586696916897,0
Thunder,Nuggets,2026-03-09,0.6241891,1,0.80177903,1,0.6515724173374086,1
Jazz,Warriors,2026-03-09,0.4105937,0,0.14561081,0,0.38893883698332166,0
Clippers,Knicks,2026-03-09,0.47399244,0,0.36552942,0,0.4712257303100781,0
Lakers,Timberwolves,2026-03-10,0.5103077,1,0.15859812,0,0.46432969181614536,0
Trail Blazers,Hornets,2026-03-10,0.68396795,1,0.3961378,0,0.631185511518802,1
Warriors,Bulls,2026-03-10,0.6086809,1,0.538684,1,0.5998921505478344,1
Spurs,Celtics,2026-03-10,0.4312862,0,0.4852948,0,0.4589680086220617,0
Bucks,Suns,2026-03-10,0.6315951,1,0.50705034,1,0.6113670459463277,1
Kings,Pacers,2026-03-10,0.61899394,1,0.5162364,1,0.6037709800091808,1
Hawks,Mavericks,2026-03-10,0.633414,1,0.5427869,1,0.6182689103110586,1
Heat,Wizards,2026-03-10,0.77715915,1,0.96266437,1,0.7672986627780224,1
Nets,Pistons,2026-03-10,0.4271553,0,0.29576683,0,0.4249564235111326,0
76ers,Grizzlies,2026-03-10,0.4733315,0,0.27502102,0,0.45582610403019574,0
Rockets,Raptors,2026-03-10,0.774735,1,0.7089143,1,0.734536919261727,1
Magic,Cavaliers,2026-03-11,0.4544794,0,0.54549104,1,0.48630511390248765,0
Pelicans,Raptors,2026-03-11,0.5108951,1,0.51642,1,0.5239384286339269,1
Jazz,Knicks,2026-03-11,0.41543046,0,0.014569216,0,0.37191769189787255,0
Nuggets,Rockets,2026-03-11,0.5708982,1,0.5419378,1,0.5728290286709635,1
Kings,Hornets,2026-03-11,0.63427895,1,0.36983892,0,0.5915241255964692,1
Clippers,Timberwolves,2026-03-11,0.4715466,0,0.1401281,0,0.43244797431682735,0
Lakers,Bulls,2026-03-12,0.5915415,1,0.5319664,1,0.5863649168611133,1
Thunder,Celtics,2026-03-12,0.72049785,1,0.76769936,1,0.7095879017681562,1
Spurs,Nuggets,2026-03-12,0.5190843,1,0.50402725,1,0.5280400311226923,1
Heat,Bucks,2026-03-12,0.5825114,1,0.9014567,1,0.6379500390669338,1
Pistons,76ers,2026-03-12,0.7097964,1,0.7867863,1,0.705536061310415,1
Magic,Wizards,2026-03-12,0.75526506,1,0.8175998,1,0.7371329460615448,1
Pacers,Suns,2026-03-12,0.59143996,1,0.6163391,1,0.5997759676418898,1
Hawks,Nets,2026-03-12,0.7049086,1,0.89570504,1,0.7173226447790331,1
Warriors,Timberwolves,2026-03-13,0.5845339,1,0.51944387,1,0.5792179872983046,1
Clippers,Bulls,2026-03-13,0.5486354,1,0.5210462,1,0.5529336409297081,1
Trail Blazers,Jazz,2026-03-13,0.63008714,1,0.5321144,1,0.6142283737583653,1
Mavericks,Cavaliers,2026-03-13,0.4169202,0,0.4336717,0,0.4398070936861525,0
Pistons,Grizzlies,2026-03-13,0.5739598,1,0.7322507,1,0.6055546765160937,1
Raptors,Suns,2026-03-13,0.44892755,0,0.29288846,0,0.4405803843242446,0
Rockets,Pelicans,2026-03-13,0.823352,1,0.792117,1,0.771933279190377,1
Pacers,Knicks,2026-03-13,0.5600569,1,0.5457175,1,0.5654379703560779,1
76ers,Nets,2026-03-14,0.55114347,1,0.4558465,0,0.5441104856073511,1
Hawks,Bucks,2026-03-14,0.5514509,1,0.81591076,1,0.6025963216335611,1
Celtics,Wizards,2026-03-14,0.8106816,1,0.8972981,1,0.7774328611306486,1
Heat,Magic,2026-03-14,0.65103835,1,0.7956808,1,0.6688005893170765,1
Spurs,Hornets,2026-03-14,0.6509402,1,0.85258764,1,0.6770305497163684,1
Lakers,Nuggets,2026-03-14,0.4650672,0,0.28583023,0,0.4514327860274856,0
Clippers,Kings,2026-03-14,0.51164687,1,0.3845104,0,0.5026819915122406,1
Cavaliers,Mavericks,2026-03-15,0.7254395,1,0.5994986,1,0.6893035591095497,1
Thunder,Timberwolves,2026-03-15,0.7085449,1,0.84360397,1,0.7125216574364072,1
Raptors,Pistons,2026-03-15,0.39563742,0,0.562994,1,0.4451267336558534,0
Bucks,Pacers,2026-03-15,0.64586246,1,0.47825652,0,0.6170280722260303,1
76ers,Trail Blazers,2026-03-15,0.5125341,1,0.36677152,0,0.5004128272320824,1
Knicks,Warriors,2026-03-15,0.61707276,1,0.6782743,1,0.6277868383727377,1
Kings,Jazz,2026-03-15,0.6704613,1,0.82353324,1,0.6856146582226967,1
Rockets,Lakers,2026-03-16,0.6799561,1,0.74739516,1,0.6808890646551846,1
Nets,Trail Blazers,2026-03-16,0.42750055,0,0.34765247,0,0.4336299348153334,0
Clippers,Spurs,2026-03-16,0.5495027,1,0.46624598,0,0.5445933931878961,1
Pelicans,Mavericks,2026-03-16,0.41203374,0,0.41940102,0,0.4338623340763383,0
Wizards,Warriors,2026-03-16,0.36193806,0,0.25411323,0,0.3713517607465554,0
Celtics,Suns,2026-03-16,0.71422285,1,0.6516228,1,0.689463487955524,1
Hawks,Magic,2026-03-16,0.581809,1,0.75483394,1,0.6147340331308578,1
Bulls,Grizzlies,2026-03-16,0.6021635,1,0.4454418,0,0.5802105249794907,1
Hornets,Heat,2026-03-17,0.42599463,0,0.35781598,0,0.43416951595299386,0
Magic,Thunder,2026-03-17,0.35180998,0,0.13751592,0,0.34657235035684697,0
Wizards,Pistons,2026-03-17,0.3837801,0,0.41638803,0,0.41261144166994995,0
Knicks,Pacers,2026-03-17,0.6824661,1,0.68852913,1,0.6740218150422584,1
Bucks,Cavaliers,2026-03-17,0.5484724,1,0.7206625,1,0.5852211366338484,1
Timberwolves,Suns,2026-03-17,0.69113594,1,0.874372,1,0.7059137418193016,1
Nuggets,76ers,2026-03-17,0.7911187,1,0.8359134,1,0.7597314844118378,1
Kings,Spurs,2026-03-17,0.5930264,1,0.5297992,1,0.5871010478928735,1
Timberwolves,Jazz,2026-03-18,0.7003324,1,0.81624925,1,0.7036661370415493,1
Mavericks,Hawks,2026-03-18,0.48339742,0,0.36399007,0,0.4780330279756003,0
Pelicans,Clippers,2026-03-18,0.44466233,0,0.60501647,1,0.48876930668089985,0
Rockets,Lakers,2026-03-18,0.6630274,1,0.7471763,1,0.669680753403915,1
Grizzlies,Knicks,2026-03-18,0.5446458,1,0.41697302,0,0.532850383134921,1
Pacers,Trail Blazers,2026-03-18,0.49859592,0,0.63230395,1,0.5338336550479044,1
Nets,Thunder,2026-03-18,0.2678223,0,0.09619538,0,0.286099824992544,0
Celtics,Warriors,2026-03-18,0.7038701,1,0.57121795,1,0.6711051178118148,1
Bulls,Raptors,2026-03-18,0.6742725,1,0.53882444,1,0.6462536875148425,1
Jazz,Bucks,2026-03-19,0.47065207,0,0.1509481,0,0.43354601142483623,0
Spurs,Suns,2026-03-19,0.5899884,1,0.7066204,1,0.6130031297018524,1
Pelicans,Clippers,2026-03-19,0.44105822,0,0.603865,1,0.48586744030417106,0
Kings,76ers,2026-03-19,0.6945903,1,0.7126188,1,0.6854416228795238,1
Heat,Lakers,2026-03-19,0.65298223,1,0.93315905,1,0.6899037083413143,1
Wizards,Pistons,2026-03-19,0.39074174,0,0.41789818,0,0.4179443417976017,0
Hornets,Magic,2026-03-19,0.4150198,0,0.38492367,0,0.43046537416588576,0
Bulls,Cavaliers,2026-03-19,0.5240134,1,0.40108636,0,0.5147315173865298,1
Nets,Knicks,2026-03-20,0.4642196,0,0.18192974,0,0.4338284571423356,0
Pistons,Warriors,2026-03-20,0.5584907,1,0.59783274,1,0.572745442073846,1
Rockets,Hawks,2026-03-20,0.6689978,1,0.726378,1,0.6706098248188522,1
Grizzlies,Celtics,2026-03-20,0.409105,0,0.5867435,1,0.4590669918960989,0
Timberwolves,Trail Blazers,2026-03-20,0.61252326,1,0.6944155,1,0.6270834871945139,1
Nuggets,Raptors,2026-03-20,0.8042869,1,0.93051916,1,0.7779077958243764,1
Spurs,Pacers,2026-03-21,0.54086524,1,0.47290003,0,0.5392310423663154,1
Suns,Bucks,2026-03-21,0.58528763,1,0.61793053,1,0.5955748486629006,1
Jazz,76ers,2026-03-21,0.6308691,1,0.27985585,0,0.5745420562520677,1
Mavericks,Clippers,2026-03-21,0.55504143,1,0.6682901,1,0.5815984251573958,1
Rockets,Heat,2026-03-21,0.6512238,1,0.5792773,1,0.6364529044630817,1
Wizards,Thunder,2026-03-21,0.28770936,0,0.20880692,0,0.31433310838950185,0
Pelicans,Cavaliers,2026-03-21,0.37504783,0,0.61340415,1,0.438071626177325,0
Magic,Lakers,2026-03-21,0.6122697,1,0.6829743,1,0.6251309105204143,1
Hornets,Grizzlies,2026-03-21,0.44144675,0,0.568794,1,0.4803594587118298,0
Hawks,Warriors,2026-03-21,0.52430314,1,0.7147636,1,0.5664940966810816,1
Nuggets,Trail Blazers,2026-03-22,0.6948239,1,0.9094978,1,0.7129977651455459,1
Kings,Nets,2026-03-22,0.6614438,1,0.7038302,1,0.6622339464336854,1
Knicks,Wizards,2026-03-22,0.79086614,1,0.93394333,1,0.7712480509625228,1
Celtics,Timberwolves,2026-03-22,0.66024387,1,0.5370475,1,0.6362659219550886,1
Suns,Raptors,2026-03-22,0.7102157,1,0.6353203,1,0.684547365065274,1
Clippers,Bucks,2026-03-23,0.5305471,1,0.45660794,0,0.5288150993027372,1
Trail Blazers,Nets,2026-03-23,0.62382853,1,0.6325042,1,0.6254540062978843,1
Mavericks,Warriors,2026-03-23,0.44769403,0,0.3336308,0,0.44632316779955344,0
Jazz,Raptors,2026-03-23,0.61319077,1,0.18190086,0,0.5454494785987287,1
Bulls,Rockets,2026-03-23,0.4776949,0,0.1533194,0,0.4391479632073529,0
76ers,Thunder,2026-03-23,0.23840116,0,0.04927265,0,0.2622959906409421,0
Magic,Pacers,2026-03-23,0.60897565,1,0.35483608,0,0.5705614990131985,1
Pistons,Lakers,2026-03-23,0.6532361,1,0.9275931,1,0.6892782711557083,1
Hawks,Grizzlies,2026-03-23,0.71592706,1,0.81318736,1,0.7129483070160271,1
Heat,Spurs,2026-03-23,0.6058037,1,0.7694504,1,0.6339468916066661,1
Hornets,Kings,2026-03-24,0.49825191,0,0.4364229,0,0.5011938979260591,1
Knicks,Pelicans,2026-03-24,0.7176024,1,0.7699353,1,0.7080941552842359,1
Cavaliers,Magic,2026-03-24,0.6864348,1,0.85611016,1,0.7004348931976029,1
Suns,Nuggets,2026-03-24,0.4853079,0,0.23566107,0,0.45830629468587447,0
Trail Blazers,Bucks,2026-03-25,0.45574754,0,0.318646,0,0.44986597646042653,0
Warriors,Nets,2026-03-25,0.7029837,1,0.4033238,0,0.6455015700303275,1
Nuggets,Mavericks,2026-03-25,0.69017047,1,0.71383774,1,0.6827399745274239,1
Timberwolves,Rockets,2026-03-25,0.51554084,1,0.7798604,1,0.5705976738644629,1
Jazz,Wizards,2026-03-25,0.6442001,1,0.28266075,0,0.5847748326803017,1
76ers,Bulls,2026-03-25,0.5567145,1,0.39137247,0,0.5376725245020729,1
Cavaliers,Heat,2026-03-25,0.6376369,1,0.63284814,1,0.6351950889252675,1
Celtics,Thunder,2026-03-25,0.5457538,1,0.39445713,0,0.5299678688508529,1
Clippers,Raptors,2026-03-25,0.6427318,1,0.600565,1,0.6337944512563549,1
Pacers,Lakers,2026-03-25,0.568639,1,0.77597463,1,0.6086404032317947,1
Pistons,Hawks,2026-03-25,0.641414,1,0.5577449,1,0.6262593548030825,1
Grizzlies,Spurs,2026-03-25,0.5517431,1,0.52811927,1,0.5564021728644105,1
Magic,Kings,2026-03-26,0.58212423,1,0.45986408,0,0.5677922047934244,1
Pistons,Pelicans,2026-03-26,0.62872636,1,0.7133781,1,0.6413143010259305,1
Hornets,Knicks,2026-03-26,0.38115746,0,0.30141404,0,0.3924027468266264,0
Trail Blazers,Mavericks,2026-03-27,0.57465905,1,0.39342844,0,0.5514103793748846,1
Warriors,Wizards,2026-03-27,0.7616698,1,0.58870983,1,0.7107055953116077,1
Nuggets,Jazz,2026-03-27,0.7602621,1,0.9718877,1,0.7592094088551379,1
Raptors,Pelicans,2026-03-27,0.6573398,1,0.49246514,0,0.6273634699345828,1
Lakers,Nets,2026-03-27,0.6772476,1,0.42468157,0,0.6308755188546672,1
Grizzlies,Rockets,2026-03-27,0.44367236,0,0.4178672,0,0.4571407985202287,0
Cavaliers,Heat,2026-03-27,0.63358486,1,0.6327014,1,0.6323405859376764,1
Celtics,Hawks,2026-03-27,0.72424674,1,0.6869558,1,0.7008179702634009,1
Pacers,Clippers,2026-03-27,0.64661556,1,0.8198372,1,0.6693941958209059,1
Thunder,Bulls,2026-03-27,0.78740597,1,0.89236087,1,0.7644823684613411,1
Bucks,Spurs,2026-03-28,0.6297579,1,0.7003028,1,0.6400358097487131,1
Hornets,76ers,2026-03-28,0.54858583,1,0.6158143,1,0.5683557469518667,1
Hawks,Kings,2026-03-28,0.69035006,1,0.8173722,1,0.6975172717150738,1
Grizzlies,Bulls,2026-03-28,0.5790437,1,0.79647493,1,0.6192833761995472,1
Timberwolves,Pistons,2026-03-28,0.66765577,1,0.79177827,1,0.6792260941753681,1
Suns,Jazz,2026-03-28,0.630771,1,0.7730716,1,0.6517554068202732,1
Pelicans,Rockets,2026-03-29,0.34966037,0,0.32613683,0,0.3738603844165146,0
Nuggets,Warriors,2026-03-29,0.6862944,1,0.73249245,1,0.6828880253896811,1
Thunder,Knicks,2026-03-29,0.7573477,1,0.6997962,1,0.7229957754032864,1
Trail Blazers,Wizards,2026-03-29,0.71857584,1,0.7843691,1,0.7106691777472848,1
Pacers,Heat,2026-03-29,0.62502223,1,0.5417974,1,0.6121320853609078,1
Hornets,Celtics,2026-03-29,0.38109118,0,0.47796047,0,0.42055439846003884,0
Nets,Kings,2026-03-29,0.5423878,1,0.50294715,1,0.5453083513543291,1
Raptors,Magic,2026-03-29,0.50722384,1,0.46401697,0,0.5125139745598856,1
Bucks,Clippers,2026-03-29,0.63291144,1,0.78789777,1,0.6554377581086843,1
Lakers,Wizards,2026-03-30,0.6931594,1,0.49751595,0,0.652970993182616,1
Jazz,Cavaliers,2026-03-30,0.4049043,0,0.11661341,0,0.38033865122552896,0
Mavericks,Timberwolves,2026-03-30,0.4569465,0,0.24147156,0,0.4381400588525113,0
Thunder,Pistons,2026-03-30,0.751629,1,0.79641086,1,0.73226367819403,1
Grizzlies,Suns,2026-03-30,0.6204202,1,0.5842395,1,0.6155103885669699,1
Hawks,Celtics,2026-03-30,0.46745995,0,0.5778618,1,0.5014328581508856,1
Heat,76ers,2026-03-30,0.75153387,1,0.9220117,1,0.7482001371749013,1
Spurs,Bulls,2026-03-30,0.638913,1,0.7225851,1,0.6497280257746976,1
Magic,Suns,2026-03-31,0.59330034,1,0.33074373,0,0.5550228194305444,1
Nets,Hornets,2026-03-31,0.6286886,1,0.42968932,0,0.5970226912133546,1
Pistons,Raptors,2026-03-31,0.78069913,1,0.7939381,1,0.7487644745910059,1
Rockets,Knicks,2026-03-31,0.604388,1,0.4972133,0,0.5901592372538192,1
Lakers,Cavaliers,2026-03-31,0.4796947,0,0.38721424,0,0.4790890516766443,0
Clippers,Trail Blazers,2026-03-31,0.43945292,0,0.48074383,0,0.4643304214052722,0
Grizzlies,Mavericks,2026-04-01,0.5310047,1,0.45915446,0,0.5295785919852732,1
Warriors,Spurs,2026-04-01,0.60875684,1,0.47139716,0,0.5892052595708758,1
Jazz,Nuggets,2026-04-01,0.42858765,0,0.09976493,0,0.39461438961480694,0
Rockets,Bucks,2026-04-01,0.6370194,1,0.70275116,1,0.6454289200915544,1
Wizards,76ers,2026-04-01,0.5805204,1,0.5339432,1,0.5786128712732247,1
Raptors,Kings,2026-04-01,0.44718817,0,0.43510592,0,0.46260619702414474,0
Magic,Hawks,2026-04-01,0.6279271,1,0.44399273,0,0.5987489085668481,1
Heat,Celtics,2026-04-01,0.44141188,0,0.6137382,1,0.48776707701451316,0
Bulls,Pacers,2026-04-01,0.6283267,1,0.29458565,0,0.5750553016792705,1
Hornets,Suns,2026-04-02,0.49043453,0,0.4876398,0,0.5037892109989598,1
Pistons,Timberwolves,2026-04-02,0.4775233,0,0.45705318,0,0.4890074683122983,0
Thunder,Lakers,2026-04-02,0.78012127,1,0.94958234,1,0.7673442166036826,1
Warriors,Cavaliers,2026-04-02,0.5600183,1,0.6810198,1,0.5872855477237199,1
Trail Blazers,Pelicans,2026-04-02,0.66154,1,0.5463237,1,0.6385877625855372,1
Clippers,Spurs,2026-04-02,0.5495027,1,0.46738133,0,0.5447798747365781,1
Bucks,Celtics,2026-04-03,0.5931105,1,0.3957411,0,0.5654870842406869,1
Mavericks,Magic,2026-04-03,0.56810147,1,0.43509585,0,0.553351432981202,1
Kings,Pelicans,2026-04-03,0.6865674,1,0.6331494,1,0.6686540821684077,1
Grizzlies,Raptors,2026-04-03,0.64716756,1,0.7533599,1,0.6599521918957987,1
76ers,Timberwolves,2026-04-03,0.37476367,0,0.061150424,0,0.3507827341614622,0
Knicks,Bulls,2026-04-03,0.65021175,1,0.8853313,1,0.6812779695997971,1
Nets,Hawks,2026-04-03,0.5159932,1,0.2227342,0,0.47918014034251105,0
Hornets,Pacers,2026-04-03,0.43848997,0,0.32058844,0,0.43735832314412276,0
Rockets,Jazz,2026-04-03,0.74339396,1,0.74754447,1,0.7209095335588044,1
Heat,Wizards,2026-04-04,0.7882653,1,0.9620743,1,0.7731477614767936,1
Nuggets,Spurs,2026-04-04,0.619211,1,0.8257843,1,0.6517787295927194,1
76ers,Pistons,2026-04-04,0.5312926,1,0.24635771,0,0.4945967493406443,0
Kings,Clippers,2026-04-05,0.59206516,1,0.6541118,1,0.6062152780671669,1
Mavericks,Lakers,2026-04-05,0.54395896,1,0.57406867,1,0.5581274900665882,1
Thunder,Jazz,2026-04-05,0.799861,1,0.8530173,1,0.7665370627951317,1
Pelicans,Magic,2026-04-05,0.39055756,0,0.33728877,0,0.4048831429616428,0
Timberwolves,Hornets,2026-04-05,0.7132287,1,0.6804497,1,0.6928996393012755,1
Warriors,Rockets,2026-04-05,0.5301021,1,0.54384375,1,0.5428505826547978,1
Bucks,Grizzlies,2026-04-05,0.5894847,1,0.58925986,1,0.5940443076166169,1
Bulls,Suns,2026-04-05,0.5919688,1,0.4619562,0,0.5753901740212302,1
Nets,Wizards,2026-04-05,0.67046493,1,0.698696,1,0.6675286532305168,1
Celtics,Raptors,2026-04-05,0.79366046,1,0.64464515,1,0.7373395127136007,1
Cavaliers,Pacers,2026-04-05,0.69327116,1,0.6922077,1,0.6816583698667065,1
Hawks,Knicks,2026-04-06,0.5620237,1,0.41724128,0,0.5458943252322145,1
Magic,Pistons,2026-04-06,0.5463036,1,0.32485458,0,0.5188844311265387,1
Grizzlies,Cavaliers,2026-04-06,0.41094452,0,0.6310882,1,0.4677470486665282,0
Spurs,76ers,2026-04-06,0.7144151,1,0.6498654,1,0.6893382180781146,1
Nuggets,Trail Blazers,2026-04-06,0.6721335,1,0.9082315,1,0.6986392362211762,1
Suns,Rockets,2026-04-07,0.45772934,0,0.18599713,0,0.4296946723929158,0
Clippers,Mavericks,2026-04-07,0.55633926,1,0.4308294,0,0.5438813920484625,1
Lakers,Thunder,2026-04-07,0.43245205,0,0.2563979,0,0.4224841866156131,0
Warriors,Kings,2026-04-07,0.6308855,1,0.60659534,1,0.6264116616998935,1
Pelicans,Jazz,2026-04-07,0.49607533,0,0.5511153,1,0.5185368635851731,1
Celtics,Hornets,2026-04-07,0.7809394,1,0.81431764,1,0.7514301383357069,1
Raptors,Heat,2026-04-07,0.4339132,0,0.44146314,0,0.45372851429025374,0
Nets,Bucks,2026-04-07,0.42856947,0,0.35188004,0,0.4351086383359975,0
Wizards,Bulls,2026-04-07,0.508507,1,0.3503712,0,0.4946660752839506,0
Pacers,Timberwolves,2026-04-07,0.5710556,1,0.5067226,1,0.567228952610821,1
Suns,Mavericks,2026-04-08,0.63022345,1,0.58613026,1,0.6227661790636582,1
Clippers,Thunder,2026-04-08,0.39997852,0,0.31640935,0,0.4083912087508201,0
Spurs,Trail Blazers,2026-04-08,0.55540985,1,0.7482968,1,0.5947014666389475,1
Nuggets,Grizzlies,2026-04-08,0.71494865,1,0.95432967,1,0.7311131971362147,1
Magic,Timberwolves,2026-04-08,0.5741441,1,0.6018658,1,0.5848866613418745,1
Cavaliers,Hawks,2026-04-08,0.69145197,1,0.63555187,1,0.6722552629792365,1
Pistons,Bucks,2026-04-08,0.5603426,1,0.82378334,1,0.61023086222561,1
Raptors,Heat,2026-04-09,0.43564087,0,0.4420791,0,0.4551193962176408,0
Wizards,Bulls,2026-04-09,0.508507,1,0.3503712,0,0.4946660752839506,0
Nets,Pacers,2026-04-09,0.4907607,0,0.25108534,0,0.46492553471601067,0
Knicks,Celtics,2026-04-09,0.5288104,1,0.7985786,1,0.583374844177398,1
Rockets,76ers,2026-04-09,0.75153387,1,0.82086897,1,0.7353717197866936,1
Warriors,Lakers,2026-04-09,0.6825687,1,0.738191,1,0.6812737393075596,1
Lakers,Suns,2026-04-10,0.6269798,1,0.31013188,0,0.5765795461629468,1
Kings,Warriors,2026-04-10,0.5121311,1,0.7172601,1,0.5578801952049586,1
Trail Blazers,Clippers,2026-04-10,0.64536256,1,0.6461659,1,0.6425967019470923,1
Nuggets,Thunder,2026-04-10,0.5482214,1,0.77256763,1,0.5933580136026989,1
Spurs,Mavericks,2026-04-10,0.6536108,1,0.5477047,1,0.6332718213123176,1
Bucks,Nets,2026-04-10,0.70742357,1,0.5802367,1,0.674774661366509,1
Rockets,Timberwolves,2026-04-10,0.62477756,1,0.5751561,1,0.6171903638596072,1
Jazz,Grizzlies,2026-04-10,0.49540964,0,0.38663316,0,0.4908115130701856,0
Knicks,Raptors,2026-04-10,0.6675529,1,0.7145302,1,0.6679099187824706,1
Pacers,76ers,2026-04-10,0.6685835,1,0.7853341,1,0.6789047650511223,1
Celtics,Pelicans,2026-04-10,0.8310762,1,0.8124796,1,0.7783374973096127,1
Hawks,Cavaliers,2026-04-10,0.5056475,1,0.8703263,1,0.5779625262043991,1
Wizards,Heat,2026-04-10,0.3567828,0,0.19985788,0,0.3594210145110446,0
Hornets,Pistons,2026-04-10,0.46159914,0,0.5482006,1,0.4921105471230985,0
Bulls,Magic,2026-04-10,0.54590017,1,0.23133329,0,0.5031051035669651,1
Lakers,Jazz,2026-04-12,0.5715826,1,0.4508987,0,0.5585228739772732,1
Spurs,Nuggets,2026-04-12,0.51922405,1,0.50247353,1,0.5278884535292555,1
Thunder,Suns,2026-04-12,0.7666212,1,0.8130467,1,0.7431296295734718,1
Timberwolves,Pelicans,2026-04-12,0.7910191,1,0.7880057,1,0.7538364334681975,1
Rockets,Grizzlies,2026-04-12,0.71249694,1,0.81655127,1,0.7112876451393785,1
Mavericks,Bulls,2026-04-12,0.5799065,1,0.76963687,1,0.6156987397012427,1
Heat,Hawks,2026-04-12,0.648948,1,0.6786567,1,0.649983572215677,1
76ers,Bucks,2026-04-12,0.43601593,0,0.3281064,0,0.43675048158294305,0
Knicks,Hornets,2026-04-12,0.7500934,1,0.75470006,1,0.7258940765515273,1
Pacers,Pistons,2026-04-12,0.583497,1,0.6244464,1,0.5953155603532284,1
Cavaliers,Wizards,2026-04-12,0.8005347,1,0.9124731,1,0.7738650132948575,1
Celtics,Magic,2026-04-12,0.69462097,1,0.6624421,1,0.6782529059058934,1
Clippers,Warriors,2026-04-12,0.48576164,0,0.24823773,0,0.46071431242798083,0
Raptors,Nets,2026-04-12,0.5497984,1,0.6586523,1,0.5761938974207351,1
Trail Blazers,Kings,2026-04-12,0.5973535,1,0.48691326,0,0.5833693530500801,1
