GAME_DATE,TEAM_ABBREVIATION,WL,PTS,GAME_ID
2025-10-21,GSW,W,119,0022500002
2025-10-21,HOU,L,124,0022500001
2025-10-21,LAL,L,109,0022500002
2025-10-21,OKC,W,125,0022500001
2025-10-22,ATL,L,118,0022500082
2025-10-22,BOS,L,116,0022500083
2025-10-22,CLE,L,111,0022500003
2025-10-22,NOP,L,122,0022500085
2025-10-22,CHI,W,115,0022500084
2025-10-22,DAL,L,92,0022500004
2025-10-22,LAC,L,108,0022500087
2025-10-22,MIA,L,121,0022500081
2025-10-22,MIL,W,133,0022500086
2025-10-22,MIN,W,118,0022500089
2025-10-22,BKN,L,117,0022500080
2025-10-22,NYK,W,119,0022500003
2025-10-22,ORL,W,125,0022500081
2025-10-22,PHI,W,117,0022500083
2025-10-22,PHX,W,120,0022500088
2025-10-22,POR,L,114,0022500089
2025-10-22,SAC,L,116,0022500088
2025-10-22,SAS,W,125,0022500004
2025-10-22,TOR,W,138,0022500082
2025-10-22,UTA,W,129,0022500087
2025-10-22,MEM,W,128,0022500085
2025-10-22,WAS,L,120,0022500086
2025-10-22,DET,L,111,0022500084
2025-10-22,CHA,W,136,0022500080
2025-10-23,DEN,L,131,0022500006
2025-10-23,GSW,W,137,0022500006
2025-10-23,IND,L,135,0022500005
2025-10-23,OKC,W,141,0022500005
2025-10-24,ATL,W,111,0022500090
2025-10-24,BOS,L,95,0022500018
2025-10-24,CLE,W,131,0022500091
2025-10-24,NOP,L,116,0022500095
2025-10-24,DAL,L,107,0022500096
2025-10-24,GSW,L,119,0022500097
2025-10-24,HOU,L,111,0022500093
2025-10-24,LAC,W,129,0022500099
2025-10-24,LAL,W,128,0022500019
2025-10-24,MIA,W,146,0022500094
2025-10-24,MIL,W,122,0022500092
2025-10-24,MIN,L,110,0022500019
2025-10-24,BKN,L,124,0022500091
2025-10-24,NYK,W,105,0022500018
2025-10-24,ORL,L,107,0022500090
2025-10-24,PHX,L,102,0022500099
2025-10-24,POR,W,139,0022500097
2025-10-24,SAC,W,105,0022500098
2025-10-24,SAS,W,120,0022500095
2025-10-24,TOR,L,116,0022500092
2025-10-24,UTA,L,104,0022500098
2025-10-24,MEM,L,114,0022500094
2025-10-24,WAS,W,117,0022500096
2025-10-24,DET,W,115,0022500093
2025-10-25,ATL,L,100,0022500101
2025-10-25,CHI,W,110,0022500100
2025-10-25,DEN,W,133,0022500104
2025-10-25,ORL,L,98,0022500100
2025-10-25,IND,L,103,0022500103
2025-10-25,PHX,L,111,0022500104
2025-10-25,OKC,W,117,0022500101
2025-10-25,MEM,W,128,0022500103
2025-10-25,CHA,L,121,0022500102
2025-10-25,PHI,W,125,0022500102
2025-10-26,BOS,L,113,0022500106
2025-10-26,CLE,W,118,0022500107
2025-10-26,DAL,W,139,0022500111
2025-10-26,LAC,W,114,0022500112
2025-10-26,LAL,W,127,0022500113
2025-10-26,MIA,W,115,0022500108
2025-10-26,MIL,L,113,0022500107
2025-10-26,MIN,W,114,0022500110
2025-10-26,BKN,L,107,0022500105
2025-10-26,NYK,L,107,0022500108
2025-10-26,IND,L,110,0022500110
2025-10-26,POR,L,107,0022500112
2025-10-26,SAC,L,120,0022500113
2025-10-26,SAS,W,118,0022500105
2025-10-26,TOR,L,129,0022500111
2025-10-26,WAS,L,113,0022500109
2025-10-26,DET,W,119,0022500106
2025-10-26,CHA,W,139,0022500109
2025-10-27,ATL,L,123,0022500115
2025-10-27,BOS,W,122,0022500117
2025-10-27,CLE,W,116,0022500007
2025-10-27,NOP,L,90,0022500117
2025-10-27,CHI,W,128,0022500115
2025-10-27,DAL,L,94,0022500119
2025-10-27,DEN,W,127,0022500008
2025-10-27,GSW,W,131,0022500121
2025-10-27,HOU,W,137,0022500116
2025-10-27,LAL,L,108,0022500122
2025-10-27,MIN,L,114,0022500008
2025-10-27,BKN,L,109,0022500116
2025-10-27,ORL,L,124,0022500114
2025-10-27,PHI,W,136,0022500114
2025-10-27,PHX,L,134,0022500120
2025-10-27,POR,W,122,0022500122
2025-10-27,SAS,W,121,0022500118
2025-10-27,OKC,W,101,0022500119
2025-10-27,TOR,L,103,0022500118
2025-10-27,UTA,W,138,0022500120
2025-10-27,MEM,L,118,0022500121
2025-10-27,DET,L,95,0022500007
2025-10-28,GSW,W,98,0022500127
2025-10-28,LAC,L,79,0022500127
2025-10-28,MIA,W,144,0022500124
2025-10-28,MIL,W,121,0022500125
2025-10-28,NYK,L,111,0022500125
2025-10-28,PHI,W,139,0022500123
2025-10-28,SAC,L,101,0022500126
2025-10-28,OKC,W,107,0022500126
2025-10-28,WAS,L,134,0022500123
2025-10-28,CHA,L,117,0022500124
2025-10-29,ATL,W,117,0022500130
2025-10-29,BOS,W,125,0022500128
2025-10-29,CLE,L,105,0022500128
2025-10-29,NOP,L,88,0022500134
2025-10-29,CHI,W,126,0022500132
2025-10-29,DAL,W,107,0022500133
2025-10-29,DEN,W,122,0022500134
2025-10-29,HOU,W,139,0022500131
2025-10-29,LAL,W,116,0022500136
2025-10-29,MIN,L,115,0022500136
2025-10-29,BKN,L,112,0022500130
2025-10-29,ORL,L,116,0022500129
2025-10-29,IND,L,105,0022500133
2025-10-29,PHX,L,113,0022500137
2025-10-29,POR,W,136,0022500135
2025-10-29,SAC,L,113,0022500132
2025-10-29,TOR,L,121,0022500131
2025-10-29,UTA,L,134,0022500135
2025-10-29,MEM,W,114,0022500137
2025-10-29,DET,W,135,0022500129
2025-10-30,GSW,L,110,0022500139
2025-10-30,MIA,L,101,0022500141
2025-10-30,MIL,W,120,0022500139
2025-10-30,ORL,W,123,0022500138
2025-10-30,SAS,W,107,0022500141
2025-10-30,OKC,W,127,0022500140
2025-10-30,WAS,L,108,0022500140
2025-10-30,CHA,L,107,0022500138
2025-10-31,ATL,W,128,0022500020
2025-10-31,BOS,W,109,0022500021
2025-10-31,CLE,L,101,0022500022
2025-10-31,NOP,L,124,0022500027
2025-10-31,CHI,W,135,0022500023
2025-10-31,DEN,L,107,0022500026
2025-10-31,LAC,W,126,0022500027
2025-10-31,LAL,W,117,0022500024
2025-10-31,NYK,L,125,0022500023
2025-10-31,IND,L,108,0022500020
2025-10-31,PHI,L,108,0022500021
2025-10-31,PHX,W,118,0022500025
2025-10-31,POR,W,109,0022500026
2025-10-31,TOR,W,112,0022500022
2025-10-31,UTA,L,96,0022500025
2025-10-31,MEM,L,112,0022500024
2025-11-01,BOS,L,101,0022500146
2025-11-01,DAL,L,110,0022500147
2025-11-01,GSW,L,109,0022500144
2025-11-01,HOU,W,128,0022500146
2025-11-01,MIL,L,133,0022500142
2025-11-01,MIN,W,122,0022500143
2025-11-01,ORL,W,125,0022500145
2025-11-01,IND,W,114,0022500144
2025-11-01,SAC,W,135,0022500142
2025-11-01,WAS,L,94,0022500145
2025-11-01,DET,W,122,0022500147
2025-11-01,CHA,L,105,0022500143
2025-11-02,ATL,L,109,0022500151
2025-11-02,CLE,W,117,0022500151
2025-11-02,NOP,L,106,0022500148
2025-11-02,CHI,L,116,0022500153
2025-11-02,LAL,W,130,0022500155
2025-11-02,MIA,L,120,0022500155
2025-11-02,BKN,L,105,0022500149
2025-11-02,NYK,W,128,0022500153
2025-11-02,PHI,W,129,0022500149
2025-11-02,PHX,W,130,0022500154
2025-11-02,SAS,L,118,0022500154
2025-11-02,OKC,W,137,0022500148
2025-11-02,TOR,W,117,0022500152
2025-11-02,UTA,L,103,0022500150
2025-11-02,MEM,L,104,0022500152
2025-11-02,CHA,W,126,0022500150
2025-11-03,BOS,L,103,0022500158
2025-11-03,DAL,L,102,0022500160
2025-11-03,DEN,W,130,0022500162
2025-11-03,HOU,W,110,0022500160
2025-11-03,LAC,L,119,0022500164
2025-11-03,LAL,W,123,0022500163
2025-11-03,MIA,W,120,0022500164
2025-11-03,MIL,W,117,0022500157
2025-11-03,MIN,W,125,0022500156
2025-11-03,BKN,L,109,0022500156
2025-11-03,NYK,W,119,0022500159
2025-11-03,IND,L,115,0022500157
2025-11-03,POR,L,115,0022500163
2025-11-03,SAC,L,124,0022500162
2025-11-03,UTA,W,105,0022500158
2025-11-03,MEM,L,106,0022500161
2025-11-03,WAS,L,102,0022500159
2025-11-03,DET,W,114,0022500161
2025-11-04,ATL,W,127,0022500166
2025-11-04,NOP,W,116,0022500168
2025-11-04,CHI,W,113,0022500167
2025-11-04,GSW,W,118,0022500169
2025-11-04,LAC,L,107,0022500170
2025-11-04,MIL,L,100,0022500165
2025-11-04,ORL,L,112,0022500166
2025-11-04,PHI,L,111,0022500167
2025-11-04,PHX,L,107,0022500169
2025-11-04,OKC,W,126,0022500170
2025-11-04,TOR,W,128,0022500165
2025-11-04,CHA,L,112,0022500168
2025-11-05,BOS,W,136,0022500174
2025-11-05,CLE,W,132,0022500171
2025-11-05,NOP,W,101,0022500177
2025-11-05,DAL,L,99,0022500177
2025-11-05,DEN,W,122,0022500178
2025-11-05,GSW,L,116,0022500181
2025-11-05,HOU,W,124,0022500176
2025-11-05,LAL,W,118,0022500179
2025-11-05,MIA,L,112,0022500178
2025-11-05,MIN,L,114,0022500175
2025-11-05,BKN,W,112,0022500173
2025-11-05,NYK,W,137,0022500175
2025-11-05,IND,L,103,0022500173
2025-11-05,PHI,L,121,0022500171
2025-11-05,POR,W,121,0022500180
2025-11-05,SAC,W,121,0022500181
2025-11-05,SAS,L,116,0022500179
2025-11-05,OKC,L,119,0022500180
2025-11-05,UTA,L,103,0022500172
2025-11-05,MEM,L,109,0022500176
2025-11-05,WAS,L,107,0022500174
2025-11-05,DET,W,114,0022500172
2025-11-06,LAC,L,102,0022500182
2025-11-06,PHX,W,115,0022500182
2025-11-07,ATL,L,97,0022500030
2025-11-07,BOS,L,110,0022500028
2025-11-07,CLE,W,148,0022500029
2025-11-07,CHI,L,110,0022500035
2025-11-07,DAL,L,104,0022500034
2025-11-07,DEN,W,129,0022500037
2025-11-07,GSW,L,104,0022500037
2025-11-07,HOU,L,110,0022500032
2025-11-07,MIA,W,126,0022500033
2025-11-07,MIL,W,126,0022500035
2025-11-07,MIN,W,137,0022500036
2025-11-07,BKN,L,107,0022500031
2025-11-07,ORL,W,123,0022500028
2025-11-07,SAC,L,101,0022500038
2025-11-07,SAS,W,121,0022500032
2025-11-07,OKC,W,132,0022500038
2025-11-07,TOR,W,109,0022500030
2025-11-07,UTA,L,97,0022500036
2025-11-07,MEM,W,118,0022500034
2025-11-07,WAS,L,115,0022500029
2025-11-07,DET,W,125,0022500031
2025-11-07,CHA,L,108,0022500033
2025-11-08,ATL,W,122,0022500185
2025-11-08,CLE,W,128,0022500186
2025-11-08,NOP,L,119,0022500188
2025-11-08,CHI,L,122,0022500186
2025-11-08,DAL,W,111,0022500183
2025-11-08,DEN,W,117,0022500189
2025-11-08,LAC,L,103,0022500190
2025-11-08,LAL,L,102,0022500185
2025-11-08,MIA,W,136,0022500187
2025-11-08,IND,L,100,0022500189
2025-11-08,PHI,W,130,0022500184
2025-11-08,PHX,W,114,0022500190
2025-11-08,POR,L,131,0022500187
2025-11-08,SAS,W,126,0022500188
2025-11-08,TOR,L,120,0022500184
2025-11-08,WAS,L,105,0022500183
2025-11-09,BOS,W,111,0022500193
2025-11-09,GSW,W,114,0022500196
2025-11-09,HOU,W,122,0022500191
2025-11-09,MIL,L,115,0022500191
2025-11-09,MIN,W,144,0022500197
2025-11-09,BKN,L,98,0022500192
2025-11-09,NYK,W,134,0022500192
2025-11-09,ORL,L,107,0022500193
2025-11-09,IND,L,83,0022500196
2025-11-09,PHI,L,108,0022500195
2025-11-09,SAC,L,117,0022500197
2025-11-09,OKC,W,114,0022500194
2025-11-09,MEM,L,100,0022500194
2025-11-09,DET,W,111,0022500195
2025-11-10,ATL,W,105,0022500206
2025-11-10,CLE,L,138,0022500201
2025-11-10,NOP,L,98,0022500204
2025-11-10,CHI,L,117,0022500202
2025-11-10,DAL,L,114,0022500203
2025-11-10,LAC,L,102,0022500206
2025-11-10,LAL,W,121,0022500198
2025-11-10,MIA,W,140,0022500201
2025-11-10,MIL,W,116,0022500203
2025-11-10,MIN,W,120,0022500205
2025-11-10,ORL,W,115,0022500200
2025-11-10,PHX,W,121,0022500204
2025-11-10,POR,L,112,0022500200
2025-11-10,SAS,W,121,0022500202
2025-11-10,UTA,L,113,0022500205
2025-11-10,WAS,L,135,0022500199
2025-11-10,DET,W,137,0022500199
2025-11-10,CHA,L,111,0022500198
2025-11-11,BOS,L,100,0022500209
2025-11-11,DEN,W,122,0022500212
2025-11-11,GSW,L,102,0022500210
2025-11-11,BKN,L,109,0022500207
2025-11-11,NYK,W,133,0022500208
2025-11-11,IND,L,128,0022500211
2025-11-11,PHI,W,102,0022500209
2025-11-11,SAC,L,108,0022500212
2025-11-11,OKC,W,126,0022500210
2025-11-11,TOR,W,119,0022500207
2025-11-11,UTA,W,152,0022500211
2025-11-11,MEM,L,120,0022500208
2025-11-12,ATL,W,133,0022500223
2025-11-12,BOS,W,131,0022500216
2025-11-12,CLE,W,130,0022500217
2025-11-12,NOP,L,117,0022500219
2025-11-12,CHI,L,113,0022500214
2025-11-12,DAL,L,114,0022500221
2025-11-12,DEN,W,130,0022500224
2025-11-12,GSW,W,125,0022500220
2025-11-12,HOU,W,135,0022500218
2025-11-12,LAC,L,116,0022500224
2025-11-12,LAL,L,92,0022500222
2025-11-12,MIA,L,116,0022500217
2025-11-12,MIL,L,100,0022500213
2025-11-12,NYK,L,107,0022500215
2025-11-12,ORL,W,124,0022500215
2025-11-12,PHX,W,123,0022500221
2025-11-12,POR,W,125,0022500219
2025-11-12,SAC,L,100,0022500223
2025-11-12,SAS,L,120,0022500220
2025-11-12,OKC,W,121,0022500222
2025-11-12,MEM,L,95,0022500216
2025-11-12,WAS,L,112,0022500218
2025-11-12,DET,W,124,0022500214
2025-11-12,CHA,W,111,0022500213
2025-11-13,ATL,W,132,0022500227
2025-11-13,CLE,L,113,0022500225
2025-11-13,IND,L,98,0022500226
2025-11-13,PHX,W,133,0022500226
2025-11-13,TOR,W,126,0022500225
2025-11-13,UTA,L,122,0022500227
2025-11-14,NOP,L,104,0022500045
2025-11-14,DAL,L,127,0022500046
2025-11-14,GSW,W,109,0022500047
2025-11-14,HOU,W,140,0022500042
2025-11-14,LAC,W,133,0022500046
2025-11-14,LAL,W,118,0022500045
2025-11-14,MIA,L,132,0022500039
2025-11-14,MIL,W,147,0022500043
2025-11-14,MIN,W,124,0022500044
2025-11-14,BKN,L,98,0022500040
2025-11-14,NYK,W,140,0022500039
2025-11-14,ORL,W,105,0022500040
2025-11-14,PHI,L,105,0022500041
2025-11-14,POR,L,116,0022500042
2025-11-14,SAC,L,110,0022500044
2025-11-14,SAS,L,108,0022500047
2025-11-14,DET,W,114,0022500041
2025-11-14,CHA,L,134,0022500043
2025-11-15,CLE,W,108,0022500228
2025-11-15,DEN,W,123,0022500232
2025-11-15,LAL,W,119,0022500231
2025-11-15,MIL,L,95,0022500231
2025-11-15,MIN,L,112,0022500232
2025-11-15,IND,L,111,0022500230
2025-11-15,OKC,W,109,0022500229
2025-11-15,TOR,W,129,0022500230
2025-11-15,MEM,L,100,0022500228
2025-11-15,CHA,L,96,0022500229
2025-11-16,ATL,W,124,0022500239
2025-11-16,BOS,W,121,0022500233
2025-11-16,NOP,L,106,0022500237
2025-11-16,CHI,L,147,0022500240
2025-11-16,DAL,W,138,0022500238
2025-11-16,GSW,W,124,0022500237
2025-11-16,HOU,W,117,0022500236
2025-11-16,LAC,L,118,0022500233
2025-11-16,BKN,W,129,0022500235
2025-11-16,ORL,L,113,0022500236
2025-11-16,PHX,L,122,0022500239
2025-11-16,POR,L,133,0022500238
2025-11-16,SAC,L,110,0022500234
2025-11-16,SAS,W,123,0022500234
2025-11-16,UTA,W,150,0022500240
2025-11-16,WAS,L,106,0022500235
2025-11-17,CLE,W,118,0022500241
2025-11-17,NOP,L,109,0022500247
2025-11-17,CHI,W,130,0022500248
2025-11-17,DAL,L,96,0022500246
2025-11-17,DEN,L,127,0022500248
2025-11-17,LAC,L,108,0022500243
2025-11-17,MIA,W,115,0022500244
2025-11-17,MIL,L,106,0022500241
2025-11-17,MIN,W,120,0022500246
2025-11-17,NYK,L,113,0022500244
2025-11-17,IND,L,112,0022500242
2025-11-17,PHI,W,110,0022500243
2025-11-17,OKC,W,126,0022500247
2025-11-17,TOR,W,110,0022500245
2025-11-17,DET,W,127,0022500242
2025-11-17,CHA,L,108,0022500245
2025-11-18,ATL,L,112,0022500251
2025-11-18,BOS,W,113,0022500250
2025-11-18,GSW,L,113,0022500249
2025-11-18,LAL,W,140,0022500253
2025-11-18,BKN,L,99,0022500250
2025-11-18,ORL,W,121,0022500249
2025-11-18,PHX,W,127,0022500254
2025-11-18,POR,L,110,0022500254
2025-11-18,SAS,W,111,0022500252
2025-11-18,UTA,L,126,0022500253
2025-11-18,MEM,L,101,0022500252
2025-11-18,DET,W,120,0022500251
2025-11-19,CLE,L,104,0022500255
2025-11-19,NOP,L,118,0022500260
2025-11-19,CHI,W,122,0022500263
2025-11-19,DAL,L,111,0022500262
2025-11-19,DEN,W,125,0022500260
2025-11-19,GSW,L,96,0022500257
2025-11-19,HOU,W,114,0022500255
2025-11-19,MIA,W,110,0022500257
2025-11-19,MIN,W,120,0022500259
2025-11-19,NYK,W,113,0022500262
2025-11-19,IND,W,127,0022500256
2025-11-19,PHI,L,112,0022500258
2025-11-19,POR,L,121,0022500263
2025-11-19,SAC,L,99,0022500261
2025-11-19,OKC,W,113,0022500261
2025-11-19,TOR,W,121,0022500258
2025-11-19,WAS,L,109,0022500259
2025-11-19,CHA,L,118,0022500256
2025-11-20,ATL,L,126,0022500267
2025-11-20,LAC,L,101,0022500264
2025-11-20,MIL,L,114,0022500266
2025-11-20,ORL,W,129,0022500264
2025-11-20,PHI,W,123,0022500266
2025-11-20,SAC,L,96,0022500265
2025-11-20,SAS,W,135,0022500267
2025-11-20,MEM,W,137,0022500265
2025-11-21,BOS,L,105,0022500049
2025-11-21,CLE,W,120,0022500048
2025-11-21,NOP,L,115,0022500052
2025-11-21,CHI,L,107,0022500051
2025-11-21,DAL,W,118,0022500052
2025-11-21,DEN,W,112,0022500054
2025-11-21,GSW,L,123,0022500056
2025-11-21,HOU,L,109,0022500054
2025-11-21,MIA,W,143,0022500051
2025-11-21,MIN,L,113,0022500053
2025-11-21,BKN,W,113,0022500049
2025-11-21,IND,L,109,0022500048
2025-11-21,PHX,W,114,0022500053
2025-11-21,POR,W,127,0022500056
2025-11-21,OKC,W,144,0022500055
2025-11-21,TOR,W,140,0022500050
2025-11-21,UTA,L,112,0022500055
2025-11-21,WAS,L,110,0022500050
2025-11-22,ATL,W,115,0022500270
2025-11-22,NOP,L,98,0022500270
2025-11-22,CHI,W,121,0022500271
2025-11-22,DAL,L,96,0022500273
2025-11-22,DEN,L,123,0022500274
2025-11-22,LAC,W,131,0022500268
2025-11-22,MIL,L,116,0022500272
2025-11-22,NYK,L,121,0022500269
2025-11-22,ORL,W,133,0022500269
2025-11-22,SAC,W,128,0022500274
2025-11-22,MEM,W,102,0022500273
2025-11-22,WAS,L,120,0022500271
2025-11-22,DET,W,129,0022500272
2025-11-22,CHA,L,116,0022500268
2025-11-23,ATL,W,113,0022500276
2025-11-23,BOS,W,138,0022500277
2025-11-23,CLE,W,120,0022500278
2025-11-23,LAC,L,105,0022500278
2025-11-23,LAL,W,108,0022500282
2025-11-23,MIA,W,127,0022500275
2025-11-23,BKN,L,109,0022500279
2025-11-23,ORL,L,129,0022500277
2025-11-23,PHI,L,117,0022500275
2025-11-23,PHX,W,111,0022500281
2025-11-23,POR,L,95,0022500280
2025-11-23,SAS,L,102,0022500281
2025-11-23,OKC,W,122,0022500280
2025-11-23,TOR,W,119,0022500279
2025-11-23,UTA,L,106,0022500282
2025-11-23,CHA,L,110,0022500276
2025-11-24,CLE,L,99,0022500284
2025-11-24,NOP,W,143,0022500289
2025-11-24,CHI,L,130,0022500289
2025-11-24,DAL,L,102,0022500286
2025-11-24,DEN,W,125,0022500287
2025-11-24,GSW,W,134,0022500291
2025-11-24,HOU,W,114,0022500290
2025-11-24,MIA,W,106,0022500286
2025-11-24,MIL,L,103,0022500288
2025-11-24,MIN,L,112,0022500292
2025-11-24,BKN,L,100,0022500285
2025-11-24,NYK,W,113,0022500285
2025-11-24,IND,L,117,0022500283
2025-11-24,PHX,L,92,0022500290
2025-11-24,POR,W,115,0022500288
2025-11-24,SAC,W,117,0022500292
2025-11-24,TOR,W,110,0022500284
2025-11-24,UTA,L,117,0022500291
2025-11-24,MEM,L,115,0022500287
2025-11-24,DET,W,122,0022500283
2025-11-25,ATL,L,113,0022500057
2025-11-25,LAC,L,118,0022500059
2025-11-25,LAL,W,135,0022500059
2025-11-25,ORL,W,144,0022500058
2025-11-25,PHI,L,103,0022500058
2025-11-25,WAS,W,132,0022500057
2025-11-26,BOS,W,117,0022500060
2025-11-26,NOP,L,128,0022500065
2025-11-26,GSW,L,100,0022500066
2025-11-26,HOU,W,104,0022500066
2025-11-26,MIA,W,106,0022500062
2025-11-26,MIL,L,103,0022500062
2025-11-26,MIN,L,105,0022500064
2025-11-26,NYK,W,129,0022500061
2025-11-26,IND,L,95,0022500063
2025-11-26,PHX,W,112,0022500068
2025-11-26,POR,L,102,0022500067
2025-11-26,SAC,L,100,0022500068
2025-11-26,SAS,W,115,0022500067
2025-11-26,OKC,W,113,0022500064
2025-11-26,TOR,W,97,0022500063
2025-11-26,MEM,W,133,0022500065
2025-11-26,DET,L,114,0022500060
2025-11-26,CHA,L,101,0022500061
2025-11-28,ATL,W,130,0022500069
2025-11-28,CLE,L,123,0022500069
2025-11-28,CHI,L,116,0022500071
2025-11-28,DAL,L,119,0022500078
2025-11-28,DEN,L,136,0022500076
2025-11-28,LAC,L,107,0022500079
2025-11-28,LAL,W,129,0022500078
2025-11-28,MIL,L,109,0022500074
2025-11-28,BKN,L,103,0022500070
2025-11-28,NYK,W,118,0022500074
2025-11-28,ORL,W,112,0022500072
2025-11-28,IND,W,119,0022500073
2025-11-28,PHI,W,115,0022500070
2025-11-28,PHX,L,119,0022500075
2025-11-28,SAC,L,119,0022500077
2025-11-28,SAS,W,139,0022500076
2025-11-28,OKC,W,123,0022500075
2025-11-28,UTA,W,128,0022500077
2025-11-28,MEM,W,112,0022500079
2025-11-28,WAS,L,86,0022500073
2025-11-28,DET,L,109,0022500072
2025-11-28,CHA,W,123,0022500071
2025-11-29,BOS,L,115,0022500293
2025-11-29,NOP,L,96,0022500298
2025-11-29,CHI,L,101,0022500295
2025-11-29,DAL,W,114,0022500300
2025-11-29,DEN,W,130,0022500299
2025-11-29,GSW,W,104,0022500298
2025-11-29,LAC,L,110,0022500300
2025-11-29,MIA,L,135,0022500296
2025-11-29,MIL,W,116,0022500297
2025-11-29,MIN,W,119,0022500293
2025-11-29,BKN,L,99,0022500297
2025-11-29,IND,W,103,0022500295
2025-11-29,PHX,L,112,0022500299
2025-11-29,TOR,L,111,0022500294
2025-11-29,DET,W,138,0022500296
2025-11-29,CHA,W,118,0022500294
2025-11-30,ATL,W,142,0022500304
2025-11-30,BOS,W,117,0022500302
2025-11-30,CLE,L,115,0022500302
2025-11-30,NOP,L,121,0022500308
2025-11-30,HOU,W,129,0022500301
2025-11-30,LAL,W,133,0022500308
2025-11-30,MIN,W,125,0022500306
2025-11-30,NYK,W,116,0022500303
2025-11-30,PHI,L,134,0022500304
2025-11-30,POR,L,115,0022500305
2025-11-30,SAC,L,107,0022500307
2025-11-30,SAS,L,112,0022500306
2025-11-30,OKC,W,123,0022500305
2025-11-30,TOR,L,94,0022500303
2025-11-30,UTA,L,101,0022500301
2025-11-30,MEM,W,115,0022500307
2025-12-01,ATL,L,98,0022500309
2025-12-01,CLE,W,135,0022500310
2025-12-01,CHI,L,120,0022500314
2025-12-01,DAL,W,131,0022500315
2025-12-01,DEN,L,121,0022500315
2025-12-01,HOU,L,125,0022500316
2025-12-01,LAC,L,123,0022500313
2025-12-01,LAL,L,108,0022500317
2025-12-01,MIA,W,140,0022500313
2025-12-01,MIL,L,126,0022500311
2025-12-01,BKN,W,116,0022500312
2025-12-01,ORL,W,125,0022500314
2025-12-01,IND,L,119,0022500310
2025-12-01,PHX,W,125,0022500317
2025-12-01,UTA,W,133,0022500316
2025-12-01,WAS,W,129,0022500311
2025-12-01,DET,W,99,0022500309
2025-12-01,CHA,L,103,0022500312
2025-12-02,BOS,W,123,0022500320
2025-12-02,NOP,L,142,0022500321
2025-12-02,GSW,L,112,0022500323
2025-12-02,MIN,W,149,0022500321
2025-12-02,NYK,L,117,0022500320
2025-12-02,PHI,W,121,0022500318
2025-12-02,POR,L,118,0022500319
2025-12-02,SAS,W,126,0022500322
2025-12-02,OKC,W,124,0022500323
2025-12-02,TOR,W,121,0022500319
2025-12-02,MEM,L,119,0022500322
2025-12-02,WAS,L,102,0022500318
2025-12-03,ATL,L,92,0022500327
2025-12-03,CLE,L,110,0022500324
2025-12-03,CHI,L,103,0022500329
2025-12-03,DEN,W,135,0022500325
2025-12-03,HOU,W,121,0022500330
2025-12-03,LAC,W,115,0022500327
2025-12-03,MIL,W,113,0022500331
2025-12-03,BKN,W,113,0022500329
2025-12-03,NYK,W,119,0022500328
2025-12-03,ORL,L,112,0022500326
2025-12-03,IND,L,120,0022500325
2025-12-03,POR,W,122,0022500324
2025-12-03,SAC,L,95,0022500330
2025-12-03,SAS,W,114,0022500326
2025-12-03,DET,L,109,0022500331
2025-12-03,CHA,L,104,0022500328
2025-12-03,MIA,L,108,0022500332
2025-12-03,DAL,W,118,0022500332
2025-12-04,BOS,W,146,0022500334
2025-12-04,NOP,L,116,0022500337
2025-12-04,GSW,L,98,0022500333
2025-12-04,LAL,W,123,0022500336
2025-12-04,MIN,W,125,0022500337
2025-12-04,BKN,L,110,0022500335
2025-12-04,PHI,W,99,0022500333
2025-12-04,TOR,L,120,0022500336
2025-12-04,UTA,W,123,0022500335
2025-12-04,WAS,L,101,0022500334
2025-12-05,ATL,L,133,0022500340
2025-12-05,BOS,W,126,0022500338
2025-12-05,CLE,W,130,0022500341
2025-12-05,CHI,L,105,0022500345
2025-12-05,DAL,L,111,0022500349
2025-12-05,DEN,W,134,0022500340
2025-12-05,HOU,W,117,0022500346
2025-12-05,LAC,L,98,0022500347
2025-12-05,LAL,L,105,0022500338
2025-12-05,MIA,L,105,0022500339
2025-12-05,MIL,L,101,0022500348
2025-12-05,NYK,W,146,0022500343
2025-12-05,ORL,W,106,0022500339
2025-12-05,IND,W,120,0022500345
2025-12-05,PHI,W,116,0022500348
2025-12-05,PHX,L,98,0022500346
2025-12-05,POR,L,116,0022500342
2025-12-05,SAS,L,117,0022500341
2025-12-05,OKC,W,132,0022500349
2025-12-05,TOR,L,86,0022500344
2025-12-05,UTA,L,112,0022500343
2025-12-05,MEM,W,107,0022500347
2025-12-05,DET,W,122,0022500342
2025-12-05,CHA,W,111,0022500344
2025-12-06,ATL,W,131,0022500351
2025-12-06,CLE,L,94,0022500352
2025-12-06,NOP,L,101,0022500350
2025-12-06,DAL,W,122,0022500356
2025-12-06,GSW,W,99,0022500352
2025-12-06,HOU,L,109,0022500356
2025-12-06,LAC,L,106,0022500355
2025-12-06,MIA,L,111,0022500354
2025-12-06,MIL,L,112,0022500353
2025-12-06,MIN,W,109,0022500355
2025-12-06,BKN,W,119,0022500350
2025-12-06,SAC,W,127,0022500354
2025-12-06,WAS,L,116,0022500351
2025-12-06,DET,W,124,0022500353
2025-12-07,BOS,W,121,0022500358
2025-12-07,CHI,L,91,0022500361
2025-12-07,DEN,W,115,0022500359
2025-12-07,GSW,W,123,0022500361
2025-12-07,LAL,W,112,0022500362
2025-12-07,NYK,W,106,0022500357
2025-12-07,ORL,L,100,0022500357
2025-12-07,PHI,L,108,0022500362
2025-12-07,POR,L,96,0022500360
2025-12-07,OKC,W,131,0022500363
2025-12-07,TOR,L,113,0022500358
2025-12-07,UTA,L,101,0022500363
2025-12-07,MEM,W,119,0022500360
2025-12-07,CHA,L,106,0022500359
2025-12-08,NOP,L,132,0022500366
2025-12-08,MIN,L,105,0022500365
2025-12-08,IND,W,116,0022500364
2025-12-08,PHX,W,108,0022500365
2025-12-08,SAC,L,105,0022500364
2025-12-08,SAS,W,135,0022500366
2025-12-09,MIA,L,108,0022501201
2025-12-09,NYK,W,117,0022501202
2025-12-09,ORL,W,117,0022501201
2025-12-09,TOR,L,101,0022501202
2025-12-10,LAL,L,119,0022501204
2025-12-10,PHX,L,89,0022501203
2025-12-10,SAS,W,132,0022501204
2025-12-10,OKC,W,138,0022501203
2025-12-11,BOS,L,101,0022501206
2025-12-11,NOP,W,143,0022501207
2025-12-11,DEN,W,136,0022501208
2025-12-11,HOU,W,115,0022501205
2025-12-11,LAC,L,113,0022501205
2025-12-11,MIL,W,116,0022501206
2025-12-11,POR,L,120,0022501207
2025-12-11,SAC,L,105,0022501208
2025-12-12,ATL,L,115,0022501210
2025-12-12,CLE,W,130,0022501212
2025-12-12,CHI,W,129,0022501209
2025-12-12,DAL,W,119,0022501214
2025-12-12,GSW,L,120,0022501215
2025-12-12,MIN,W,127,0022501215
2025-12-12,BKN,L,111,0022501214
2025-12-12,IND,L,105,0022501211
2025-12-12,PHI,W,115,0022501211
2025-12-12,UTA,W,130,0022501213
2025-12-12,MEM,L,126,0022501213
2025-12-12,WAS,L,126,0022501212
2025-12-12,DET,W,142,0022501210
2025-12-12,CHA,L,126,0022501209
2025-12-13,NYK,W,132,0022501229
2025-12-13,ORL,L,120,0022501229
2025-12-13,SAS,W,111,0022501230
2025-12-13,OKC,L,109,0022501230
2025-12-14,ATL,W,120,0022501217
2025-12-14,CLE,L,111,0022501218
2025-12-14,NOP,W,114,0022501223
2025-12-14,CHI,L,104,0022501223
2025-12-14,GSW,L,131,0022501221
2025-12-14,LAL,W,116,0022501228
2025-12-14,MIL,L,82,0022501219
2025-12-14,MIN,W,117,0022501220
2025-12-14,BKN,W,127,0022501219
2025-12-14,IND,L,89,0022501216
2025-12-14,PHI,L,117,0022501217
2025-12-14,PHX,L,114,0022501228
2025-12-14,POR,W,136,0022501221
2025-12-14,SAC,L,103,0022501220
2025-12-14,WAS,W,108,0022501216
2025-12-14,CHA,W,119,0022501218
2025-12-15,BOS,L,105,0022501222
2025-12-15,DAL,L,133,0022501224
2025-12-15,DEN,W,128,0022501225
2025-12-15,HOU,L,125,0022501225
2025-12-15,LAC,L,103,0022501226
2025-12-15,MIA,L,96,0022501227
2025-12-15,TOR,W,106,0022501227
2025-12-15,UTA,W,140,0022501224
2025-12-15,MEM,W,121,0022501226
2025-12-15,DET,W,112,0022501222
2025-12-17,CLE,L,111,0022500367
2025-12-17,CHI,W,127,0022500367
2025-12-17,MIN,L,110,0022500368
2025-12-17,MEM,W,116,0022500368
2025-12-18,ATL,L,126,0022500371
2025-12-18,NOP,W,133,0022500375
2025-12-18,DAL,W,116,0022500376
2025-12-18,DEN,W,126,0022500377
2025-12-18,GSW,L,98,0022500378
2025-12-18,HOU,L,128,0022500375
2025-12-18,LAC,L,101,0022500369
2025-12-18,LAL,W,143,0022500379
2025-12-18,MIA,W,106,0022500373
2025-12-18,MIL,L,105,0022500374
2025-12-18,BKN,L,95,0022500373
2025-12-18,NYK,W,114,0022500372
2025-12-18,ORL,L,115,0022500377
2025-12-18,IND,L,113,0022500372
2025-12-18,PHX,W,99,0022500378
2025-12-18,POR,W,134,0022500380
2025-12-18,SAC,L,133,0022500380
2025-12-18,SAS,W,119,0022500370
2025-12-18,OKC,W,122,0022500369
2025-12-18,TOR,W,111,0022500374
2025-12-18,UTA,L,135,0022500379
2025-12-18,WAS,L,94,0022500370
2025-12-18,DET,L,114,0022500376
2025-12-18,CHA,W,133,0022500371
2025-12-19,ATL,L,98,0022500383
2025-12-19,BOS,W,129,0022500381
2025-12-19,CLE,L,125,0022500384
2025-12-19,CHI,W,136,0022500384
2025-12-19,MIA,L,116,0022500381
2025-12-19,MIN,W,112,0022500385
2025-12-19,NYK,L,107,0022500382
2025-12-19,PHI,W,116,0022500382
2025-12-19,SAS,W,126,0022500383
2025-12-19,OKC,L,107,0022500385
2025-12-20,BOS,W,112,0022500388
2025-12-20,NOP,W,128,0022500389
2025-12-20,DAL,L,114,0022500387
2025-12-20,DEN,L,101,0022500386
2025-12-20,GSW,W,119,0022500392
2025-12-20,HOU,W,115,0022500386
2025-12-20,LAC,W,103,0022500395
2025-12-20,LAL,L,88,0022500395
2025-12-20,ORL,W,128,0022500393
2025-12-20,IND,L,109,0022500389
2025-12-20,PHI,W,121,0022500387
2025-12-20,PHX,L,116,0022500392
2025-12-20,POR,W,98,0022500394
2025-12-20,SAC,L,93,0022500394
2025-12-20,TOR,L,96,0022500388
2025-12-20,UTA,L,127,0022500393
2025-12-20,MEM,L,122,0022500391
2025-12-20,WAS,W,130,0022500391
2025-12-20,DET,W,112,0022500390
2025-12-20,CHA,L,86,0022500390
2025-12-21,ATL,L,150,0022500396
2025-12-21,CHI,W,152,0022500396
2025-12-21,HOU,L,124,0022500401
2025-12-21,MIA,L,125,0022500398
2025-12-21,MIL,L,100,0022500400
2025-12-21,MIN,W,103,0022500400
2025-12-21,BKN,W,96,0022500397
2025-12-21,NYK,W,132,0022500398
2025-12-21,SAC,W,125,0022500401
2025-12-21,SAS,W,124,0022500399
2025-12-21,TOR,L,81,0022500397
2025-12-21,WAS,L,113,0022500399
2025-12-22,BOS,W,103,0022500403
2025-12-22,CLE,W,139,0022500402
2025-12-22,NOP,W,119,0022500404
2025-12-22,DAL,L,113,0022500404
2025-12-22,DEN,W,135,0022500405
2025-12-22,GSW,W,120,0022500407
2025-12-22,ORL,L,97,0022500407
2025-12-22,IND,L,95,0022500403
2025-12-22,POR,L,102,0022500408
2025-12-22,OKC,W,119,0022500406
2025-12-22,UTA,L,112,0022500405
2025-12-22,MEM,L,103,0022500406
2025-12-22,DET,W,110,0022500408
2025-12-22,CHA,L,132,0022500402
2025-12-23,ATL,L,123,0022500411
2025-12-23,CLE,W,141,0022500412
2025-12-23,NOP,L,118,0022500412
2025-12-23,CHI,W,126,0022500411
2025-12-23,DAL,W,131,0022500415
2025-12-23,DEN,L,130,0022500415
2025-12-23,HOU,L,108,0022500422
2025-12-23,LAC,W,128,0022500422
2025-12-23,LAL,L,108,0022500418
2025-12-23,MIA,L,91,0022500414
2025-12-23,MIL,W,111,0022500413
2025-12-23,MIN,W,115,0022500416
2025-12-23,BKN,W,114,0022500410
2025-12-23,NYK,L,104,0022500416
2025-12-23,ORL,W,110,0022500420
2025-12-23,IND,L,94,0022500413
2025-12-23,PHI,L,106,0022500410
2025-12-23,PHX,W,132,0022500418
2025-12-23,POR,L,106,0022500420
2025-12-23,SAC,L,127,0022500421
2025-12-23,SAS,W,130,0022500417
2025-12-23,OKC,L,110,0022500417
2025-12-23,TOR,W,112,0022500414
2025-12-23,UTA,L,128,0022500419
2025-12-23,MEM,W,137,0022500419
2025-12-23,WAS,L,109,0022500409
2025-12-23,DET,W,136,0022500421
2025-12-23,CHA,W,126,0022500409
2025-12-25,CLE,L,124,0022500009
2025-12-25,DAL,L,116,0022500011
2025-12-25,DEN,W,142,0022500013
2025-12-25,GSW,W,126,0022500011
2025-12-25,HOU,W,119,0022500012
2025-12-25,LAL,L,96,0022500012
2025-12-25,MIN,L,138,0022500013
2025-12-25,NYK,W,126,0022500009
2025-12-25,SAS,W,117,0022500010
2025-12-25,OKC,L,102,0022500010
2025-12-26,ATL,L,111,0022500423
2025-12-26,BOS,W,140,0022500426
2025-12-26,NOP,L,108,0022500429
2025-12-26,CHI,W,109,0022500427
2025-12-26,LAC,W,119,0022500431
2025-12-26,MIA,W,126,0022500423
2025-12-26,MIL,L,104,0022500428
2025-12-26,ORL,L,105,0022500424
2025-12-26,IND,L,122,0022500426
2025-12-26,PHI,L,102,0022500427
2025-12-26,PHX,W,115,0022500429
2025-12-26,POR,L,103,0022500431
2025-12-26,TOR,L,117,0022500425
2025-12-26,UTA,W,131,0022500430
2025-12-26,MEM,W,125,0022500428
2025-12-26,WAS,W,138,0022500425
2025-12-26,DET,L,129,0022500430
2025-12-26,CHA,W,120,0022500424
2025-12-27,ATL,L,125,0022500435
2025-12-27,CLE,L,100,0022500438
2025-12-27,NOP,L,114,0022500434
2025-12-27,CHI,L,103,0022500437
2025-12-27,DAL,L,107,0022500432
2025-12-27,DEN,L,126,0022500433
2025-12-27,HOU,W,117,0022500438
2025-12-27,MIA,W,142,0022500436
2025-12-27,MIL,W,112,0022500437
2025-12-27,MIN,L,107,0022500439
2025-12-27,BKN,W,123,0022500439
2025-12-27,NYK,W,128,0022500435
2025-12-27,ORL,W,127,0022500433
2025-12-27,IND,L,116,0022500436
2025-12-27,PHX,W,123,0022500434
2025-12-27,SAC,W,113,0022500432
2025-12-27,SAS,L,114,0022500440
2025-12-27,UTA,W,127,0022500440
2025-12-28,BOS,L,108,0022500444
2025-12-28,GSW,L,127,0022500441
2025-12-28,LAC,W,112,0022500445
2025-12-28,LAL,W,125,0022500446
2025-12-28,PHI,L,104,0022500442
2025-12-28,POR,W,114,0022500444
2025-12-28,SAC,L,101,0022500446
2025-12-28,OKC,W,129,0022500442
2025-12-28,TOR,W,141,0022500441
2025-12-28,MEM,L,112,0022500443
2025-12-28,WAS,W,116,0022500443
2025-12-28,DET,L,99,0022500445
2025-12-29,ATL,L,129,0022500455
2025-12-29,CLE,W,113,0022500456
2025-12-29,NOP,L,125,0022500454
2025-12-29,CHI,L,101,0022500452
2025-12-29,DAL,L,122,0022500457
2025-12-29,DEN,L,123,0022500450
2025-12-29,GSW,W,120,0022500449
2025-12-29,HOU,W,126,0022500453
2025-12-29,MIA,W,147,0022500450
2025-12-29,MIL,W,123,0022500447
2025-12-29,MIN,W,136,0022500452
2025-12-29,BKN,L,107,0022500449
2025-12-29,NYK,W,130,0022500454
2025-12-29,ORL,L,106,0022500451
2025-12-29,IND,L,119,0022500453
2025-12-29,PHX,W,115,0022500448
2025-12-29,POR,W,125,0022500457
2025-12-29,SAS,L,101,0022500456
2025-12-29,OKC,W,140,0022500455
2025-12-29,TOR,W,107,0022500451
2025-12-29,WAS,L,101,0022500448
2025-12-29,CHA,L,113,0022500447
2025-12-30,BOS,W,129,0022500459
2025-12-30,LAC,W,131,0022500461
2025-12-30,LAL,L,106,0022500460
2025-12-30,PHI,W,139,0022500458
2025-12-30,SAC,L,90,0022500461
2025-12-30,UTA,L,119,0022500459
2025-12-30,MEM,L,136,0022500458
2025-12-30,DET,W,128,0022500460
2025-12-31,ATL,W,126,0022500463
2025-12-31,CLE,W,129,0022500465
2025-12-31,NOP,L,118,0022500466
2025-12-31,CHI,W,134,0022500466
2025-12-31,DEN,W,106,0022500468
2025-12-31,GSW,W,132,0022500462
2025-12-31,MIL,L,113,0022500469
2025-12-31,MIN,L,102,0022500463
2025-12-31,NYK,L,132,0022500467
2025-12-31,ORL,W,112,0022500464
2025-12-31,IND,L,110,0022500464
2025-12-31,PHX,L,113,0022500465
2025-12-31,POR,L,95,0022500470
2025-12-31,SAS,W,134,0022500467
2025-12-31,OKC,W,124,0022500470
2025-12-31,TOR,L,103,0022500468
2025-12-31,WAS,W,114,0022500469
2025-12-31,CHA,L,125,0022500462
2026-01-01,BOS,W,120,0022500474
2026-01-01,DAL,L,108,0022500473
2026-01-01,HOU,W,120,0022500471
2026-01-01,LAC,W,118,0022500475
2026-01-01,MIA,W,118,0022500472
2026-01-01,BKN,L,96,0022500471
2026-01-01,PHI,W,123,0022500473
2026-01-01,SAC,L,106,0022500474
2026-01-01,UTA,L,101,0022500475
2026-01-01,DET,L,112,0022500472
2026-01-02,ATL,W,111,0022500479
2026-01-02,CLE,W,113,0022500478
2026-01-02,NOP,L,109,0022500482
2026-01-02,CHI,W,121,0022500480
2026-01-02,DEN,L,108,0022500478
2026-01-02,GSW,L,94,0022500484
2026-01-02,LAL,W,128,0022500485
2026-01-02,MIL,W,122,0022500481
2026-01-02,BKN,L,99,0022500477
2026-01-02,NYK,L,99,0022500479
2026-01-02,ORL,L,114,0022500480
2026-01-02,IND,L,113,0022500476
2026-01-02,PHX,W,129,0022500483
2026-01-02,POR,W,122,0022500482
2026-01-02,SAC,L,102,0022500483
2026-01-02,SAS,W,123,0022500476
2026-01-02,OKC,W,131,0022500484
2026-01-02,MEM,L,121,0022500485
2026-01-02,WAS,W,119,0022500477
2026-01-02,CHA,L,121,0022500481
2026-01-03,ATL,L,117,0022500488
2026-01-03,BOS,W,146,0022500493
2026-01-03,CHI,L,99,0022500489
2026-01-03,DAL,W,110,0022500491
2026-01-03,GSW,W,123,0022500492
2026-01-03,HOU,L,104,0022500491
2026-01-03,LAC,L,115,0022500493
2026-01-03,MIA,L,115,0022500486
2026-01-03,MIN,W,125,0022500486
2026-01-03,NYK,L,119,0022500487
2026-01-03,PHI,W,130,0022500487
2026-01-03,POR,W,115,0022500490
2026-01-03,SAS,L,110,0022500490
2026-01-03,TOR,W,134,0022500488
2026-01-03,UTA,L,114,0022500492
2026-01-03,CHA,W,112,0022500489
2026-01-04,CLE,L,110,0022500494
2026-01-04,NOP,L,106,0022500497
2026-01-04,DEN,L,115,0022500496
2026-01-04,LAL,W,120,0022500501
2026-01-04,MIA,W,125,0022500497
2026-01-04,MIL,W,115,0022500500
2026-01-04,MIN,W,141,0022500498
2026-01-04,BKN,W,127,0022500496
2026-01-04,ORL,W,135,0022500495
2026-01-04,IND,L,127,0022500495
2026-01-04,PHX,W,108,0022500499
2026-01-04,SAC,L,98,0022500500
2026-01-04,OKC,L,105,0022500499
2026-01-04,MEM,L,114,0022500501
2026-01-04,WAS,L,115,0022500498
2026-01-04,DET,W,114,0022500494
2026-01-05,ATL,L,100,0022500504
2026-01-05,BOS,W,115,0022500503
2026-01-05,CHI,L,101,0022500503
2026-01-05,DEN,W,125,0022500507
2026-01-05,GSW,L,102,0022500508
2026-01-05,HOU,W,100,0022500505
2026-01-05,LAC,W,103,0022500508
2026-01-05,NYK,L,90,0022500502
2026-01-05,PHI,L,124,0022500507
2026-01-05,PHX,L,97,0022500505
2026-01-05,POR,W,137,0022500509
2026-01-05,OKC,L,97,0022500506
2026-01-05,TOR,W,118,0022500504
2026-01-05,UTA,L,117,0022500509
2026-01-05,DET,W,121,0022500502
2026-01-05,CHA,W,124,0022500506
2026-01-06,CLE,W,120,0022500510
2026-01-06,NOP,L,103,0022500514
2026-01-06,DAL,W,100,0022500515
2026-01-06,LAL,W,111,0022500514
2026-01-06,MIA,L,94,0022500513
2026-01-06,MIN,W,122,0022500513
2026-01-06,ORL,L,112,0022500511
2026-01-06,IND,L,116,0022500510
2026-01-06,SAC,L,98,0022500515
2026-01-06,SAS,L,105,0022500512
2026-01-06,MEM,W,106,0022500512
2026-01-06,WAS,W,120,0022500511
2026-01-07,ATL,W,117,0022500519
2026-01-07,BOS,L,110,0022500520
2026-01-07,NOP,L,100,0022500519
2026-01-07,CHI,L,93,0022500517
2026-01-07,DEN,W,114,0022500520
2026-01-07,GSW,W,120,0022500526
2026-01-07,HOU,L,102,0022500527
2026-01-07,LAC,L,111,0022500522
2026-01-07,LAL,L,91,0022500523
2026-01-07,MIL,L,113,0022500526
2026-01-07,BKN,L,103,0022500521
2026-01-07,NYK,W,123,0022500522
2026-01-07,ORL,W,104,0022500521
2026-01-07,PHI,W,131,0022500518
2026-01-07,PHX,W,117,0022500524
2026-01-07,POR,W,103,0022500527
2026-01-07,SAS,W,107,0022500523
2026-01-07,OKC,W,129,0022500525
2026-01-07,TOR,W,97,0022500516
2026-01-07,UTA,L,125,0022500525
2026-01-07,MEM,L,98,0022500524
2026-01-07,WAS,L,110,0022500518
2026-01-07,DET,W,108,0022500517
2026-01-07,CHA,L,96,0022500516
2026-01-08,CLE,L,122,0022500530
2026-01-08,DAL,L,114,0022500531
2026-01-08,MIN,W,131,0022500530
2026-01-08,IND,W,114,0022500528
2026-01-08,UTA,W,116,0022500531
2026-01-08,CHA,L,112,0022500528
2026-01-09,ATL,W,110,0022500537
2026-01-09,BOS,W,125,0022500532
2026-01-09,NOP,W,128,0022500534
2026-01-09,DEN,L,87,0022500537
2026-01-09,GSW,W,137,0022500539
2026-01-09,HOU,L,105,0022500540
2026-01-09,LAC,W,121,0022500535
2026-01-09,LAL,L,101,0022500541
2026-01-09,MIL,W,105,0022500541
2026-01-09,BKN,L,105,0022500535
2026-01-09,NYK,L,107,0022500538
2026-01-09,ORL,L,91,0022500533
2026-01-09,PHI,W,103,0022500533
2026-01-09,PHX,W,112,0022500538
2026-01-09,POR,W,111,0022500540
2026-01-09,SAC,L,103,0022500539
2026-01-09,OKC,W,117,0022500536
2026-01-09,TOR,L,117,0022500532
2026-01-09,MEM,L,116,0022500536
2026-01-09,WAS,L,107,0022500534
2026-01-10,BOS,L,95,0022500545
2026-01-10,CLE,W,146,0022500542
2026-01-10,CHI,W,125,0022500546
2026-01-10,DAL,L,107,0022500546
2026-01-10,LAC,W,98,0022500544
2026-01-10,MIA,L,99,0022500543
2026-01-10,MIN,L,134,0022500542
2026-01-10,IND,W,123,0022500543
2026-01-10,SAS,W,100,0022500545
2026-01-10,UTA,L,95,0022500547
2026-01-10,DET,L,92,0022500544
2026-01-10,CHA,W,150,0022500547
2026-01-11,ATL,W,124,0022500556
2026-01-11,NOP,L,118,0022500548
2026-01-11,DEN,W,108,0022500554
2026-01-11,GSW,L,111,0022500556
2026-01-11,HOU,L,98,0022500557
2026-01-11,MIA,L,112,0022500553
2026-01-11,MIL,L,104,0022500554
2026-01-11,MIN,W,104,0022500552
2026-01-11,BKN,L,98,0022500549
2026-01-11,NYK,W,123,0022500551
2026-01-11,ORL,W,128,0022500548
2026-01-11,PHI,L,115,0022500550
2026-01-11,PHX,W,112,0022500555
2026-01-11,POR,L,114,0022500551
2026-01-11,SAC,W,111,0022500557
2026-01-11,SAS,L,103,0022500552
2026-01-11,OKC,W,124,0022500553
2026-01-11,TOR,W,116,0022500550
2026-01-11,MEM,W,103,0022500549
2026-01-11,WAS,L,93,0022500555
2026-01-12,BOS,L,96,0022500559
2026-01-12,CLE,L,112,0022500558
2026-01-12,DAL,W,113,0022500561
2026-01-12,LAC,W,117,0022500563
2026-01-12,LAL,L,112,0022500562
2026-01-12,BKN,L,105,0022500561
2026-01-12,IND,W,98,0022500559
2026-01-12,PHI,W,115,0022500560
2026-01-12,SAC,W,124,0022500562
2026-01-12,TOR,L,102,0022500560
2026-01-12,UTA,W,123,0022500558
2026-01-12,CHA,L,109,0022500563
2026-01-13,ATL,L,116,0022500569
2026-01-13,NOP,L,116,0022500567
2026-01-13,CHI,L,113,0022500565
2026-01-13,DEN,W,122,0022500567
2026-01-13,GSW,W,119,0022500570
2026-01-13,HOU,W,119,0022500565
2026-01-13,LAL,W,141,0022500569
2026-01-13,MIA,W,127,0022500564
2026-01-13,MIL,L,106,0022500566
2026-01-13,MIN,W,139,0022500566
2026-01-13,PHX,L,121,0022500564
2026-01-13,POR,L,97,0022500570
2026-01-13,SAS,L,98,0022500568
2026-01-13,OKC,W,119,0022500568
2026-01-14,CLE,W,133,0022500572
2026-01-14,NOP,W,116,0022500574
2026-01-14,CHI,W,128,0022500573
2026-01-14,DAL,L,109,0022500575
2026-01-14,DEN,W,118,0022500575
2026-01-14,LAC,W,119,0022500577
2026-01-14,BKN,L,113,0022500574
2026-01-14,NYK,L,101,0022500576
2026-01-14,IND,L,101,0022500571
2026-01-14,PHI,L,107,0022500572
2026-01-14,SAC,W,112,0022500576
2026-01-14,TOR,W,115,0022500571
2026-01-14,UTA,L,126,0022500573
2026-01-14,WAS,L,105,0022500577
2026-01-15,ATL,L,101,0022500585
2026-01-15,BOS,W,119,0022500580
2026-01-15,DAL,W,144,0022500583
2026-01-15,GSW,W,126,0022500584
2026-01-15,HOU,L,91,0022500581
2026-01-15,LAL,L,117,0022500586
2026-01-15,MIA,L,114,0022500580
2026-01-15,MIL,L,101,0022500582
2026-01-15,NYK,L,113,0022500584
2026-01-15,ORL,W,118,0022500578
2026-01-15,PHX,L,105,0022500579
2026-01-15,POR,W,117,0022500585
2026-01-15,SAS,W,119,0022500582
2026-01-15,OKC,W,111,0022500581
2026-01-15,UTA,L,122,0022500583
2026-01-15,MEM,L,111,0022500578
2026-01-15,DET,W,108,0022500579
2026-01-15,CHA,W,135,0022500586
2026-01-16,CLE,W,117,0022500589
2026-01-16,NOP,L,119,0022500588
2026-01-16,CHI,L,109,0022500587
2026-01-16,HOU,W,110,0022500591
2026-01-16,LAC,W,121,0022500590
2026-01-16,MIN,L,105,0022500591
2026-01-16,BKN,W,112,0022500587
2026-01-16,IND,W,127,0022500588
2026-01-16,PHI,L,115,0022500589
2026-01-16,SAC,W,128,0022500592
2026-01-16,TOR,L,117,0022500590
2026-01-16,WAS,L,115,0022500592
2026-01-17,ATL,L,106,0022500594
2026-01-17,BOS,W,132,0022500594
2026-01-17,DAL,W,138,0022500593
2026-01-17,DEN,W,121,0022500600
2026-01-17,GSW,W,136,0022500599
2026-01-17,LAL,L,116,0022500601
2026-01-17,MIA,W,122,0022500597
2026-01-17,MIN,L,123,0022500598
2026-01-17,NYK,L,99,0022500596
2026-01-17,IND,L,78,0022500595
2026-01-17,PHX,W,106,0022500596
2026-01-17,POR,W,132,0022500601
2026-01-17,SAS,W,126,0022500598
2026-01-17,OKC,L,120,0022500597
2026-01-17,UTA,L,120,0022500593
2026-01-17,WAS,L,115,0022500600
2026-01-17,DET,W,121,0022500595
2026-01-17,CHA,L,116,0022500599
2026-01-18,NOP,L,110,0022500604
2026-01-18,CHI,W,124,0022500603
2026-01-18,DEN,L,87,0022500605
2026-01-18,HOU,W,119,0022500604
2026-01-18,LAL,W,110,0022500607
2026-01-18,BKN,L,102,0022500603
2026-01-18,ORL,L,109,0022500602
2026-01-18,POR,W,117,0022500606
2026-01-18,SAC,L,110,0022500606
2026-01-18,TOR,L,93,0022500607
2026-01-18,MEM,W,126,0022500602
2026-01-18,CHA,W,110,0022500605
2026-01-19,ATL,L,110,0022500014
2026-01-19,BOS,L,103,0022500017
2026-01-19,CLE,L,104,0022500015
2026-01-19,DAL,W,114,0022500016
2026-01-19,GSW,W,135,0022500612
2026-01-19,LAC,W,110,0022500608
2026-01-19,MIA,L,112,0022500612
2026-01-19,MIL,W,112,0022500014
2026-01-19,BKN,L,117,0022500610
2026-01-19,NYK,L,97,0022500016
2026-01-19,IND,L,104,0022500609
2026-01-19,PHI,W,113,0022500609
2026-01-19,PHX,W,126,0022500610
2026-01-19,SAS,W,123,0022500611
2026-01-19,OKC,W,136,0022500015
2026-01-19,UTA,L,110,0022500611
2026-01-19,WAS,L,106,0022500608
2026-01-19,DET,W,104,0022500017
2026-01-20,CHI,W,138,0022500614
2026-01-20,DEN,L,107,0022500617
2026-01-20,GSW,L,127,0022500618
2026-01-20,HOU,W,111,0022500615
2026-01-20,LAC,L,110,0022500614
2026-01-20,LAL,W,115,0022500617
2026-01-20,MIA,W,130,0022500619
2026-01-20,MIN,L,122,0022500616
2026-01-20,PHI,L,110,0022500613
2026-01-20,PHX,W,116,0022500613
2026-01-20,SAC,L,117,0022500619
2026-01-20,SAS,L,106,0022500615
2026-01-20,TOR,W,145,0022500618
2026-01-20,UTA,W,127,0022500616
2026-01-21,ATL,W,124,0022500623
2026-01-21,BOS,W,119,0022500621
2026-01-21,CLE,W,94,0022500620
2026-01-21,NOP,L,104,0022500624
2026-01-21,MIL,L,102,0022500625
2026-01-21,BKN,L,66,0022500622
2026-01-21,NYK,W,120,0022500622
2026-01-21,IND,L,104,0022500621
2026-01-21,SAC,L,109,0022500626
2026-01-21,OKC,W,122,0022500625
2026-01-21,TOR,W,122,0022500626
2026-01-21,MEM,L,122,0022500623
2026-01-21,DET,W,112,0022500624
2026-01-21,CHA,L,87,0022500620
2026-01-22,CHI,W,120,0022500631
2026-01-22,DAL,W,123,0022500630
2026-01-22,DEN,W,107,0022500629
2026-01-22,GSW,L,115,0022500630
2026-01-22,HOU,L,122,0022500628
2026-01-22,LAC,W,112,0022500633
2026-01-22,LAL,L,104,0022500633
2026-01-22,MIA,L,110,0022500634
2026-01-22,MIN,L,115,0022500631
2026-01-22,ORL,L,97,0022500627
2026-01-22,PHI,W,128,0022500628
2026-01-22,POR,W,127,0022500634
2026-01-22,SAS,W,126,0022500632
2026-01-22,UTA,L,109,0022500632
2026-01-22,WAS,L,97,0022500629
2026-01-22,CHA,W,124,0022500627
2026-01-23,ATL,W,110,0022500636
2026-01-23,BOS,W,130,0022500637
2026-01-23,CLE,W,123,0022500638
2026-01-23,NOP,W,133,0022500639
2026-01-23,DEN,W,102,0022500640
2026-01-23,HOU,W,111,0022500635
2026-01-23,MIL,L,100,0022500640
2026-01-23,BKN,L,126,0022500637
2026-01-23,IND,W,117,0022500641
2026-01-23,PHX,L,103,0022500636
2026-01-23,POR,L,98,0022500642
2026-01-23,SAC,L,118,0022500638
2026-01-23,OKC,L,114,0022500641
2026-01-23,TOR,W,110,0022500642
2026-01-23,MEM,L,127,0022500639
2026-01-23,DET,L,104,0022500635
2026-01-24,BOS,L,111,0022500647
2026-01-24,CLE,W,119,0022500646
2026-01-24,CHI,W,114,0022500647
2026-01-24,DAL,L,110,0022500648
2026-01-24,LAL,W,116,0022500648
2026-01-24,MIA,W,147,0022500649
2026-01-24,NYK,W,112,0022500643
2026-01-24,ORL,L,105,0022500646
2026-01-24,PHI,L,109,0022500643
2026-01-24,UTA,L,116,0022500649
2026-01-24,WAS,L,115,0022500645
2026-01-24,CHA,W,119,0022500645
2026-01-25,NOP,W,104,0022500654
2026-01-25,GSW,W,111,0022500644
2026-01-25,LAC,W,126,0022500656
2026-01-25,MIA,W,111,0022500655
2026-01-25,MIN,L,85,0022500644
2026-01-25,BKN,L,89,0022500656
2026-01-25,PHX,L,102,0022500655
2026-01-25,SAC,L,116,0022500650
2026-01-25,SAS,L,95,0022500654
2026-01-25,OKC,L,101,0022500653
2026-01-25,TOR,W,103,0022500653
2026-01-25,DET,W,139,0022500650
2026-01-26,ATL,W,132,0022500659
2026-01-26,BOS,W,102,0022500660
2026-01-26,CLE,W,114,0022500658
2026-01-26,CHI,L,118,0022500661
2026-01-26,GSW,L,83,0022500663
2026-01-26,HOU,W,108,0022500662
2026-01-26,LAL,W,129,0022500661
2026-01-26,MIN,W,108,0022500663
2026-01-26,ORL,L,98,0022500658
2026-01-26,IND,L,116,0022500659
2026-01-26,PHI,L,93,0022500657
2026-01-26,POR,L,94,0022500660
2026-01-26,MEM,L,99,0022500662
2026-01-26,CHA,W,130,0022500657
2026-01-27,NOP,L,95,0022500667
2026-01-27,DEN,L,107,0022500668
2026-01-27,LAC,W,115,0022500670
2026-01-27,MIL,L,122,0022500666
2026-01-27,BKN,L,102,0022500669
2026-01-27,NYK,W,103,0022500665
2026-01-27,PHI,W,139,0022500666
2026-01-27,PHX,W,106,0022500669
2026-01-27,POR,L,111,0022500664
2026-01-27,SAC,L,87,0022500665
2026-01-27,OKC,W,104,0022500667
2026-01-27,UTA,L,103,0022500670
2026-01-27,WAS,W,115,0022500664
2026-01-27,DET,W,109,0022500668
2026-01-28,ATL,W,117,0022500673
2026-01-28,BOS,L,106,0022500673
2026-01-28,CLE,W,129,0022500671
2026-01-28,CHI,L,110,0022500672
2026-01-28,DAL,L,105,0022500677
2026-01-28,GSW,W,140,0022500678
2026-01-28,HOU,L,99,0022500679
2026-01-28,LAL,L,99,0022500671
2026-01-28,MIA,L,124,0022500674
2026-01-28,MIN,W,118,0022500677
2026-01-28,NYK,W,119,0022500675
2026-01-28,ORL,W,133,0022500674
2026-01-28,IND,W,113,0022500672
2026-01-28,SAS,W,111,0022500679
2026-01-28,TOR,L,92,0022500675
2026-01-28,UTA,L,124,0022500678
2026-01-28,MEM,L,97,0022500676
2026-01-28,CHA,W,112,0022500676
2026-01-29,ATL,L,86,0022500682
2026-01-29,CHI,L,113,0022500529
2026-01-29,DAL,L,121,0022500683
2026-01-29,DEN,W,107,0022500684
2026-01-29,HOU,W,104,0022500682
2026-01-29,MIA,W,116,0022500529
2026-01-29,MIL,L,99,0022500681
2026-01-29,MIN,W,123,0022500686
2026-01-29,BKN,L,103,0022500684
2026-01-29,PHI,W,113,0022500680
2026-01-29,PHX,W,114,0022500685
2026-01-29,SAC,L,111,0022500680
2026-01-29,OKC,L,111,0022500686
2026-01-29,WAS,W,109,0022500681
2026-01-29,DET,L,96,0022500685
2026-01-29,CHA,W,123,0022500683
2026-01-30,BOS,W,112,0022500689
2026-01-30,CLE,L,113,0022500693
2026-01-30,NOP,W,114,0022500691
2026-01-30,DEN,W,122,0022500695
2026-01-30,GSW,L,124,0022500696
2026-01-30,LAC,L,109,0022500695
2026-01-30,LAL,W,142,0022500688
2026-01-30,BKN,W,109,0022500694
2026-01-30,NYK,W,127,0022500690
2026-01-30,ORL,W,130,0022500687
2026-01-30,PHX,W,126,0022500693
2026-01-30,POR,L,97,0022500690
2026-01-30,SAC,L,93,0022500689
2026-01-30,TOR,L,120,0022500687
2026-01-30,UTA,L,99,0022500694
2026-01-30,MEM,L,106,0022500691
2026-01-30,WAS,L,111,0022500688
2026-01-30,DET,W,131,0022500696
2026-01-31,ATL,L,124,0022500698
2026-01-31,NOP,L,114,0022500699
2026-01-31,CHI,W,125,0022500692
2026-01-31,DAL,L,107,0022500701
2026-01-31,HOU,W,111,0022500701
2026-01-31,MIA,L,118,0022500692
2026-01-31,MIN,W,131,0022500700
2026-01-31,IND,W,129,0022500698
2026-01-31,PHI,W,124,0022500699
2026-01-31,SAS,L,106,0022500697
2026-01-31,MEM,L,114,0022500700
2026-01-31,CHA,W,111,0022500697
2026-02-01,BOS,W,107,0022500702
2026-02-01,CLE,W,130,0022500710
2026-02-01,CHI,L,91,0022500705
2026-02-01,DEN,L,111,0022500711
2026-02-01,LAC,W,117,0022500709
2026-02-01,LAL,L,100,0022500708
2026-02-01,MIA,W,134,0022500705
2026-02-01,MIL,L,79,0022500702
2026-02-01,BKN,L,77,0022500704
2026-02-01,NYK,W,112,0022500708
2026-02-01,ORL,L,103,0022500703
2026-02-01,PHX,L,93,0022500709
2026-02-01,POR,L,111,0022500710
2026-02-01,SAC,L,112,0022500707
2026-02-01,SAS,W,112,0022500703
2026-02-01,OKC,W,121,0022500711
2026-02-01,TOR,W,107,0022500706
2026-02-01,UTA,L,100,0022500706
2026-02-01,WAS,W,116,0022500707
2026-02-01,DET,W,130,0022500704
2026-02-02,NOP,L,95,0022500712
2026-02-02,HOU,W,118,0022500713
2026-02-02,LAC,L,113,0022500715
2026-02-02,MIN,L,128,0022500714
2026-02-02,IND,L,114,0022500713
2026-02-02,PHI,W,128,0022500715
2026-02-02,MEM,W,137,0022500714
2026-02-02,CHA,W,102,0022500712
2026-02-03,ATL,W,127,0022500720
2026-02-03,BOS,W,110,0022500721
2026-02-03,CHI,L,115,0022500722
2026-02-03,DAL,L,100,0022500721
2026-02-03,DEN,L,121,0022500716
2026-02-03,GSW,L,94,0022500724
2026-02-03,LAL,W,125,0022500719
2026-02-03,MIA,L,115,0022500720
2026-02-03,MIL,W,131,0022500722
2026-02-03,BKN,L,109,0022500719
2026-02-03,NYK,W,132,0022500718
2026-02-03,ORL,L,92,0022500723
2026-02-03,IND,L,122,0022500717
2026-02-03,PHI,W,113,0022500724
2026-02-03,PHX,W,130,0022500725
2026-02-03,POR,L,125,0022500725
2026-02-03,OKC,W,128,0022500723
2026-02-03,UTA,W,131,0022500717
2026-02-03,WAS,L,101,0022500718
2026-02-03,DET,W,124,0022500716
2026-02-04,BOS,W,114,0022500728
2026-02-04,CLE,W,124,0022500732
2026-02-04,NOP,L,137,0022500729
2026-02-04,DEN,L,127,0022500726
2026-02-04,HOU,L,93,0022500728
2026-02-04,LAC,L,91,0022500732
2026-02-04,MIL,W,141,0022500729
2026-02-04,MIN,W,128,0022500727
2026-02-04,NYK,W,134,0022500726
2026-02-04,SAC,L,125,0022500731
2026-02-04,SAS,W,116,0022500730
2026-02-04,OKC,L,106,0022500730
2026-02-04,TOR,L,126,0022500727
2026-02-04,MEM,W,129,0022500731
2026-02-05,ATL,W,121,0022500735
2026-02-05,CHI,L,107,0022500736
2026-02-05,DAL,L,123,0022500738
2026-02-05,GSW,W,101,0022500739
2026-02-05,HOU,L,99,0022500737
2026-02-05,LAL,W,119,0022500740
2026-02-05,BKN,L,98,0022500734
2026-02-05,ORL,W,118,0022500734
2026-02-05,PHI,L,115,0022500740
2026-02-05,PHX,L,97,0022500739
2026-02-05,SAS,W,135,0022500738
2026-02-05,TOR,W,123,0022500736
2026-02-05,UTA,L,119,0022500735
2026-02-05,WAS,W,126,0022500733
2026-02-05,DET,L,117,0022500733
2026-02-05,CHA,W,109,0022500737
2026-02-06,BOS,W,98,0022500741
2026-02-06,NOP,W,119,0022500744
2026-02-06,LAC,W,114,0022500746
2026-02-06,MIA,L,96,0022500741
2026-02-06,MIL,W,105,0022500743
2026-02-06,MIN,L,115,0022500744
2026-02-06,NYK,L,80,0022500742
2026-02-06,IND,L,99,0022500743
2026-02-06,POR,W,135,0022500745
2026-02-06,SAC,L,111,0022500746
2026-02-06,MEM,L,115,0022500745
2026-02-06,DET,W,118,0022500742
2026-02-07,ATL,L,119,0022500751
2026-02-07,CLE,W,132,0022500756
2026-02-07,CHI,L,120,0022500752
2026-02-07,DAL,L,125,0022500749
2026-02-07,DEN,W,136,0022500752
2026-02-07,GSW,L,99,0022500753
2026-02-07,HOU,W,112,0022500748
2026-02-07,LAL,W,105,0022500753
2026-02-07,BKN,W,127,0022500747
2026-02-07,ORL,W,120,0022500750
2026-02-07,PHI,W,109,0022500754
2026-02-07,PHX,L,103,0022500754
2026-02-07,POR,W,122,0022500755
2026-02-07,SAC,L,126,0022500756
2026-02-07,SAS,W,138,0022500749
2026-02-07,OKC,L,106,0022500748
2026-02-07,UTA,L,117,0022500750
2026-02-07,MEM,L,115,0022500755
2026-02-07,WAS,L,113,0022500747
2026-02-07,CHA,W,126,0022500751
2026-02-08,BOS,L,89,0022500757
2026-02-08,LAC,W,115,0022500760
2026-02-08,MIA,W,132,0022500758
2026-02-08,MIN,L,96,0022500760
2026-02-08,NYK,W,111,0022500757
2026-02-08,IND,L,104,0022500759
2026-02-08,TOR,W,122,0022500759
2026-02-08,WAS,L,101,0022500758
2026-02-09,ATL,L,116,0022500765
2026-02-09,CLE,W,119,0022500767
2026-02-09,NOP,W,120,0022500766
2026-02-09,CHI,L,115,0022500762
2026-02-09,DEN,L,117,0022500767
2026-02-09,GSW,W,114,0022500768
2026-02-09,LAL,L,110,0022500769
2026-02-09,MIA,L,111,0022500763
2026-02-09,MIL,L,99,0022500764
2026-02-09,MIN,W,138,0022500765
2026-02-09,BKN,W,123,0022500762
2026-02-09,ORL,W,118,0022500764
2026-02-09,PHI,L,118,0022500770
2026-02-09,POR,W,135,0022500770
2026-02-09,SAC,L,94,0022500766
2026-02-09,OKC,W,119,0022500769
2026-02-09,UTA,W,115,0022500763
2026-02-09,MEM,L,113,0022500768
2026-02-09,DET,W,110,0022500761
2026-02-09,CHA,L,104,0022500761
2026-02-10,DAL,L,111,0022500773
2026-02-10,HOU,W,102,0022500772
2026-02-10,LAC,L,95,0022500772
2026-02-10,LAL,L,108,0022500774
2026-02-10,NYK,L,134,0022500771
2026-02-10,IND,W,137,0022500771
2026-02-10,PHX,W,120,0022500773
2026-02-10,SAS,W,136,0022500774
2026-02-11,ATL,L,107,0022500775
2026-02-11,BOS,W,124,0022500778
2026-02-11,CLE,W,138,0022500776
2026-02-11,NOP,L,111,0022500784
2026-02-11,CHI,L,105,0022500778
2026-02-11,DEN,W,122,0022500787
2026-02-11,GSW,L,113,0022500788
2026-02-11,HOU,L,102,0022500782
2026-02-11,LAC,W,105,0022500782
2026-02-11,MIA,W,123,0022500784
2026-02-11,MIL,W,116,0022500777
2026-02-11,MIN,W,133,0022500783
2026-02-11,BKN,L,110,0022500779
2026-02-11,NYK,W,138,0022500780
2026-02-11,ORL,L,108,0022500777
2026-02-11,IND,W,115,0022500779
2026-02-11,PHI,L,89,0022500780
2026-02-11,PHX,L,109,0022500785
2026-02-11,POR,L,109,0022500783
2026-02-11,SAC,L,93,0022500786
2026-02-11,SAS,W,126,0022500788
2026-02-11,OKC,W,136,0022500785
2026-02-11,TOR,L,95,0022500781
2026-02-11,UTA,W,121,0022500786
2026-02-11,MEM,L,116,0022500787
2026-02-11,WAS,L,113,0022500776
2026-02-11,DET,W,113,0022500781
2026-02-11,CHA,W,110,0022500775
2026-02-12,DAL,L,104,0022500791
2026-02-12,LAL,W,124,0022500791
2026-02-12,MIL,W,110,0022500789
2026-02-12,POR,W,135,0022500790
2026-02-12,OKC,L,93,0022500789
2026-02-12,UTA,L,119,0022500790
2026-02-19,ATL,W,117,0022500794
2026-02-19,BOS,W,121,0022500799
2026-02-19,CLE,W,112,0022500793
2026-02-19,CHI,L,101,0022500797
2026-02-19,DEN,L,114,0022500801
2026-02-19,GSW,L,110,0022500799
2026-02-19,HOU,W,105,0022500792
2026-02-19,LAC,W,115,0022500801
2026-02-19,BKN,L,84,0022500793
2026-02-19,NYK,L,111,0022500796
2026-02-19,ORL,W,131,0022500800
2026-02-19,IND,L,105,0022500795
2026-02-19,PHI,L,107,0022500794
2026-02-19,PHX,L,94,0022500798
2026-02-19,SAC,L,94,0022500800
2026-02-19,SAS,W,121,0022500798
2026-02-19,TOR,W,110,0022500797
2026-02-19,WAS,W,112,0022500795
2026-02-19,DET,W,126,0022500796
2026-02-19,CHA,L,101,0022500792
2026-02-20,ATL,L,97,0022500805
2026-02-20,CLE,W,118,0022500802
2026-02-20,NOP,L,118,0022500807
2026-02-20,DAL,L,111,0022500806
2026-02-20,DEN,W,157,0022500810
2026-02-20,LAC,L,122,0022500809
2026-02-20,LAL,W,125,0022500809
2026-02-20,MIA,W,128,0022500805
2026-02-20,MIL,W,139,0022500807
2026-02-20,MIN,W,122,0022500806
2026-02-20,BKN,L,86,0022500808
2026-02-20,IND,L,118,0022500803
2026-02-20,POR,L,103,0022500810
2026-02-20,OKC,W,105,0022500808
2026-02-20,UTA,L,114,0022500804
2026-02-20,MEM,W,123,0022500804
2026-02-20,WAS,W,131,0022500803
2026-02-20,CHA,L,113,0022500802
2026-02-21,NOP,W,126,0022500812
2026-02-21,CHI,L,110,0022500814
2026-02-21,HOU,L,106,0022500816
2026-02-21,MIA,W,136,0022500813
2026-02-21,NYK,W,108,0022500816
2026-02-21,ORL,L,110,0022500811
2026-02-21,PHI,L,111,0022500812
2026-02-21,PHX,W,113,0022500811
2026-02-21,SAC,L,122,0022500815
2026-02-21,SAS,W,139,0022500815
2026-02-21,MEM,L,120,0022500813
2026-02-21,DET,W,126,0022500814
2026-02-22,ATL,W,115,0022500818
2026-02-22,BOS,W,111,0022500823
2026-02-22,CLE,L,113,0022500817
2026-02-22,CHI,L,99,0022500825
2026-02-22,DAL,W,134,0022500821
2026-02-22,DEN,L,117,0022500820
2026-02-22,GSW,W,128,0022500820
2026-02-22,LAC,L,109,0022500827
2026-02-22,LAL,L,89,0022500823
2026-02-22,MIL,L,94,0022500819
2026-02-22,MIN,L,108,0022500824
2026-02-22,BKN,L,104,0022500818
2026-02-22,NYK,W,105,0022500825
2026-02-22,ORL,W,111,0022500827
2026-02-22,IND,L,130,0022500821
2026-02-22,PHI,W,135,0022500824
2026-02-22,PHX,L,77,0022500826
2026-02-22,POR,W,92,0022500826
2026-02-22,OKC,W,121,0022500817
2026-02-22,TOR,W,122,0022500819
2026-02-22,WAS,L,112,0022500822
2026-02-22,CHA,W,129,0022500822
2026-02-23,HOU,W,125,0022500830
2026-02-23,SAC,W,123,0022500829
2026-02-23,SAS,W,114,0022500828
2026-02-23,UTA,L,105,0022500830
2026-02-23,MEM,L,114,0022500829
2026-02-23,DET,L,103,0022500828
2026-02-24,ATL,W,119,0022500832
2026-02-24,BOS,W,97,0022500839
2026-02-24,CLE,W,109,0022500835
2026-02-24,NOP,W,113,0022500838
2026-02-24,CHI,L,99,0022500836
2026-02-24,DAL,W,123,0022500833
2026-02-24,GSW,L,109,0022500838
2026-02-24,LAL,L,109,0022500840
2026-02-24,MIA,L,117,0022500837
2026-02-24,MIL,W,128,0022500837
2026-02-24,MIN,W,124,0022500841
2026-02-24,BKN,L,114,0022500833
2026-02-24,NYK,L,94,0022500835
2026-02-24,ORL,W,110,0022500840
2026-02-24,IND,L,114,0022500831
2026-02-24,PHI,W,135,0022500831
2026-02-24,PHX,L,81,0022500839
2026-02-24,POR,L,121,0022500841
2026-02-24,OKC,W,116,0022500834
2026-02-24,TOR,L,107,0022500834
2026-02-24,WAS,L,98,0022500832
2026-02-24,CHA,W,131,0022500836
2026-02-25,BOS,L,84,0022500847
2026-02-25,CLE,L,116,0022500846
2026-02-25,DEN,W,103,0022500847
2026-02-25,GSW,W,133,0022500844
2026-02-25,HOU,W,128,0022500845
2026-02-25,MIL,W,118,0022500846
2026-02-25,SAC,L,97,0022500845
2026-02-25,SAS,W,110,0022500843
2026-02-25,OKC,L,116,0022500842
2026-02-25,TOR,L,107,0022500843
2026-02-25,MEM,L,112,0022500844
2026-02-25,DET,W,124,0022500842
2026-02-26,ATL,W,126,0022500850
2026-02-26,NOP,W,129,0022500856
2026-02-26,CHI,L,112,0022500853
2026-02-26,DAL,L,121,0022500854
2026-02-26,HOU,W,113,0022500852
2026-02-26,LAC,L,88,0022500857
2026-02-26,LAL,L,110,0022500855
2026-02-26,MIA,L,117,0022500849
2026-02-26,MIN,W,94,0022500857
2026-02-26,BKN,L,110,0022500851
2026-02-26,ORL,L,108,0022500852
2026-02-26,IND,L,109,0022500848
2026-02-26,PHI,W,124,0022500849
2026-02-26,PHX,W,113,0022500855
2026-02-26,POR,W,121,0022500853
2026-02-26,SAC,W,130,0022500854
2026-02-26,SAS,W,126,0022500851
2026-02-26,UTA,L,118,0022500856
2026-02-26,WAS,L,96,0022500850
2026-02-26,CHA,W,133,0022500848
2026-02-27,BOS,W,148,0022500859
2026-02-27,CLE,L,119,0022500858
2026-02-27,DAL,L,105,0022500861
2026-02-27,DEN,L,121,0022500862
2026-02-27,MIL,L,98,0022500860
2026-02-27,BKN,L,111,0022500859
2026-02-27,NYK,W,127,0022500860
2026-02-27,OKC,W,127,0022500862
2026-02-27,MEM,W,124,0022500861
2026-02-27,DET,W,122,0022500858
2026-02-28,NOP,W,115,0022500867
2026-02-28,GSW,L,101,0022500866
2026-02-28,HOU,L,105,0022500864
2026-02-28,LAL,W,129,0022500866
2026-02-28,MIA,W,115,0022500864
2026-02-28,POR,L,93,0022500863
2026-02-28,TOR,W,134,0022500865
2026-02-28,UTA,L,105,0022500867
2026-02-28,WAS,L,125,0022500865
2026-02-28,CHA,W,109,0022500863
2026-03-01,ATL,W,135,0022500873
2026-03-01,BOS,W,114,0022500874
2026-03-01,CLE,W,106,0022500869
2026-03-01,NOP,L,117,0022500877
2026-03-01,CHI,W,120,0022500870
2026-03-01,DAL,L,87,0022500876
2026-03-01,DEN,L,108,0022500871
2026-03-01,LAC,W,137,0022500877
2026-03-01,LAL,W,128,0022500878
2026-03-01,MIL,L,97,0022500870
2026-03-01,MIN,W,117,0022500871
2026-03-01,BKN,L,102,0022500869
2026-03-01,NYK,W,114,0022500868
2026-03-01,ORL,L,92,0022500875
2026-03-01,IND,L,106,0022500872
2026-03-01,PHI,L,98,0022500874
2026-03-01,POR,L,101,0022500873
2026-03-01,SAC,L,104,0022500878
2026-03-01,SAS,L,89,0022500868
2026-03-01,OKC,W,100,0022500876
2026-03-01,MEM,W,125,0022500872
2026-03-01,DET,W,106,0022500875
2026-03-02,BOS,W,108,0022500880
2026-03-02,DEN,W,128,0022500881
2026-03-02,GSW,L,101,0022500882
2026-03-02,HOU,W,123,0022500879
2026-03-02,LAC,W,114,0022500882
2026-03-02,MIL,L,81,0022500880
2026-03-02,UTA,L,125,0022500881
2026-03-02,WAS,L,118,0022500879
2026-03-03,CLE,W,113,0022500884
2026-03-03,NOP,L,101,0022500891
2026-03-03,CHI,L,108,0022500889
2026-03-03,DAL,L,90,0022500883
2026-03-03,LAL,W,110,0022500891
2026-03-03,MIA,W,124,0022500886
2026-03-03,MIN,W,117,0022500890
2026-03-03,BKN,L,98,0022500886
2026-03-03,NYK,W,111,0022500887
2026-03-03,ORL,W,126,0022500885
2026-03-03,PHI,L,91,0022500888
2026-03-03,PHX,W,114,0022500892
2026-03-03,SAC,L,103,0022500892
2026-03-03,SAS,W,131,0022500888
2026-03-03,OKC,W,116,0022500889
2026-03-03,TOR,L,95,0022500887
2026-03-03,MEM,L,110,0022500890
2026-03-03,WAS,L,109,0022500885
2026-03-03,DET,L,109,0022500884
2026-03-03,CHA,W,117,0022500883
2026-03-04,ATL,W,131,0022500897
2026-03-04,BOS,L,89,0022500894
2026-03-04,LAC,W,130,0022500898
2026-03-04,MIL,L,113,0022500897
2026-03-04,NYK,L,100,0022500893
2026-03-04,IND,L,107,0022500898
2026-03-04,PHI,W,106,0022500895
2026-03-04,POR,W,122,0022500896
2026-03-04,OKC,W,103,0022500893
2026-03-04,UTA,L,102,0022500895
2026-03-04,MEM,L,114,0022500896
2026-03-04,CHA,W,118,0022500894
2026-03-05,NOP,W,133,0022500907
2026-03-05,CHI,W,105,0022500905
2026-03-05,DAL,L,114,0022500899
2026-03-05,DEN,W,120,0022500906
2026-03-05,GSW,W,115,0022500902
2026-03-05,HOU,L,113,0022500902
2026-03-05,LAL,L,113,0022500906
2026-03-05,MIA,W,126,0022500901
2026-03-05,MIN,W,115,0022500903
2026-03-05,BKN,L,110,0022500901
2026-03-05,ORL,W,115,0022500899
2026-03-05,PHX,L,103,0022500905
2026-03-05,SAC,L,123,0022500907
2026-03-05,SAS,W,121,0022500904
2026-03-05,TOR,L,107,0022500903
2026-03-05,UTA,W,122,0022500900
2026-03-05,WAS,L,112,0022500900
2026-03-05,DET,L,106,0022500904
2026-03-06,BOS,W,120,0022500908
2026-03-06,NOP,L,116,0022500912
2026-03-06,DAL,L,100,0022500908
2026-03-06,DEN,L,103,0022500911
2026-03-06,HOU,W,106,0022500910
2026-03-06,LAC,L,112,0022500913
2026-03-06,LAL,W,128,0022500914
2026-03-06,MIA,W,128,0022500909
2026-03-06,NYK,W,142,0022500911
2026-03-06,IND,L,117,0022500914
2026-03-06,PHX,W,118,0022500912
2026-03-06,POR,L,99,0022500910
2026-03-06,SAS,W,116,0022500913
2026-03-06,CHA,L,120,0022500909
2026-03-07,ATL,W,125,0022500917
2026-03-07,GSW,L,97,0022500920
2026-03-07,LAC,W,123,0022500918
2026-03-07,MIL,W,113,0022500919
2026-03-07,MIN,L,92,0022500915
2026-03-07,BKN,W,107,0022500916
2026-03-07,ORL,W,119,0022500915
2026-03-07,PHI,L,116,0022500917
2026-03-07,OKC,W,104,0022500920
2026-03-07,UTA,L,99,0022500919
2026-03-07,MEM,L,120,0022500918
2026-03-07,DET,L,105,0022500916
2026-03-08,BOS,W,109,0022500921
2026-03-08,CLE,L,98,0022500921
2026-03-08,NOP,W,138,0022500925
2026-03-08,CHI,L,110,0022500930
2026-03-08,DAL,L,92,0022500924
2026-03-08,HOU,L,120,0022500927
2026-03-08,LAL,W,110,0022500922
2026-03-08,MIA,W,121,0022500923
2026-03-08,MIL,L,91,0022500926
2026-03-08,NYK,L,97,0022500922
2026-03-08,ORL,W,130,0022500926
2026-03-08,IND,L,111,0022500929
2026-03-08,PHX,W,111,0022500928
2026-03-08,POR,W,131,0022500929
2026-03-08,SAC,W,126,0022500930
2026-03-08,SAS,W,145,0022500927
2026-03-08,TOR,W,122,0022500924
2026-03-08,WAS,L,118,0022500925
2026-03-08,DET,L,110,0022500923
2026-03-08,CHA,L,99,0022500928
2026-03-09,CLE,W,115,0022500931
2026-03-09,DEN,L,126,0022500933
2026-03-09,GSW,L,116,0022500934
2026-03-09,LAC,W,126,0022500935
2026-03-09,BKN,W,126,0022500932
2026-03-09,NYK,L,118,0022500935
2026-03-09,PHI,L,101,0022500931
2026-03-09,OKC,W,129,0022500933
2026-03-09,UTA,W,119,0022500934
2026-03-09,MEM,L,115,0022500932
2026-03-10,ATL,W,124,0022500939
2026-03-10,BOS,L,116,0022500942
2026-03-10,CHI,W,130,0022500943
2026-03-10,DAL,L,112,0022500939
2026-03-10,GSW,L,124,0022500943
2026-03-10,HOU,W,113,0022500940
2026-03-10,LAL,W,120,0022500946
2026-03-10,MIA,W,150,0022500938
2026-03-10,MIL,L,114,0022500941
2026-03-10,MIN,L,106,0022500946
2026-03-10,BKN,L,100,0022500937
2026-03-10,IND,L,109,0022500945
2026-03-10,PHI,W,139,0022500936
2026-03-10,PHX,W,129,0022500941
2026-03-10,POR,L,101,0022500944
2026-03-10,SAC,W,114,0022500945
2026-03-10,SAS,W,125,0022500942
2026-03-10,TOR,L,99,0022500940
2026-03-10,MEM,L,129,0022500936
2026-03-10,WAS,L,129,0022500938
2026-03-10,DET,W,138,0022500937
2026-03-10,CHA,W,103,0022500944
2026-03-11,CLE,L,122,0022500947
2026-03-11,NOP,W,122,0022500948
2026-03-11,DEN,W,129,0022500950
2026-03-11,HOU,L,93,0022500950
2026-03-11,LAC,W,153,0022500952
2026-03-11,MIN,L,128,0022500952
2026-03-11,NYK,W,134,0022500949
2026-03-11,ORL,W,128,0022500947
2026-03-11,SAC,L,109,0022500951
2026-03-11,TOR,L,111,0022500948
2026-03-11,UTA,L,117,0022500949
2026-03-11,CHA,W,117,0022500951
2026-03-12,ATL,W,108,0022500956
2026-03-12,BOS,L,102,0022500959
2026-03-12,CHI,L,130,0022500960
2026-03-12,DAL,W,120,0022501111
2026-03-12,DEN,W,136,0022500958
2026-03-12,LAL,W,142,0022500960
2026-03-12,MIA,W,112,0022500957
2026-03-12,MIL,L,105,0022500957
2026-03-12,BKN,L,97,0022500956
2026-03-12,ORL,W,136,0022500955
2026-03-12,IND,L,108,0022500954
2026-03-12,PHI,L,109,0022500953
2026-03-12,PHX,W,123,0022500954
2026-03-12,SAS,L,131,0022500958
2026-03-12,OKC,W,104,0022500959
2026-03-12,MEM,L,112,0022501111
2026-03-12,WAS,L,131,0022500955
2026-03-12,DET,W,131,0022500953
2026-03-13,CLE,W,138,0022500965
2026-03-13,NOP,L,105,0022500964
2026-03-13,CHI,L,108,0022500968
2026-03-13,DAL,L,105,0022500965
2026-03-13,GSW,L,117,0022500966
2026-03-13,HOU,W,107,0022500964
2026-03-13,LAC,W,119,0022500968
2026-03-13,MIN,W,127,0022500966
2026-03-13,NYK,W,101,0022500962
2026-03-13,IND,L,92,0022500962
2026-03-13,PHX,L,115,0022500963
2026-03-13,POR,W,124,0022500967
2026-03-13,TOR,W,122,0022500963
2026-03-13,UTA,L,114,0022500967
2026-03-13,MEM,L,110,0022500961
2026-03-13,DET,W,126,0022500961
2026-03-14,ATL,W,122,0022500970
2026-03-14,BOS,W,111,0022500971
2026-03-14,DEN,L,125,0022500974
2026-03-14,LAC,L,109,0022500975
2026-03-14,LAL,W,127,0022500974
2026-03-14,MIA,L,117,0022500972
2026-03-14,MIL,L,99,0022500970
2026-03-14,BKN,L,97,0022500969
2026-03-14,ORL,W,121,0022500972
2026-03-14,PHI,W,104,0022500969
2026-03-14,SAC,W,118,0022500975
2026-03-14,SAS,W,115,0022500973
2026-03-14,WAS,L,100,0022500971
2026-03-14,CHA,L,102,0022500973
2026-03-15,CLE,L,120,0022500977
2026-03-15,DAL,W,130,0022500977
2026-03-15,GSW,L,107,0022500981
2026-03-15,MIL,W,134,0022500979
2026-03-15,MIN,L,103,0022500976
2026-03-15,NYK,W,110,0022500981
2026-03-15,IND,L,123,0022500979
2026-03-15,PHI,W,109,0022500980
2026-03-15,POR,L,103,0022500980
2026-03-15,SAC,W,116,0022500982
2026-03-15,OKC,W,116,0022500976
2026-03-15,TOR,W,119,0022500978
2026-03-15,UTA,L,111,0022500982
2026-03-15,DET,L,108,0022500978
2026-03-16,ATL,W,124,0022500983
2026-03-16,BOS,W,120,0022500986
2026-03-16,NOP,W,129,0022500988
2026-03-16,CHI,W,132,0022500987
2026-03-16,DAL,L,111,0022500988
2026-03-16,GSW,W,125,0022500984
2026-03-16,HOU,L,92,0022500989
2026-03-16,LAC,L,115,0022500990
2026-03-16,LAL,W,100,0022500989
2026-03-16,BKN,L,95,0022500985
2026-03-16,ORL,L,112,0022500983
2026-03-16,PHX,L,112,0022500986
2026-03-16,POR,W,114,0022500985
2026-03-16,SAS,W,119,0022500990
2026-03-16,MEM,L,107,0022500987
2026-03-16,WAS,L,117,0022500984
2026-03-17,CLE,W,123,0022500995
2026-03-17,DEN,W,124,0022500997
2026-03-17,MIA,L,106,0022500991
2026-03-17,MIL,L,116,0022500995
2026-03-17,MIN,W,116,0022500996
2026-03-17,NYK,W,136,0022500994
2026-03-17,ORL,L,108,0022500992
2026-03-17,IND,L,110,0022500994
2026-03-17,PHI,L,96,0022500997
2026-03-17,PHX,L,104,0022500996
2026-03-17,SAC,L,104,0022500998
2026-03-17,SAS,W,132,0022500998
2026-03-17,OKC,W,113,0022500992
2026-03-17,WAS,L,117,0022500993
2026-03-17,DET,W,130,0022500993
2026-03-17,CHA,W,136,0022500991
2026-03-18,ATL,W,135,0022501006
2026-03-18,BOS,W,120,0022500999
2026-03-18,NOP,W,124,0022501005
2026-03-18,CHI,L,109,0022501002
2026-03-18,DAL,L,120,0022501006
2026-03-18,DEN,L,118,0022500651
2026-03-18,GSW,L,99,0022500999
2026-03-18,HOU,L,116,0022501007
2026-03-18,LAC,L,109,0022501005
2026-03-18,LAL,W,124,0022501007
2026-03-18,MIN,W,147,0022501004
2026-03-18,BKN,L,92,0022501000
2026-03-18,IND,L,119,0022501001
2026-03-18,POR,W,127,0022501001
2026-03-18,OKC,W,121,0022501000
2026-03-18,TOR,W,139,0022501002
2026-03-18,UTA,L,111,0022501004
2026-03-18,MEM,W,125,0022500651
2026-03-19,CLE,W,115,0022501011
2026-03-19,NOP,W,105,0022501012
2026-03-19,CHI,L,110,0022501011
2026-03-19,LAC,L,99,0022501012
2026-03-19,LAL,W,134,0022501010
2026-03-19,MIA,L,126,0022501010
2026-03-19,MIL,L,96,0022501014
2026-03-19,ORL,L,111,0022501008
2026-03-19,PHI,W,139,0022501015
2026-03-19,PHX,L,100,0022501013
2026-03-19,SAC,L,118,0022501015
2026-03-19,SAS,W,101,0022501013
2026-03-19,UTA,W,128,0022501014
2026-03-19,WAS,L,95,0022501009
2026-03-19,DET,W,117,0022501009
2026-03-19,CHA,W,130,0022501008
2026-03-20,ATL,L,95,0022501018
2026-03-20,BOS,W,117,0022501019
2026-03-20,DEN,W,121,0022501021
2026-03-20,GSW,L,101,0022501017
2026-03-20,HOU,W,117,0022501018
2026-03-20,MIN,L,104,0022501020
2026-03-20,BKN,L,92,0022501016
2026-03-20,NYK,W,93,0022501016
2026-03-20,POR,W,108,0022501020
2026-03-20,TOR,L,115,0022501021
2026-03-20,MEM,L,112,0022501019
2026-03-20,DET,W,115,0022501017
2026-03-21,ATL,W,126,0022501026
2026-03-21,CLE,W,111,0022501025
2026-03-21,NOP,L,106,0022501025
2026-03-21,DAL,L,131,0022501029
2026-03-21,GSW,L,110,0022501026
2026-03-21,HOU,W,123,0022501027
2026-03-21,LAC,W,138,0022501029
2026-03-21,LAL,W,105,0022501024
2026-03-21,MIA,L,122,0022501027
2026-03-21,MIL,W,108,0022501031
2026-03-21,ORL,L,104,0022501024
2026-03-21,IND,L,119,0022501028
2026-03-21,PHI,W,126,0022501030
2026-03-21,PHX,L,105,0022501031
2026-03-21,SAS,W,134,0022501028
2026-03-21,OKC,W,132,0022501022
2026-03-21,UTA,L,116,0022501030
2026-03-21,MEM,L,101,0022501023
2026-03-21,WAS,L,111,0022501022
2026-03-21,CHA,W,124,0022501023
2026-03-22,BOS,L,92,0022501035
2026-03-22,DEN,W,128,0022501032
2026-03-22,MIN,W,102,0022501035
2026-03-22,BKN,L,122,0022501033
2026-03-22,NYK,W,145,0022501034
2026-03-22,PHX,W,120,0022501036
2026-03-22,POR,L,112,0022501032
2026-03-22,SAC,W,126,0022501033
2026-03-22,TOR,L,98,0022501036
2026-03-22,WAS,L,113,0022501034
2026-03-23,ATL,W,146,0022501037
2026-03-23,CHI,W,132,0022501042
2026-03-23,DAL,L,131,0022501044
2026-03-23,GSW,W,137,0022501044
2026-03-23,HOU,L,124,0022501042
2026-03-23,LAC,W,129,0022501046
2026-03-23,LAL,L,110,0022501038
2026-03-23,MIA,L,111,0022501041
2026-03-23,MIL,L,96,0022501046
2026-03-23,BKN,L,99,0022501045
2026-03-23,ORL,L,126,0022501039
2026-03-23,IND,W,128,0022501039
2026-03-23,PHI,L,103,0022501040
2026-03-23,POR,W,134,0022501045
2026-03-23,SAS,W,136,0022501041
2026-03-23,OKC,W,123,0022501040
2026-03-23,TOR,W,143,0022501043
2026-03-23,UTA,L,127,0022501043
2026-03-23,MEM,L,107,0022501037
2026-03-23,DET,W,113,0022501038
2026-03-24,CLE,W,136,0022501049
2026-03-24,NOP,L,116,0022501048
2026-03-24,DEN,W,125,0022501050
2026-03-24,NYK,W,121,0022501048
2026-03-24,ORL,L,131,0022501049
2026-03-24,PHX,L,123,0022501050
2026-03-24,SAC,L,90,0022501047
2026-03-24,CHA,W,134,0022501047
2026-03-25,ATL,W,130,0022501051
2026-03-25,BOS,W,119,0022501054
2026-03-25,CLE,L,103,0022501055
2026-03-25,CHI,L,137,0022501053
2026-03-25,DAL,L,135,0022501059
2026-03-25,DEN,W,142,0022501059
2026-03-25,GSW,W,109,0022501060
2026-03-25,HOU,L,108,0022501058
2026-03-25,LAC,W,119,0022501062
2026-03-25,LAL,W,137,0022501052
2026-03-25,MIA,W,120,0022501055
2026-03-25,MIL,L,99,0022501061
2026-03-25,MIN,W,110,0022501058
2026-03-25,BKN,L,106,0022501060
2026-03-25,IND,L,130,0022501052
2026-03-25,PHI,W,157,0022501053
2026-03-25,POR,W,130,0022501061
2026-03-25,SAS,W,123,0022501056
2026-03-25,OKC,L,109,0022501054
2026-03-25,TOR,L,94,0022501062
2026-03-25,UTA,L,110,0022501057
2026-03-25,MEM,L,98,0022501056
2026-03-25,WAS,W,133,0022501057
2026-03-25,DET,L,129,0022501051
2026-03-26,NOP,L,108,0022501064
2026-03-26,NYK,L,103,0022501063
2026-03-26,ORL,W,121,0022501065
2026-03-26,SAC,L,117,0022501065
2026-03-26,DET,W,129,0022501064
2026-03-26,CHA,W,114,0022501063
2026-03-27,ATL,L,102,0022501067
2026-03-27,BOS,W,109,0022501067
2026-03-27,CLE,W,149,0022501068
2026-03-27,NOP,L,106,0022501071
2026-03-27,CHI,L,113,0022501070
2026-03-27,DAL,W,100,0022501074
2026-03-27,DEN,W,135,0022501072
2026-03-27,GSW,W,131,0022501073
2026-03-27,HOU,W,119,0022501069
2026-03-27,LAC,W,114,0022501066
2026-03-27,LAL,W,116,0022501075
2026-03-27,MIA,L,128,0022501068
2026-03-27,BKN,L,99,0022501075
2026-03-27,IND,L,113,0022501066
2026-03-27,POR,L,93,0022501074
2026-03-27,OKC,W,131,0022501070
2026-03-27,TOR,W,119,0022501071
2026-03-27,UTA,L,129,0022501072
2026-03-27,MEM,L,109,0022501069
2026-03-27,WAS,L,126,0022501073
2026-03-28,ATL,W,123,0022501078
2026-03-28,CHI,L,124,0022501079
2026-03-28,MIL,L,95,0022501076
2026-03-28,MIN,L,87,0022501080
2026-03-28,PHI,W,118,0022501077
2026-03-28,PHX,W,134,0022501081
2026-03-28,SAC,L,113,0022501078
2026-03-28,SAS,W,127,0022501076
2026-03-28,UTA,L,109,0022501081
2026-03-28,MEM,W,125,0022501079
2026-03-28,DET,W,109,0022501080
2026-03-28,CHA,L,114,0022501077
2026-03-29,BOS,W,114,0022501085
2026-03-29,NOP,L,102,0022501088
2026-03-29,DEN,W,116,0022501090
2026-03-29,GSW,L,93,0022501090
2026-03-29,HOU,W,134,0022501088
2026-03-29,LAC,W,127,0022501082
2026-03-29,MIA,L,118,0022501083
2026-03-29,MIL,L,113,0022501082
2026-03-29,BKN,W,116,0022501084
2026-03-29,NYK,L,100,0022501089
2026-03-29,ORL,L,87,0022501086
2026-03-29,IND,W,135,0022501083
2026-03-29,POR,W,123,0022501087
2026-03-29,SAC,L,99,0022501084
2026-03-29,OKC,W,111,0022501089
2026-03-29,TOR,W,139,0022501086
2026-03-29,WAS,L,88,0022501087
2026-03-29,CHA,L,99,0022501085
2026-03-30,ATL,W,112,0022501092
2026-03-30,BOS,L,102,0022501092
2026-03-30,CLE,W,122,0022501096
2026-03-30,CHI,L,114,0022501094
2026-03-30,DAL,L,94,0022501095
2026-03-30,LAL,W,120,0022501098
2026-03-30,MIA,W,119,0022501091
2026-03-30,MIN,W,124,0022501095
2026-03-30,PHI,L,109,0022501091
2026-03-30,PHX,W,131,0022501093
2026-03-30,SAS,W,129,0022501094
2026-03-30,OKC,W,114,0022501097
2026-03-30,UTA,L,113,0022501096
2026-03-30,MEM,L,105,0022501093
2026-03-30,WAS,L,101,0022501098
2026-03-30,DET,L,110,0022501097
2026-03-31,CLE,L,113,0022501103
2026-03-31,DAL,L,99,0022500652
2026-03-31,HOU,W,111,0022501102
2026-03-31,LAC,L,104,0022501104
2026-03-31,LAL,W,127,0022501103
2026-03-31,MIL,W,123,0022500652
2026-03-31,BKN,L,86,0022501100
2026-03-31,NYK,L,94,0022501102
2026-03-31,ORL,W,115,0022501099
2026-03-31,PHX,L,111,0022501099
2026-03-31,POR,W,114,0022501104
2026-03-31,TOR,L,116,0022501101
2026-03-31,DET,W,127,0022501101
2026-03-31,CHA,W,117,0022501100
2026-04-01,ATL,W,130,0022501107
2026-04-01,BOS,W,147,0022501106
2026-04-01,CHI,L,126,0022501109
2026-04-01,DEN,W,130,0022501112
2026-04-01,GSW,L,113,0022501113
2026-04-01,HOU,W,119,0022501110
2026-04-01,MIA,L,129,0022501106
2026-04-01,MIL,L,113,0022501110
2026-04-01,NYK,W,130,0022501003
2026-04-01,ORL,L,101,0022501107
2026-04-01,IND,W,145,0022501109
2026-04-01,PHI,W,153,0022501105
2026-04-01,SAC,W,123,0022501108
2026-04-01,SAS,W,127,0022501113
2026-04-01,TOR,L,115,0022501108
2026-04-01,UTA,L,117,0022501112
2026-04-01,MEM,L,119,0022501003
2026-04-01,WAS,L,131,0022501105
2026-04-02,CLE,W,118,0022501117
2026-04-02,NOP,L,106,0022501118
2026-04-02,GSW,L,111,0022501117
2026-04-02,LAC,L,99,0022501119
2026-04-02,LAL,L,96,0022501116
2026-04-02,MIN,L,108,0022501115
2026-04-02,PHX,L,107,0022501114
2026-04-02,POR,W,118,0022501118
2026-04-02,SAS,W,118,0022501119
2026-04-02,OKC,W,139,0022501116
2026-04-02,DET,W,113,0022501115
2026-04-02,CHA,W,127,0022501114
2026-04-03,ATL,W,141,0022501122
2026-04-03,BOS,W,133,0022501126
2026-04-03,NOP,L,113,0022501128
2026-04-03,CHI,L,96,0022501123
2026-04-03,DAL,L,127,0022501127
2026-04-03,HOU,W,140,0022501124
2026-04-03,MIL,L,101,0022501126
2026-04-03,MIN,L,103,0022501121
2026-04-03,BKN,L,107,0022501122
2026-04-03,NYK,W,136,0022501123
2026-04-03,ORL,W,138,0022501127
2026-04-03,IND,L,108,0022501120
2026-04-03,PHI,W,115,0022501121
2026-04-03,SAC,W,117,0022501128
2026-04-03,TOR,W,128,0022501125
2026-04-03,UTA,L,106,0022501124
2026-04-03,MEM,L,96,0022501125
2026-04-03,CHA,W,129,0022501120
2026-04-04,DEN,W,136,0022501130
2026-04-04,MIA,W,152,0022501129
2026-04-04,PHI,L,93,0022501131
2026-04-04,SAS,L,134,0022501130
2026-04-04,WAS,L,136,0022501129
2026-04-04,DET,W,116,0022501131
2026-04-05,BOS,W,115,0022501132
2026-04-05,CLE,W,117,0022501136
2026-04-05,NOP,L,108,0022501138
2026-04-05,CHI,L,110,0022501134
2026-04-05,DAL,W,134,0022501140
2026-04-05,GSW,L,116,0022501142
2026-04-05,HOU,W,117,0022501142
2026-04-05,LAC,W,138,0022501141
2026-04-05,LAL,L,128,0022501140
2026-04-05,MIL,W,131,0022501135
2026-04-05,MIN,L,108,0022501137
2026-04-05,BKN,W,121,0022501133
2026-04-05,ORL,W,112,0022501138
2026-04-05,IND,L,108,0022501136
2026-04-05,PHX,W,120,0022501134
2026-04-05,SAC,L,109,0022501141
2026-04-05,OKC,W,146,0022501139
2026-04-05,TOR,L,101,0022501132
2026-04-05,UTA,L,111,0022501139
2026-04-05,MEM,L,115,0022501135
2026-04-05,WAS,L,115,0022501133
2026-04-05,CHA,W,122,0022501137
2026-04-06,ATL,L,105,0022501143
2026-04-06,CLE,W,142,0022501145
2026-04-06,DEN,W,137,0022501147
2026-04-06,NYK,W,108,0022501143
2026-04-06,ORL,W,123,0022501144
2026-04-06,PHI,L,102,0022501146
2026-04-06,POR,L,132,0022501147
2026-04-06,SAS,W,115,0022501146
2026-04-06,MEM,L,126,0022501145
2026-04-06,DET,L,107,0022501144
2026-04-07,BOS,W,113,0022501149
2026-04-07,NOP,W,156,0022501153
2026-04-07,CHI,W,129,0022501148
2026-04-07,DAL,L,103,0022501156
2026-04-07,GSW,W,110,0022501154
2026-04-07,HOU,W,119,0022501157
2026-04-07,LAC,W,116,0022501156
2026-04-07,LAL,L,87,0022501155
2026-04-07,MIA,L,95,0022501151
2026-04-07,MIL,L,90,0022501150
2026-04-07,MIN,W,124,0022501152
2026-04-07,BKN,W,96,0022501150
2026-04-07,IND,L,104,0022501152
2026-04-07,PHX,L,105,0022501157
2026-04-07,SAC,L,105,0022501154
2026-04-07,OKC,W,123,0022501155
2026-04-07,TOR,W,121,0022501151
2026-04-07,UTA,L,137,0022501153
2026-04-07,WAS,L,98,0022501148
2026-04-07,CHA,L,102,0022501149
2026-04-08,ATL,L,116,0022501158
2026-04-08,CLE,W,122,0022501158
2026-04-08,DAL,L,107,0022501164
2026-04-08,DEN,W,136,0022501162
2026-04-08,LAC,L,110,0022501163
2026-04-08,MIL,L,111,0022501160
2026-04-08,MIN,L,120,0022501159
2026-04-08,ORL,W,132,0022501159
2026-04-08,PHX,W,112,0022501164
2026-04-08,POR,L,101,0022501161
2026-04-08,SAS,W,112,0022501161
2026-04-08,OKC,W,128,0022501163
2026-04-08,MEM,L,119,0022501162
2026-04-08,DET,W,137,0022501160
2026-04-09,BOS,L,106,0022501168
2026-04-09,CHI,W,119,0022501166
2026-04-09,GSW,L,103,0022501170
2026-04-09,HOU,W,113,0022501169
2026-04-09,LAL,W,119,0022501170
2026-04-09,MIA,L,114,0022501165
2026-04-09,BKN,L,94,0022501167
2026-04-09,NYK,W,112,0022501168
2026-04-09,IND,W,123,0022501167
2026-04-09,PHI,L,102,0022501169
2026-04-09,TOR,W,128,0022501165
2026-04-09,WAS,L,108,0022501166
2026-04-10,ATL,W,124,0022501173
2026-04-10,BOS,W,144,0022501174
2026-04-10,CLE,L,102,0022501173
2026-04-10,NOP,L,118,0022501174
2026-04-10,CHI,L,103,0022501177
2026-04-10,DAL,L,120,0022501180
2026-04-10,DEN,W,127,0022501182
2026-04-10,GSW,L,118,0022501184
2026-04-10,HOU,L,132,0022501178
2026-04-10,LAC,L,97,0022501183
2026-04-10,LAL,W,101,0022501185
2026-04-10,MIA,W,140,0022501172
2026-04-10,MIL,W,125,0022501179
2026-04-10,MIN,W,136,0022501178
2026-04-10,BKN,L,108,0022501179
2026-04-10,NYK,W,112,0022501176
2026-04-10,ORL,W,127,0022501177
2026-04-10,IND,L,94,0022501175
2026-04-10,PHI,W,105,0022501175
2026-04-10,PHX,L,73,0022501185
2026-04-10,POR,W,116,0022501183
2026-04-10,SAC,W,124,0022501184
2026-04-10,SAS,W,139,0022501180
2026-04-10,OKC,L,107,0022501182
2026-04-10,TOR,L,95,0022501176
2026-04-10,UTA,W,147,0022501181
2026-04-10,MEM,L,101,0022501181
2026-04-10,WAS,L,117,0022501172
2026-04-10,DET,W,118,0022501171
2026-04-10,CHA,L,100,0022501171
2026-04-12,ATL,L,117,0022501189
2026-04-12,BOS,W,113,0022501186
2026-04-12,CLE,W,130,0022501187
2026-04-12,NOP,L,126,0022501195
2026-04-12,CHI,L,128,0022501193
2026-04-12,DAL,W,149,0022501193
2026-04-12,DEN,W,128,0022501197
2026-04-12,GSW,L,110,0022501199
2026-04-12,HOU,W,132,0022501194
2026-04-12,LAC,W,115,0022501199
2026-04-12,LAL,W,131,0022501198
2026-04-12,MIA,W,143,0022501189
2026-04-12,MIL,L,106,0022501191
2026-04-12,MIN,W,132,0022501195
2026-04-12,BKN,L,101,0022501192
2026-04-12,NYK,L,96,0022501190
2026-04-12,ORL,L,108,0022501186
2026-04-12,IND,L,121,0022501188
2026-04-12,PHI,W,126,0022501191
2026-04-12,PHX,W,135,0022501196
2026-04-12,POR,W,122,0022501200
2026-04-12,SAC,L,110,0022501200
2026-04-12,SAS,L,118,0022501197
2026-04-12,OKC,L,103,0022501196
2026-04-12,TOR,W,136,0022501192
2026-04-12,UTA,L,107,0022501198
2026-04-12,MEM,L,101,0022501194
2026-04-12,WAS,L,117,0022501187
2026-04-12,DET,W,133,0022501188
2026-04-12,CHA,W,110,0022501190
