Player,From,To,Season
A.J. Lawson,Dallas Mavericks,Dallas Mavericks,2023
A.J. Lawson,Dallas Mavericks,Toronto Raptors,2024
A.J. Lawson,Toronto Raptors,Toronto Raptors,2025
Aaron Holiday,Indiana Pacers,Phoenix Suns,2021
Aaron Holiday,Phoenix Suns,Atlanta Hawks,2022
Aaron Holiday,Atlanta Hawks,Houston Rockets,2023
Aaron Holiday,Houston Rockets,Houston Rockets,2024
Aaron Holiday,Houston Rockets,Houston Rockets,2025
Aaron Nesmith,Boston Celtics,Boston Celtics,2021
Aaron Nesmith,Boston Celtics,Indiana Pacers,2022
Aaron Nesmith,Indiana Pacers,Indiana Pacers,2023
Aaron Nesmith,Indiana Pacers,Indiana Pacers,2024
Aaron Nesmith,Indiana Pacers,Indiana Pacers,2025
Al Horford,Boston Celtics,Boston Celtics,2021
Al Horford,Boston Celtics,Boston Celtics,2022
Al Horford,Boston Celtics,Boston Celtics,2023
Al Horford,Boston Celtics,Boston Celtics,2024
Al Horford,Boston Celtics,Golden State Warriors,2025
Alec Burks,New York Knicks,New York Knicks,2021
Alec Burks,New York Knicks,Detroit Pistons,2022
Alec Burks,Detroit Pistons,New York Knicks,2023
Alec Burks,New York Knicks,Miami Heat,2024
Aleksej Pokusevski,Oklahoma City Thunder,Oklahoma City Thunder,2021
Aleksej Pokusevski,Oklahoma City Thunder,Oklahoma City Thunder,2022
Aleksej Pokusevski,Oklahoma City Thunder,Charlotte Hornets,2023
Alex Caruso,Los Angeles Lakers,Chicago Bulls,2021
Alex Caruso,Chicago Bulls,Chicago Bulls,2022
Alex Caruso,Chicago Bulls,Chicago Bulls,2023
Alex Caruso,Chicago Bulls,Oklahoma City Thunder,2024
Alex Caruso,Oklahoma City Thunder,Oklahoma City Thunder,2025
Alex Len,Washington Wizards,Sacramento Kings,2021
Alex Len,Sacramento Kings,Sacramento Kings,2022
Alex Len,Sacramento Kings,Sacramento Kings,2023
Alex Len,Sacramento Kings,Los Angeles Lakers,2024
Amir Coffey,Los Angeles Clippers,Los Angeles Clippers,2021
Amir Coffey,Los Angeles Clippers,Los Angeles Clippers,2022
Amir Coffey,Los Angeles Clippers,Los Angeles Clippers,2023
Amir Coffey,Los Angeles Clippers,Los Angeles Clippers,2024
Amir Coffey,Los Angeles Clippers,Milwaukee Bucks,2025
Andre Drummond,Los Angeles Lakers,Brooklyn Nets,2021
Andre Drummond,Brooklyn Nets,Chicago Bulls,2022
Andre Drummond,Chicago Bulls,Chicago Bulls,2023
Andre Drummond,Chicago Bulls,Philadelphia 76ers,2024
Andre Drummond,Philadelphia 76ers,Philadelphia 76ers,2025
Andre Iguodala,Miami Heat,Golden State Warriors,2021
Andre Iguodala,Golden State Warriors,Golden State Warriors,2022
Andrew Wiggins,Golden State Warriors,Golden State Warriors,2021
Andrew Wiggins,Golden State Warriors,Golden State Warriors,2022
Andrew Wiggins,Golden State Warriors,Golden State Warriors,2023
Andrew Wiggins,Golden State Warriors,Miami Heat,2024
Andrew Wiggins,Miami Heat,Miami Heat,2025
Anfernee Simons,Portland Trail Blazers,Portland Trail Blazers,2021
Anfernee Simons,Portland Trail Blazers,Portland Trail Blazers,2022
Anfernee Simons,Portland Trail Blazers,Portland Trail Blazers,2023
Anfernee Simons,Portland Trail Blazers,Portland Trail Blazers,2024
Anfernee Simons,Portland Trail Blazers,Boston Celtics,2025
Anthony Davis,Los Angeles Lakers,Los Angeles Lakers,2021
Anthony Davis,Los Angeles Lakers,Los Angeles Lakers,2022
Anthony Davis,Los Angeles Lakers,Los Angeles Lakers,2023
Anthony Davis,Los Angeles Lakers,Dallas Mavericks,2024
Anthony Davis,Dallas Mavericks,Dallas Mavericks,2025
Anthony Lamb,Houston Rockets,Houston Rockets,2021
Anthony Lamb,Houston Rockets,Golden State Warriors,2022
Antonio Reeves,New Orleans Pelicans,Charlotte Hornets,2025
Armoni Brooks,Houston Rockets,Toronto Raptors,2021
Austin Rivers,Denver Nuggets,Denver Nuggets,2021
Austin Rivers,Denver Nuggets,Minnesota Timberwolves,2022
Avery Bradley,Houston Rockets,Los Angeles Lakers,2021
Ben McLemore,Los Angeles Lakers,Portland Trail Blazers,2021
Ben Simmons,Philadelphia 76ers,Brooklyn Nets,2021
Ben Simmons,Brooklyn Nets,Brooklyn Nets,2022
Ben Simmons,Brooklyn Nets,Brooklyn Nets,2023
Ben Simmons,Brooklyn Nets,Los Angeles Clippers,2024
Bismack Biyombo,Charlotte Hornets,Phoenix Suns,2021
Bismack Biyombo,Phoenix Suns,Phoenix Suns,2022
Bismack Biyombo,Phoenix Suns,Oklahoma City Thunder,2023
Bismack Biyombo,Oklahoma City Thunder,San Antonio Spurs,2024
Bismack Biyombo,San Antonio Spurs,San Antonio Spurs,2025
Blake Griffin,Brooklyn Nets,Brooklyn Nets,2021
Blake Griffin,Brooklyn Nets,Boston Celtics,2022
Blake Wesley,San Antonio Spurs,San Antonio Spurs,2023
Blake Wesley,San Antonio Spurs,San Antonio Spurs,2024
Blake Wesley,San Antonio Spurs,Portland Trail Blazers,2025
Boban Marjanovic,Dallas Mavericks,Dallas Mavericks,2021
Boban Marjanovic,Dallas Mavericks,Houston Rockets,2022
Boban Marjanovic,Houston Rockets,Houston Rockets,2023
Bogdan Bogdanović,Atlanta Hawks,Atlanta Hawks,2021
Bogdan Bogdanović,Atlanta Hawks,Atlanta Hawks,2022
Bogdan Bogdanović,Atlanta Hawks,Atlanta Hawks,2023
Bogdan Bogdanović,Atlanta Hawks,Los Angeles Clippers,2024
Bogdan Bogdanović,Los Angeles Clippers,Los Angeles Clippers,2025
Bojan Bogdanovic,Utah Jazz,Utah Jazz,2021
Bojan Bogdanovic,Utah Jazz,Detroit Pistons,2022
Bojan Bogdanovic,Detroit Pistons,New York Knicks,2023
Bol Bol,Denver Nuggets,Orlando Magic,2021
Bol Bol,Orlando Magic,Orlando Magic,2022
Bol Bol,Orlando Magic,Phoenix Suns,2023
Bol Bol,Phoenix Suns,Phoenix Suns,2024
Bones Hyland,Denver Nuggets,Los Angeles Clippers,2022
Bones Hyland,Los Angeles Clippers,Los Angeles Clippers,2023
Bones Hyland,Los Angeles Clippers,Minnesota Timberwolves,2024
Bones Hyland,Minnesota Timberwolves,Minnesota Timberwolves,2025
Bradley Beal,Washington Wizards,Washington Wizards,2021
Bradley Beal,Washington Wizards,Washington Wizards,2022
Bradley Beal,Washington Wizards,Phoenix Suns,2023
Bradley Beal,Phoenix Suns,Phoenix Suns,2024
Bradley Beal,Phoenix Suns,Los Angeles Clippers,2025
Brandon Boston,Los Angeles Clippers,Los Angeles Clippers,2022
Brandon Boston,Los Angeles Clippers,Los Angeles Clippers,2023
Brandon Boston,Los Angeles Clippers,New Orleans Pelicans,2024
Brandon Goodwin,Atlanta Hawks,Cleveland Cavaliers,2021
Brandon Ingram,New Orleans Pelicans,New Orleans Pelicans,2021
Brandon Ingram,New Orleans Pelicans,New Orleans Pelicans,2022
Brandon Ingram,New Orleans Pelicans,New Orleans Pelicans,2023
Brandon Ingram,New Orleans Pelicans,Toronto Raptors,2024
Brandon Ingram,Toronto Raptors,Toronto Raptors,2025
Brandon Williams,Portland Trail Blazers,Dallas Mavericks,2023
Brandon Williams,Dallas Mavericks,Dallas Mavericks,2024
Brandon Williams,Dallas Mavericks,Dallas Mavericks,2025
Braxton Key,Detroit Pistons,Denver Nuggets,2023
Braxton Key,Denver Nuggets,Golden State Warriors,2024
Brodric Thomas,Cleveland Cavaliers,Boston Celtics,2021
Brook Lopez,Milwaukee Bucks,Milwaukee Bucks,2021
Brook Lopez,Milwaukee Bucks,Milwaukee Bucks,2022
Brook Lopez,Milwaukee Bucks,Milwaukee Bucks,2023
Brook Lopez,Milwaukee Bucks,Milwaukee Bucks,2024
Brook Lopez,Milwaukee Bucks,Los Angeles Clippers,2025
Bruce Brown,Brooklyn Nets,Brooklyn Nets,2021
Bruce Brown,Brooklyn Nets,Denver Nuggets,2022
Bruce Brown,Denver Nuggets,Toronto Raptors,2023
Bruce Brown,Toronto Raptors,New Orleans Pelicans,2024
Bruce Brown,New Orleans Pelicans,Denver Nuggets,2025
Bruno Fernando,Atlanta Hawks,Houston Rockets,2021
Bruno Fernando,Houston Rockets,Atlanta Hawks,2022
Bruno Fernando,Atlanta Hawks,Atlanta Hawks,2023
Bryce McGowens,Charlotte Hornets,Charlotte Hornets,2023
Bryce McGowens,Charlotte Hornets,Portland Trail Blazers,2024
Bryce McGowens,Portland Trail Blazers,New Orleans Pelicans,2025
Bryn Forbes,Milwaukee Bucks,Denver Nuggets,2021
Buddy Hield,Sacramento Kings,Indiana Pacers,2021
Buddy Hield,Indiana Pacers,Indiana Pacers,2022
Buddy Hield,Indiana Pacers,Philadelphia 76ers,2023
Buddy Hield,Philadelphia 76ers,Golden State Warriors,2024
Buddy Hield,Golden State Warriors,Golden State Warriors,2025
CJ McCollum,Portland Trail Blazers,New Orleans Pelicans,2021
CJ McCollum,New Orleans Pelicans,New Orleans Pelicans,2022
CJ McCollum,New Orleans Pelicans,New Orleans Pelicans,2023
CJ McCollum,New Orleans Pelicans,New Orleans Pelicans,2024
CJ McCollum,New Orleans Pelicans,Washington Wizards,2025
Caleb Houstan,Orlando Magic,Orlando Magic,2023
Caleb Houstan,Orlando Magic,Orlando Magic,2024
Caleb Houstan,Orlando Magic,Atlanta Hawks,2025
Caleb Martin,Charlotte Hornets,Miami Heat,2021
Caleb Martin,Miami Heat,Miami Heat,2022
Caleb Martin,Miami Heat,Miami Heat,2023
Caleb Martin,Miami Heat,Dallas Mavericks,2024
Caleb Martin,Dallas Mavericks,Dallas Mavericks,2025
Cam Reddish,Atlanta Hawks,New York Knicks,2021
Cam Reddish,New York Knicks,Portland Trail Blazers,2022
Cam Reddish,Portland Trail Blazers,Los Angeles Lakers,2023
Cam Whitmore,Houston Rockets,Houston Rockets,2024
Cam Whitmore,Houston Rockets,Washington Wizards,2025
Cameron Johnson,Phoenix Suns,Phoenix Suns,2021
Cameron Johnson,Phoenix Suns,Brooklyn Nets,2022
Cameron Johnson,Brooklyn Nets,Brooklyn Nets,2023
Cameron Johnson,Brooklyn Nets,Brooklyn Nets,2024
Cameron Johnson,Brooklyn Nets,Denver Nuggets,2025
Cameron Payne,Phoenix Suns,Phoenix Suns,2021
Cameron Payne,Phoenix Suns,Phoenix Suns,2022
Cameron Payne,Phoenix Suns,Philadelphia 76ers,2023
Cameron Payne,Philadelphia 76ers,New York Knicks,2024
Caris LeVert,Indiana Pacers,Cleveland Cavaliers,2021
Caris LeVert,Cleveland Cavaliers,Cleveland Cavaliers,2022
Caris LeVert,Cleveland Cavaliers,Cleveland Cavaliers,2023
Caris LeVert,Cleveland Cavaliers,Atlanta Hawks,2024
Caris LeVert,Atlanta Hawks,Detroit Pistons,2025
Carmelo Anthony,Portland Trail Blazers,Los Angeles Lakers,2021
Carsen Edwards,Boston Celtics,Detroit Pistons,2021
Cedi Osman,Cleveland Cavaliers,Cleveland Cavaliers,2021
Cedi Osman,Cleveland Cavaliers,Cleveland Cavaliers,2022
Cedi Osman,Cleveland Cavaliers,San Antonio Spurs,2023
Charles Bassey,Philadelphia 76ers,San Antonio Spurs,2022
Charles Bassey,San Antonio Spurs,San Antonio Spurs,2023
Charles Bassey,San Antonio Spurs,San Antonio Spurs,2024
Charlie Brown Jr.,Oklahoma City Thunder,Philadelphia 76ers,2021
Charlie Brown Jr.,Philadelphia 76ers,New York Knicks,2023
Chimezie Metu,Sacramento Kings,Sacramento Kings,2021
Chimezie Metu,Sacramento Kings,Sacramento Kings,2022
Chimezie Metu,Sacramento Kings,Detroit Pistons,2023
Chris Boucher,Toronto Raptors,Toronto Raptors,2021
Chris Boucher,Toronto Raptors,Toronto Raptors,2022
Chris Boucher,Toronto Raptors,Toronto Raptors,2023
Chris Boucher,Toronto Raptors,Toronto Raptors,2024
Chris Boucher,Toronto Raptors,Boston Celtics,2025
Chris Chiozza,Brooklyn Nets,Golden State Warriors,2021
Chris Duarte,Indiana Pacers,Indiana Pacers,2022
Chris Duarte,Indiana Pacers,Sacramento Kings,2023
Chris Paul,Phoenix Suns,Phoenix Suns,2021
Chris Paul,Phoenix Suns,Phoenix Suns,2022
Chris Paul,Phoenix Suns,Golden State Warriors,2023
Chris Paul,Golden State Warriors,San Antonio Spurs,2024
Chris Paul,San Antonio Spurs,Los Angeles Clippers,2025
Christian Koloko,Toronto Raptors,Los Angeles Lakers,2024
Christian Koloko,Los Angeles Lakers,Los Angeles Lakers,2025
Christian Wood,Houston Rockets,Houston Rockets,2021
Christian Wood,Houston Rockets,Dallas Mavericks,2022
Christian Wood,Dallas Mavericks,Los Angeles Lakers,2023
Chuma Okeke,Orlando Magic,Orlando Magic,2021
Chuma Okeke,Orlando Magic,Orlando Magic,2022
Chuma Okeke,Orlando Magic,Orlando Magic,2023
Chuma Okeke,Orlando Magic,Cleveland Cavaliers,2024
Clint Capela,Atlanta Hawks,Atlanta Hawks,2021
Clint Capela,Atlanta Hawks,Atlanta Hawks,2022
Clint Capela,Atlanta Hawks,Atlanta Hawks,2023
Clint Capela,Atlanta Hawks,Atlanta Hawks,2024
Clint Capela,Atlanta Hawks,Houston Rockets,2025
Cody Martin,Charlotte Hornets,Charlotte Hornets,2021
Cody Martin,Charlotte Hornets,Charlotte Hornets,2022
Cody Martin,Charlotte Hornets,Charlotte Hornets,2023
Cody Martin,Charlotte Hornets,Phoenix Suns,2024
Cody Zeller,Charlotte Hornets,Miami Heat,2022
Cody Zeller,Miami Heat,New Orleans Pelicans,2023
Colby Jones,Sacramento Kings,Washington Wizards,2024
Colby Jones,Washington Wizards,Detroit Pistons,2025
Cole Anthony,Orlando Magic,Orlando Magic,2021
Cole Anthony,Orlando Magic,Orlando Magic,2022
Cole Anthony,Orlando Magic,Orlando Magic,2023
Cole Anthony,Orlando Magic,Memphis Grizzlies,2024
Cole Anthony,Memphis Grizzlies,Milwaukee Bucks,2025
Cole Swider,Los Angeles Lakers,Miami Heat,2023
Colin Castleton,Los Angeles Lakers,Toronto Raptors,2024
Colin Castleton,Toronto Raptors,Orlando Magic,2025
Collin Gillespie,Denver Nuggets,Denver Nuggets,2023
Collin Gillespie,Denver Nuggets,Phoenix Suns,2024
Collin Gillespie,Phoenix Suns,Phoenix Suns,2025
Collin Sexton,Cleveland Cavaliers,Cleveland Cavaliers,2021
Collin Sexton,Cleveland Cavaliers,Utah Jazz,2022
Collin Sexton,Utah Jazz,Utah Jazz,2023
Collin Sexton,Utah Jazz,Utah Jazz,2024
Collin Sexton,Utah Jazz,Charlotte Hornets,2025
Cory Joseph,Detroit Pistons,Detroit Pistons,2021
Cory Joseph,Detroit Pistons,Detroit Pistons,2022
Cory Joseph,Detroit Pistons,Orlando Magic,2024
D'Angelo Russell,Minnesota Timberwolves,Minnesota Timberwolves,2021
D'Angelo Russell,Minnesota Timberwolves,Los Angeles Lakers,2022
D'Angelo Russell,Los Angeles Lakers,Los Angeles Lakers,2023
D'Angelo Russell,Los Angeles Lakers,Brooklyn Nets,2024
D'Angelo Russell,Brooklyn Nets,Dallas Mavericks,2025
D.J. Augustin,Houston Rockets,Los Angeles Lakers,2021
D.J. Augustin,Los Angeles Lakers,Houston Rockets,2022
DaQuan Jeffries,San Antonio Spurs,New York Knicks,2022
DaQuan Jeffries,New York Knicks,New York Knicks,2023
DaQuan Jeffries,New York Knicks,Charlotte Hornets,2024
Daeqwon Plowden,Atlanta Hawks,Sacramento Kings,2025
Daishen Nix,Houston Rockets,Houston Rockets,2022
Daishen Nix,Houston Rockets,Minnesota Timberwolves,2023
Dalano Banton,Toronto Raptors,Toronto Raptors,2022
Dalano Banton,Toronto Raptors,Portland Trail Blazers,2023
Dalano Banton,Portland Trail Blazers,Portland Trail Blazers,2024
Damian Jones,Sacramento Kings,Sacramento Kings,2021
Damian Jones,Sacramento Kings,Utah Jazz,2022
Damian Jones,Utah Jazz,Cleveland Cavaliers,2023
Damian Lillard,Portland Trail Blazers,Portland Trail Blazers,2021
Damian Lillard,Portland Trail Blazers,Portland Trail Blazers,2022
Damian Lillard,Portland Trail Blazers,Milwaukee Bucks,2023
Damian Lillard,Milwaukee Bucks,Milwaukee Bucks,2024
Damian Lillard,Milwaukee Bucks,Portland Trail Blazers,2025
Damion Lee,Golden State Warriors,Golden State Warriors,2021
Damion Lee,Golden State Warriors,Phoenix Suns,2022
Damion Lee,Phoenix Suns,Phoenix Suns,2023
Damion Lee,Phoenix Suns,Phoenix Suns,2024
Daniel Gafford,Washington Wizards,Washington Wizards,2021
Daniel Gafford,Washington Wizards,Washington Wizards,2022
Daniel Gafford,Washington Wizards,Dallas Mavericks,2023
Daniel Gafford,Dallas Mavericks,Dallas Mavericks,2024
Daniel Gafford,Dallas Mavericks,Dallas Mavericks,2025
Daniel Theis,Chicago Bulls,Boston Celtics,2021
Daniel Theis,Boston Celtics,Indiana Pacers,2022
Daniel Theis,Indiana Pacers,Los Angeles Clippers,2023
Danilo Gallinari,Atlanta Hawks,Atlanta Hawks,2021
Danilo Gallinari,Atlanta Hawks,Boston Celtics,2022
Danilo Gallinari,Boston Celtics,Milwaukee Bucks,2023
Danny Green,Philadelphia 76ers,Philadelphia 76ers,2021
Danny Green,Philadelphia 76ers,Cleveland Cavaliers,2022
Danté Exum,Houston Rockets,Dallas Mavericks,2023
Danté Exum,Dallas Mavericks,Dallas Mavericks,2024
Danté Exum,Dallas Mavericks,Dallas Mavericks,2025
Danuel House Jr.,Houston Rockets,Utah Jazz,2021
Danuel House Jr.,Utah Jazz,Philadelphia 76ers,2022
Dario Šarić,Phoenix Suns,Phoenix Suns,2021
Dario Šarić,Phoenix Suns,Oklahoma City Thunder,2022
Dario Šarić,Oklahoma City Thunder,Golden State Warriors,2023
Dario Šarić,Golden State Warriors,Denver Nuggets,2024
Dario Šarić,Denver Nuggets,Sacramento Kings,2025
Darius Bazley,Oklahoma City Thunder,Oklahoma City Thunder,2021
Darius Bazley,Oklahoma City Thunder,Phoenix Suns,2022
Darius Bazley,Phoenix Suns,Utah Jazz,2023
David Duke Jr.,Brooklyn Nets,Brooklyn Nets,2022
David Duke Jr.,Brooklyn Nets,San Antonio Spurs,2023
David Duke Jr.,San Antonio Spurs,San Antonio Spurs,2024
David Roddy,Memphis Grizzlies,Phoenix Suns,2023
David Roddy,Phoenix Suns,Houston Rockets,2024
Davion Mitchell,Sacramento Kings,Sacramento Kings,2022
Davion Mitchell,Sacramento Kings,Sacramento Kings,2023
Davion Mitchell,Sacramento Kings,Miami Heat,2024
Davion Mitchell,Miami Heat,Miami Heat,2025
Davis Bertans,Washington Wizards,Dallas Mavericks,2021
Davis Bertans,Dallas Mavericks,Dallas Mavericks,2022
Davis Bertans,Dallas Mavericks,Charlotte Hornets,2023
De'Aaron Fox,Sacramento Kings,Sacramento Kings,2021
De'Aaron Fox,Sacramento Kings,Sacramento Kings,2022
De'Aaron Fox,Sacramento Kings,Sacramento Kings,2023
De'Aaron Fox,Sacramento Kings,San Antonio Spurs,2024
De'Aaron Fox,San Antonio Spurs,San Antonio Spurs,2025
De'Andre Hunter,Atlanta Hawks,Atlanta Hawks,2021
De'Andre Hunter,Atlanta Hawks,Atlanta Hawks,2022
De'Andre Hunter,Atlanta Hawks,Atlanta Hawks,2023
De'Andre Hunter,Atlanta Hawks,Cleveland Cavaliers,2024
De'Andre Hunter,Cleveland Cavaliers,Cleveland Cavaliers,2025
De'Anthony Melton,Memphis Grizzlies,Memphis Grizzlies,2021
De'Anthony Melton,Memphis Grizzlies,Philadelphia 76ers,2022
De'Anthony Melton,Philadelphia 76ers,Philadelphia 76ers,2023
De'Anthony Melton,Philadelphia 76ers,Brooklyn Nets,2024
De'Anthony Melton,Brooklyn Nets,Golden State Warriors,2025
DeAndre Jordan,Brooklyn Nets,Philadelphia 76ers,2021
DeAndre Jordan,Philadelphia 76ers,Denver Nuggets,2022
DeAndre Jordan,Denver Nuggets,Denver Nuggets,2023
DeAndre Jordan,Denver Nuggets,Denver Nuggets,2024
DeMar DeRozan,San Antonio Spurs,Chicago Bulls,2021
DeMar DeRozan,Chicago Bulls,Chicago Bulls,2022
DeMar DeRozan,Chicago Bulls,Chicago Bulls,2023
DeMar DeRozan,Chicago Bulls,Sacramento Kings,2024
DeMar DeRozan,Sacramento Kings,Sacramento Kings,2025
DeMarcus Cousins,Los Angeles Clippers,Denver Nuggets,2021
Deandre Ayton,Phoenix Suns,Phoenix Suns,2021
Deandre Ayton,Phoenix Suns,Phoenix Suns,2022
Deandre Ayton,Phoenix Suns,Portland Trail Blazers,2023
Deandre Ayton,Portland Trail Blazers,Portland Trail Blazers,2024
Deandre Ayton,Portland Trail Blazers,Los Angeles Lakers,2025
Dejounte Murray,San Antonio Spurs,San Antonio Spurs,2021
Dejounte Murray,San Antonio Spurs,Atlanta Hawks,2022
Dejounte Murray,Atlanta Hawks,Atlanta Hawks,2023
Dejounte Murray,Atlanta Hawks,New Orleans Pelicans,2024
Dejounte Murray,New Orleans Pelicans,New Orleans Pelicans,2025
Delon Wright,Sacramento Kings,Atlanta Hawks,2021
Delon Wright,Atlanta Hawks,Washington Wizards,2022
Delon Wright,Washington Wizards,Miami Heat,2023
Delon Wright,Miami Heat,New York Knicks,2024
Deni Avdija,Washington Wizards,Washington Wizards,2021
Deni Avdija,Washington Wizards,Washington Wizards,2022
Deni Avdija,Washington Wizards,Washington Wizards,2023
Deni Avdija,Washington Wizards,Portland Trail Blazers,2024
Deni Avdija,Portland Trail Blazers,Portland Trail Blazers,2025
Dennis Schröder,Los Angeles Lakers,Houston Rockets,2021
Dennis Schröder,Houston Rockets,Los Angeles Lakers,2022
Dennis Schröder,Los Angeles Lakers,Brooklyn Nets,2023
Dennis Schröder,Brooklyn Nets,Detroit Pistons,2024
Dennis Schröder,Detroit Pistons,Sacramento Kings,2025
Dennis Smith Jr.,Detroit Pistons,Charlotte Hornets,2022
Dennis Smith Jr.,Charlotte Hornets,Brooklyn Nets,2023
Derrick Favors,Utah Jazz,Oklahoma City Thunder,2021
Derrick Jones Jr.,Portland Trail Blazers,Chicago Bulls,2021
Derrick Jones Jr.,Chicago Bulls,Chicago Bulls,2022
Derrick Jones Jr.,Chicago Bulls,Dallas Mavericks,2023
Derrick Jones Jr.,Dallas Mavericks,Los Angeles Clippers,2024
Derrick Jones Jr.,Los Angeles Clippers,Los Angeles Clippers,2025
Derrick Rose,New York Knicks,New York Knicks,2021
Derrick Rose,New York Knicks,New York Knicks,2022
Derrick Rose,New York Knicks,Memphis Grizzlies,2023
Derrick White,San Antonio Spurs,Boston Celtics,2021
Derrick White,Boston Celtics,Boston Celtics,2022
Derrick White,Boston Celtics,Boston Celtics,2023
Derrick White,Boston Celtics,Boston Celtics,2024
Derrick White,Boston Celtics,Boston Celtics,2025
Desmond Bane,Memphis Grizzlies,Memphis Grizzlies,2021
Desmond Bane,Memphis Grizzlies,Memphis Grizzlies,2022
Desmond Bane,Memphis Grizzlies,Memphis Grizzlies,2023
Desmond Bane,Memphis Grizzlies,Orlando Magic,2024
Desmond Bane,Orlando Magic,Orlando Magic,2025
Devontae Cacok,Los Angeles Lakers,San Antonio Spurs,2021
Devonte' Graham,Charlotte Hornets,New Orleans Pelicans,2021
Devonte' Graham,New Orleans Pelicans,San Antonio Spurs,2022
Devonte' Graham,San Antonio Spurs,San Antonio Spurs,2023
Dewayne Dedmon,Miami Heat,Miami Heat,2021
Dewayne Dedmon,Miami Heat,Philadelphia 76ers,2022
Didi Louzada,New Orleans Pelicans,Portland Trail Blazers,2021
Dillon Brooks,Memphis Grizzlies,Memphis Grizzlies,2021
Dillon Brooks,Memphis Grizzlies,Memphis Grizzlies,2022
Dillon Brooks,Memphis Grizzlies,Houston Rockets,2023
Dillon Brooks,Houston Rockets,Houston Rockets,2024
Dillon Brooks,Houston Rockets,Phoenix Suns,2025
Domantas Sabonis,Indiana Pacers,Sacramento Kings,2021
Domantas Sabonis,Sacramento Kings,Sacramento Kings,2022
Domantas Sabonis,Sacramento Kings,Sacramento Kings,2023
Domantas Sabonis,Sacramento Kings,Sacramento Kings,2024
Domantas Sabonis,Sacramento Kings,Sacramento Kings,2025
Dominick Barlow,San Antonio Spurs,San Antonio Spurs,2023
Dominick Barlow,San Antonio Spurs,Atlanta Hawks,2024
Dominick Barlow,Atlanta Hawks,Philadelphia 76ers,2025
Donovan Mitchell,Utah Jazz,Utah Jazz,2021
Donovan Mitchell,Utah Jazz,Cleveland Cavaliers,2022
Donovan Mitchell,Cleveland Cavaliers,Cleveland Cavaliers,2023
Donovan Mitchell,Cleveland Cavaliers,Cleveland Cavaliers,2024
Donovan Mitchell,Cleveland Cavaliers,Cleveland Cavaliers,2025
Donte DiVincenzo,Milwaukee Bucks,Sacramento Kings,2021
Donte DiVincenzo,Sacramento Kings,Golden State Warriors,2022
Donte DiVincenzo,Golden State Warriors,New York Knicks,2023
Donte DiVincenzo,New York Knicks,Minnesota Timberwolves,2024
Donte DiVincenzo,Minnesota Timberwolves,Minnesota Timberwolves,2025
Dorian Finney-Smith,Dallas Mavericks,Dallas Mavericks,2021
Dorian Finney-Smith,Dallas Mavericks,Brooklyn Nets,2022
Dorian Finney-Smith,Brooklyn Nets,Brooklyn Nets,2023
Dorian Finney-Smith,Brooklyn Nets,Los Angeles Lakers,2024
Dorian Finney-Smith,Los Angeles Lakers,Houston Rockets,2025
Doug McDermott,Indiana Pacers,San Antonio Spurs,2021
Doug McDermott,San Antonio Spurs,San Antonio Spurs,2022
Doug McDermott,San Antonio Spurs,Indiana Pacers,2023
Doug McDermott,Indiana Pacers,Sacramento Kings,2024
Doug McDermott,Sacramento Kings,Sacramento Kings,2025
Drew Eubanks,San Antonio Spurs,Portland Trail Blazers,2022
Drew Eubanks,Portland Trail Blazers,Phoenix Suns,2023
Drew Eubanks,Phoenix Suns,Los Angeles Clippers,2024
Drew Eubanks,Los Angeles Clippers,Sacramento Kings,2025
Drew Peterson,Boston Celtics,Boston Celtics,2024
Drew Peterson,Boston Celtics,Charlotte Hornets,2025
Dru Smith,Brooklyn Nets,Miami Heat,2024
Dru Smith,Miami Heat,Miami Heat,2025
Duane Washington Jr.,Indiana Pacers,New York Knicks,2022
Duane Washington Jr.,New York Knicks,New York Knicks,2023
Duncan Robinson,Miami Heat,Miami Heat,2021
Duncan Robinson,Miami Heat,Miami Heat,2022
Duncan Robinson,Miami Heat,Miami Heat,2023
Duncan Robinson,Miami Heat,Miami Heat,2024
Duncan Robinson,Miami Heat,Detroit Pistons,2025
Dwight Howard,Philadelphia 76ers,Los Angeles Lakers,2021
Dylan Windler,Cleveland Cavaliers,Cleveland Cavaliers,2021
Dylan Windler,Cleveland Cavaliers,Cleveland Cavaliers,2022
Dylan Windler,Cleveland Cavaliers,Atlanta Hawks,2023
Dyson Daniels,New Orleans Pelicans,New Orleans Pelicans,2023
Dyson Daniels,New Orleans Pelicans,Atlanta Hawks,2024
Dyson Daniels,Atlanta Hawks,Atlanta Hawks,2025
E.J. Liddell,New Orleans Pelicans,New Orleans Pelicans,2023
E.J. Liddell,New Orleans Pelicans,Chicago Bulls,2024
E.J. Liddell,Chicago Bulls,Brooklyn Nets,2025
Ed Davis,Minnesota Timberwolves,Cleveland Cavaliers,2021
Edmond Sumner,Indiana Pacers,Brooklyn Nets,2022
Elfrid Payton,New York Knicks,Phoenix Suns,2021
Elfrid Payton,Phoenix Suns,New Orleans Pelicans,2024
Elijah Hughes,Utah Jazz,Portland Trail Blazers,2021
Enrique Freeman,Indiana Pacers,Minnesota Timberwolves,2025
Eric Bledsoe,New Orleans Pelicans,Portland Trail Blazers,2021
Eric Gordon,Houston Rockets,Houston Rockets,2021
Eric Gordon,Houston Rockets,Los Angeles Clippers,2022
Eric Gordon,Los Angeles Clippers,Phoenix Suns,2023
Eric Gordon,Phoenix Suns,Philadelphia 76ers,2024
Eric Gordon,Philadelphia 76ers,Philadelphia 76ers,2025
Eric Paschall,Golden State Warriors,Utah Jazz,2021
Eugene Omoruyi,Detroit Pistons,Washington Wizards,2023
Evan Fournier,Boston Celtics,New York Knicks,2021
Evan Fournier,New York Knicks,New York Knicks,2022
Evan Fournier,New York Knicks,Detroit Pistons,2023
Frank Kaminsky,Phoenix Suns,Houston Rockets,2022
Frank Ntilikina,New York Knicks,Dallas Mavericks,2021
Frank Ntilikina,Dallas Mavericks,Dallas Mavericks,2022
Fred VanVleet,Toronto Raptors,Toronto Raptors,2021
Fred VanVleet,Toronto Raptors,Toronto Raptors,2022
Fred VanVleet,Toronto Raptors,Houston Rockets,2023
Fred VanVleet,Houston Rockets,Houston Rockets,2024
Fred VanVleet,Houston Rockets,Houston Rockets,2025
Gabe Vincent,Miami Heat,Miami Heat,2021
Gabe Vincent,Miami Heat,Miami Heat,2022
Gabe Vincent,Miami Heat,Los Angeles Lakers,2023
Gabe Vincent,Los Angeles Lakers,Los Angeles Lakers,2024
Gabe Vincent,Los Angeles Lakers,Los Angeles Lakers,2025
Garrett Temple,Chicago Bulls,New Orleans Pelicans,2021
Garrett Temple,New Orleans Pelicans,New Orleans Pelicans,2022
Garrett Temple,New Orleans Pelicans,Toronto Raptors,2023
Garrett Temple,Toronto Raptors,Toronto Raptors,2024
Garrett Temple,Toronto Raptors,Toronto Raptors,2025
Garrison Mathews,Washington Wizards,Houston Rockets,2021
Garrison Mathews,Houston Rockets,Atlanta Hawks,2022
Garrison Mathews,Atlanta Hawks,Atlanta Hawks,2023
Garrison Mathews,Atlanta Hawks,Atlanta Hawks,2024
Gary Clark,Philadelphia 76ers,New Orleans Pelicans,2021
Gary Harris,Orlando Magic,Orlando Magic,2021
Gary Harris,Orlando Magic,Orlando Magic,2022
Gary Harris,Orlando Magic,Orlando Magic,2023
Gary Harris,Orlando Magic,Orlando Magic,2024
Gary Harris,Orlando Magic,Milwaukee Bucks,2025
Gary Trent Jr.,Toronto Raptors,Toronto Raptors,2021
Gary Trent Jr.,Toronto Raptors,Toronto Raptors,2022
Gary Trent Jr.,Toronto Raptors,Toronto Raptors,2023
Gary Trent Jr.,Toronto Raptors,Milwaukee Bucks,2024
Gary Trent Jr.,Milwaukee Bucks,Milwaukee Bucks,2025
George Hill,Philadelphia 76ers,Milwaukee Bucks,2021
George Hill,Milwaukee Bucks,Indiana Pacers,2022
Georges Niang,Utah Jazz,Philadelphia 76ers,2021
Georges Niang,Philadelphia 76ers,Philadelphia 76ers,2022
Georges Niang,Philadelphia 76ers,Cleveland Cavaliers,2023
Georges Niang,Cleveland Cavaliers,Atlanta Hawks,2024
Georges Niang,Atlanta Hawks,Utah Jazz,2025
Goga Bitadze,Indiana Pacers,Indiana Pacers,2021
Goga Bitadze,Indiana Pacers,Orlando Magic,2022
Goga Bitadze,Orlando Magic,Orlando Magic,2023
Goga Bitadze,Orlando Magic,Orlando Magic,2024
Goga Bitadze,Orlando Magic,Orlando Magic,2025
Goran Dragic,Miami Heat,Brooklyn Nets,2021
Goran Dragic,Brooklyn Nets,Milwaukee Bucks,2022
Gordon Hayward,Charlotte Hornets,Charlotte Hornets,2021
Gordon Hayward,Charlotte Hornets,Charlotte Hornets,2022
Gordon Hayward,Charlotte Hornets,Oklahoma City Thunder,2023
Gorgui Dieng,San Antonio Spurs,Atlanta Hawks,2021
Gorgui Dieng,Atlanta Hawks,San Antonio Spurs,2022
Grant Williams,Boston Celtics,Boston Celtics,2021
Grant Williams,Boston Celtics,Boston Celtics,2022
Grant Williams,Boston Celtics,Charlotte Hornets,2023
Grant Williams,Charlotte Hornets,Charlotte Hornets,2024
Grant Williams,Charlotte Hornets,Charlotte Hornets,2025
Grayson Allen,Memphis Grizzlies,Milwaukee Bucks,2021
Grayson Allen,Milwaukee Bucks,Milwaukee Bucks,2022
Grayson Allen,Milwaukee Bucks,Phoenix Suns,2023
Grayson Allen,Phoenix Suns,Phoenix Suns,2024
Grayson Allen,Phoenix Suns,Phoenix Suns,2025
Greg Brown III,Portland Trail Blazers,Dallas Mavericks,2023
Guerschon Yabusele,Philadelphia 76ers,New York Knicks,2025
Harrison Barnes,Sacramento Kings,Sacramento Kings,2021
Harrison Barnes,Sacramento Kings,Sacramento Kings,2022
Harrison Barnes,Sacramento Kings,Sacramento Kings,2023
Harrison Barnes,Sacramento Kings,San Antonio Spurs,2024
Harrison Barnes,San Antonio Spurs,San Antonio Spurs,2025
Harry Giles III,Portland Trail Blazers,Los Angeles Lakers,2023
Hassan Whiteside,Sacramento Kings,Utah Jazz,2021
Haywood Highsmith,Miami Heat,Miami Heat,2022
Haywood Highsmith,Miami Heat,Miami Heat,2023
Haywood Highsmith,Miami Heat,Miami Heat,2024
Haywood Highsmith,Miami Heat,Brooklyn Nets,2025
Immanuel Quickley,New York Knicks,New York Knicks,2021
Immanuel Quickley,New York Knicks,New York Knicks,2022
Immanuel Quickley,New York Knicks,Toronto Raptors,2023
Immanuel Quickley,Toronto Raptors,Toronto Raptors,2024
Immanuel Quickley,Toronto Raptors,Toronto Raptors,2025
Isaac Bonga,Washington Wizards,Toronto Raptors,2021
Isaac Okoro,Cleveland Cavaliers,Cleveland Cavaliers,2021
Isaac Okoro,Cleveland Cavaliers,Cleveland Cavaliers,2022
Isaac Okoro,Cleveland Cavaliers,Cleveland Cavaliers,2023
Isaac Okoro,Cleveland Cavaliers,Cleveland Cavaliers,2024
Isaac Okoro,Cleveland Cavaliers,Chicago Bulls,2025
Isaiah Crawford,Sacramento Kings,Houston Rockets,2025
Isaiah Hartenstein,Cleveland Cavaliers,Los Angeles Clippers,2021
Isaiah Hartenstein,Los Angeles Clippers,New York Knicks,2022
Isaiah Hartenstein,New York Knicks,New York Knicks,2023
Isaiah Hartenstein,New York Knicks,Oklahoma City Thunder,2024
Isaiah Hartenstein,Oklahoma City Thunder,Oklahoma City Thunder,2025
Isaiah Joe,Philadelphia 76ers,Philadelphia 76ers,2021
Isaiah Joe,Philadelphia 76ers,Oklahoma City Thunder,2022
Isaiah Joe,Oklahoma City Thunder,Oklahoma City Thunder,2023
Isaiah Joe,Oklahoma City Thunder,Oklahoma City Thunder,2024
Isaiah Joe,Oklahoma City Thunder,Oklahoma City Thunder,2025
Isaiah Livers,Detroit Pistons,Detroit Pistons,2022
Isaiah Livers,Detroit Pistons,Phoenix Suns,2025
Isaiah Roby,Oklahoma City Thunder,Oklahoma City Thunder,2021
Isaiah Roby,Oklahoma City Thunder,New York Knicks,2022
Isaiah Stevens,Miami Heat,Sacramento Kings,2025
Isaiah Thomas,Charlotte Hornets,Phoenix Suns,2023
Ish Smith,Washington Wizards,Washington Wizards,2021
Ish Smith,Washington Wizards,Denver Nuggets,2022
JD Davison,Boston Celtics,Boston Celtics,2023
JD Davison,Boston Celtics,Boston Celtics,2024
JD Davison,Boston Celtics,Houston Rockets,2025
JT Thor,Charlotte Hornets,Charlotte Hornets,2022
JT Thor,Charlotte Hornets,Charlotte Hornets,2023
JT Thor,Charlotte Hornets,Washington Wizards,2024
JaMychal Green,Denver Nuggets,Denver Nuggets,2021
JaMychal Green,Denver Nuggets,Golden State Warriors,2022
JaVale McGee,Denver Nuggets,Phoenix Suns,2021
JaVale McGee,Phoenix Suns,Dallas Mavericks,2022
JaVale McGee,Dallas Mavericks,Sacramento Kings,2023
Jabari Walker,Portland Trail Blazers,Portland Trail Blazers,2023
Jabari Walker,Portland Trail Blazers,Portland Trail Blazers,2024
Jabari Walker,Portland Trail Blazers,Philadelphia 76ers,2025
Jacob Gilyard,Memphis Grizzlies,Brooklyn Nets,2023
Jacob Toppin,New York Knicks,Atlanta Hawks,2024
Jacob Toppin,Atlanta Hawks,Atlanta Hawks,2025
Jaden Springer,Philadelphia 76ers,Philadelphia 76ers,2022
Jaden Springer,Philadelphia 76ers,Boston Celtics,2023
Jaden Springer,Boston Celtics,Utah Jazz,2024
Jaden Springer,Utah Jazz,New Orleans Pelicans,2025
Jae Crowder,Phoenix Suns,Phoenix Suns,2021
Jae Crowder,Phoenix Suns,Milwaukee Bucks,2022
Jae Crowder,Milwaukee Bucks,Milwaukee Bucks,2023
Jae Crowder,Milwaukee Bucks,Sacramento Kings,2024
Jahmir Young,Chicago Bulls,Miami Heat,2025
Jake LaRavia,Memphis Grizzlies,Memphis Grizzlies,2023
Jake LaRavia,Memphis Grizzlies,Sacramento Kings,2024
Jake LaRavia,Sacramento Kings,Los Angeles Lakers,2025
Jakob Poeltl,San Antonio Spurs,San Antonio Spurs,2021
Jakob Poeltl,San Antonio Spurs,Toronto Raptors,2022
Jakob Poeltl,Toronto Raptors,Toronto Raptors,2023
Jakob Poeltl,Toronto Raptors,Toronto Raptors,2024
Jakob Poeltl,Toronto Raptors,Toronto Raptors,2025
Jalen Brunson,Dallas Mavericks,Dallas Mavericks,2021
Jalen Brunson,Dallas Mavericks,New York Knicks,2022
Jalen Brunson,New York Knicks,New York Knicks,2023
Jalen Brunson,New York Knicks,New York Knicks,2024
Jalen Brunson,New York Knicks,New York Knicks,2025
Jalen Green,Houston Rockets,Houston Rockets,2022
Jalen Green,Houston Rockets,Houston Rockets,2023
Jalen Green,Houston Rockets,Houston Rockets,2024
Jalen Green,Houston Rockets,Phoenix Suns,2025
Jalen Hood-Schifino,Los Angeles Lakers,Philadelphia 76ers,2024
Jalen McDaniels,Charlotte Hornets,Charlotte Hornets,2021
Jalen McDaniels,Charlotte Hornets,Philadelphia 76ers,2022
Jalen McDaniels,Philadelphia 76ers,Toronto Raptors,2023
Jalen Smith,Phoenix Suns,Indiana Pacers,2021
Jalen Smith,Indiana Pacers,Indiana Pacers,2022
Jalen Smith,Indiana Pacers,Indiana Pacers,2023
Jalen Smith,Indiana Pacers,Chicago Bulls,2024
Jalen Smith,Chicago Bulls,Chicago Bulls,2025
Jamal Cain,Miami Heat,Miami Heat,2023
Jamal Cain,Miami Heat,New Orleans Pelicans,2024
Jamal Cain,New Orleans Pelicans,Orlando Magic,2025
Jamaree Bouyea,San Antonio Spurs,Milwaukee Bucks,2024
James Harden,Brooklyn Nets,Philadelphia 76ers,2021
James Harden,Philadelphia 76ers,Philadelphia 76ers,2022
James Harden,Philadelphia 76ers,Los Angeles Clippers,2023
James Harden,Los Angeles Clippers,Los Angeles Clippers,2024
James Harden,Los Angeles Clippers,Los Angeles Clippers,2025
James Johnson,New Orleans Pelicans,Indiana Pacers,2022
James Johnson,Indiana Pacers,Indiana Pacers,2023
James Johnson,Indiana Pacers,Indiana Pacers,2024
James Wiseman,Golden State Warriors,Golden State Warriors,2021
James Wiseman,Golden State Warriors,Detroit Pistons,2022
James Wiseman,Detroit Pistons,Detroit Pistons,2023
James Wiseman,Detroit Pistons,Indiana Pacers,2025
Jared Butler,Utah Jazz,Oklahoma City Thunder,2022
Jared Butler,Oklahoma City Thunder,Washington Wizards,2023
Jared Butler,Washington Wizards,Philadelphia 76ers,2024
Jared Harper,New York Knicks,New Orleans Pelicans,2021
Jared Rhoden,Detroit Pistons,Detroit Pistons,2023
Jared Rhoden,Detroit Pistons,Toronto Raptors,2024
Jarred Vanderbilt,Minnesota Timberwolves,Minnesota Timberwolves,2021
Jarred Vanderbilt,Minnesota Timberwolves,Los Angeles Lakers,2022
Jarred Vanderbilt,Los Angeles Lakers,Los Angeles Lakers,2023
Jarred Vanderbilt,Los Angeles Lakers,Los Angeles Lakers,2024
Jarred Vanderbilt,Los Angeles Lakers,Los Angeles Lakers,2025
Jarrett Culver,Minnesota Timberwolves,Memphis Grizzlies,2021
Jason Preston,Los Angeles Clippers,Los Angeles Clippers,2022
Jason Preston,Los Angeles Clippers,Utah Jazz,2023
Javonte Green,Chicago Bulls,Chicago Bulls,2021
Javonte Green,Chicago Bulls,Chicago Bulls,2022
Javonte Green,Chicago Bulls,Chicago Bulls,2023
Javonte Green,Chicago Bulls,Cleveland Cavaliers,2024
Javonte Green,Cleveland Cavaliers,Detroit Pistons,2025
Jaxson Hayes,New Orleans Pelicans,New Orleans Pelicans,2021
Jaxson Hayes,New Orleans Pelicans,New Orleans Pelicans,2022
Jaxson Hayes,New Orleans Pelicans,Los Angeles Lakers,2023
Jaxson Hayes,Los Angeles Lakers,Los Angeles Lakers,2024
Jaxson Hayes,Los Angeles Lakers,Los Angeles Lakers,2025
Jay Huff,Washington Wizards,Denver Nuggets,2023
Jay Huff,Denver Nuggets,Memphis Grizzlies,2024
Jay Huff,Memphis Grizzlies,Indiana Pacers,2025
Jaylen Martin,Brooklyn Nets,Washington Wizards,2024
Jeff Dowtin Jr.,Toronto Raptors,Philadelphia 76ers,2023
Jeff Dowtin Jr.,Philadelphia 76ers,Philadelphia 76ers,2024
Jeff Green,Brooklyn Nets,Denver Nuggets,2021
Jeff Green,Denver Nuggets,Denver Nuggets,2022
Jeff Green,Denver Nuggets,Houston Rockets,2023
Jeff Green,Houston Rockets,Houston Rockets,2024
Jeff Green,Houston Rockets,Houston Rockets,2025
Jerami Grant,Detroit Pistons,Detroit Pistons,2021
Jerami Grant,Detroit Pistons,Portland Trail Blazers,2022
Jerami Grant,Portland Trail Blazers,Portland Trail Blazers,2023
Jerami Grant,Portland Trail Blazers,Portland Trail Blazers,2024
Jerami Grant,Portland Trail Blazers,Portland Trail Blazers,2025
Jeremiah Robinson-Earl,Oklahoma City Thunder,Oklahoma City Thunder,2022
Jeremiah Robinson-Earl,Oklahoma City Thunder,New Orleans Pelicans,2023
Jeremiah Robinson-Earl,New Orleans Pelicans,New Orleans Pelicans,2024
Jeremy Lamb,Indiana Pacers,Sacramento Kings,2021
Jericho Sims,New York Knicks,New York Knicks,2022
Jericho Sims,New York Knicks,New York Knicks,2023
Jericho Sims,New York Knicks,Milwaukee Bucks,2024
Jericho Sims,Milwaukee Bucks,Milwaukee Bucks,2025
Jevon Carter,Phoenix Suns,Milwaukee Bucks,2021
Jevon Carter,Milwaukee Bucks,Milwaukee Bucks,2022
Jevon Carter,Milwaukee Bucks,Chicago Bulls,2023
Jevon Carter,Chicago Bulls,Chicago Bulls,2024
Jevon Carter,Chicago Bulls,Chicago Bulls,2025
Jimmy Butler III,Miami Heat,Miami Heat,2021
Jimmy Butler III,Miami Heat,Miami Heat,2022
Jimmy Butler III,Miami Heat,Miami Heat,2023
Jimmy Butler III,Miami Heat,Golden State Warriors,2024
Jimmy Butler III,Golden State Warriors,Golden State Warriors,2025
Jock Landale,San Antonio Spurs,Phoenix Suns,2022
Jock Landale,Phoenix Suns,Houston Rockets,2023
Jock Landale,Houston Rockets,Houston Rockets,2024
Jock Landale,Houston Rockets,Memphis Grizzlies,2025
Joe Ingles,Utah Jazz,Portland Trail Blazers,2021
Joe Ingles,Portland Trail Blazers,Milwaukee Bucks,2022
Joe Ingles,Milwaukee Bucks,Orlando Magic,2023
Joe Ingles,Orlando Magic,Minnesota Timberwolves,2024
Joe Ingles,Minnesota Timberwolves,Minnesota Timberwolves,2025
Joe Wieskamp,San Antonio Spurs,Toronto Raptors,2022
John Collins,Atlanta Hawks,Atlanta Hawks,2021
John Collins,Atlanta Hawks,Atlanta Hawks,2022
John Collins,Atlanta Hawks,Utah Jazz,2023
John Collins,Utah Jazz,Utah Jazz,2024
John Collins,Utah Jazz,Los Angeles Clippers,2025
Johnny Juzang,Utah Jazz,Utah Jazz,2023
Johnny Juzang,Utah Jazz,Utah Jazz,2024
Johnny Juzang,Utah Jazz,Minnesota Timberwolves,2025
Jonas Valančiūnas,Memphis Grizzlies,New Orleans Pelicans,2021
Jonas Valančiūnas,New Orleans Pelicans,New Orleans Pelicans,2022
Jonas Valančiūnas,New Orleans Pelicans,New Orleans Pelicans,2023
Jonas Valančiūnas,New Orleans Pelicans,Sacramento Kings,2024
Jonas Valančiūnas,Sacramento Kings,Denver Nuggets,2025
Jordan Clarkson,Utah Jazz,Utah Jazz,2021
Jordan Clarkson,Utah Jazz,Utah Jazz,2022
Jordan Clarkson,Utah Jazz,Utah Jazz,2023
Jordan Clarkson,Utah Jazz,Utah Jazz,2024
Jordan Clarkson,Utah Jazz,New York Knicks,2025
Jordan Goodwin,Washington Wizards,Memphis Grizzlies,2023
Jordan Goodwin,Memphis Grizzlies,Los Angeles Lakers,2024
Jordan Goodwin,Los Angeles Lakers,Phoenix Suns,2025
Jordan McLaughlin,Minnesota Timberwolves,Minnesota Timberwolves,2021
Jordan McLaughlin,Minnesota Timberwolves,Minnesota Timberwolves,2022
Jordan McLaughlin,Minnesota Timberwolves,Minnesota Timberwolves,2023
Jordan McLaughlin,Minnesota Timberwolves,San Antonio Spurs,2024
Jordan McLaughlin,San Antonio Spurs,San Antonio Spurs,2025
Jordan Nwora,Milwaukee Bucks,Milwaukee Bucks,2021
Jordan Nwora,Milwaukee Bucks,Indiana Pacers,2022
Jordan Nwora,Indiana Pacers,Toronto Raptors,2023
Jordan Poole,Golden State Warriors,Golden State Warriors,2021
Jordan Poole,Golden State Warriors,Golden State Warriors,2022
Jordan Poole,Golden State Warriors,Washington Wizards,2023
Jordan Poole,Washington Wizards,Washington Wizards,2024
Jordan Poole,Washington Wizards,New Orleans Pelicans,2025
Josh Christopher,Houston Rockets,Houston Rockets,2022
Josh Christopher,Houston Rockets,Miami Heat,2024
Josh Giddey,Oklahoma City Thunder,Oklahoma City Thunder,2022
Josh Giddey,Oklahoma City Thunder,Oklahoma City Thunder,2023
Josh Giddey,Oklahoma City Thunder,Chicago Bulls,2024
Josh Giddey,Chicago Bulls,Chicago Bulls,2025
Josh Green,Dallas Mavericks,Dallas Mavericks,2021
Josh Green,Dallas Mavericks,Dallas Mavericks,2022
Josh Green,Dallas Mavericks,Dallas Mavericks,2023
Josh Green,Dallas Mavericks,Charlotte Hornets,2024
Josh Green,Charlotte Hornets,Charlotte Hornets,2025
Josh Hart,New Orleans Pelicans,Portland Trail Blazers,2021
Josh Hart,Portland Trail Blazers,New York Knicks,2022
Josh Hart,New York Knicks,New York Knicks,2023
Josh Hart,New York Knicks,New York Knicks,2024
Josh Hart,New York Knicks,New York Knicks,2025
Josh Jackson,Detroit Pistons,Sacramento Kings,2021
Josh Minott,Minnesota Timberwolves,Minnesota Timberwolves,2023
Josh Minott,Minnesota Timberwolves,Minnesota Timberwolves,2024
Josh Minott,Minnesota Timberwolves,Boston Celtics,2025
Josh Okogie,Minnesota Timberwolves,Minnesota Timberwolves,2021
Josh Okogie,Minnesota Timberwolves,Phoenix Suns,2022
Josh Okogie,Phoenix Suns,Phoenix Suns,2023
Josh Okogie,Phoenix Suns,Charlotte Hornets,2024
Josh Okogie,Charlotte Hornets,Houston Rockets,2025
Josh Richardson,Dallas Mavericks,San Antonio Spurs,2021
Josh Richardson,San Antonio Spurs,New Orleans Pelicans,2022
Josh Richardson,New Orleans Pelicans,Miami Heat,2023
Jrue Holiday,Milwaukee Bucks,Milwaukee Bucks,2021
Jrue Holiday,Milwaukee Bucks,Milwaukee Bucks,2022
Jrue Holiday,Milwaukee Bucks,Boston Celtics,2023
Jrue Holiday,Boston Celtics,Boston Celtics,2024
Jrue Holiday,Boston Celtics,Portland Trail Blazers,2025
Juan Toscano-Anderson,Golden State Warriors,Golden State Warriors,2021
Juan Toscano-Anderson,Golden State Warriors,Utah Jazz,2022
Juancho Hernangomez,Minnesota Timberwolves,Utah Jazz,2021
Julius Randle,New York Knicks,New York Knicks,2021
Julius Randle,New York Knicks,New York Knicks,2022
Julius Randle,New York Knicks,New York Knicks,2023
Julius Randle,New York Knicks,Minnesota Timberwolves,2024
Julius Randle,Minnesota Timberwolves,Minnesota Timberwolves,2025
Justin Champagnie,Toronto Raptors,Boston Celtics,2022
Justin Champagnie,Boston Celtics,Washington Wizards,2023
Justin Champagnie,Washington Wizards,Washington Wizards,2024
Justin Champagnie,Washington Wizards,Washington Wizards,2025
Justin Holiday,Indiana Pacers,Sacramento Kings,2021
Justin Holiday,Sacramento Kings,Dallas Mavericks,2022
Justin Holiday,Dallas Mavericks,Denver Nuggets,2023
Justise Winslow,Memphis Grizzlies,Portland Trail Blazers,2021
Justise Winslow,Portland Trail Blazers,Portland Trail Blazers,2022
Jusuf Nurkić,Portland Trail Blazers,Portland Trail Blazers,2021
Jusuf Nurkić,Portland Trail Blazers,Portland Trail Blazers,2022
Jusuf Nurkić,Portland Trail Blazers,Phoenix Suns,2023
Jusuf Nurkić,Phoenix Suns,Charlotte Hornets,2024
Jusuf Nurkić,Charlotte Hornets,Utah Jazz,2025
Juwan Morgan,Utah Jazz,Boston Celtics,2021
KJ Martin,Houston Rockets,Houston Rockets,2021
KJ Martin,Houston Rockets,Houston Rockets,2022
KJ Martin,Houston Rockets,Philadelphia 76ers,2023
KJ Martin,Philadelphia 76ers,Utah Jazz,2024
Kai Jones,Charlotte Hornets,Charlotte Hornets,2022
Kai Jones,Charlotte Hornets,Los Angeles Clippers,2023
Kai Jones,Los Angeles Clippers,Dallas Mavericks,2024
Karl-Anthony Towns,Minnesota Timberwolves,Minnesota Timberwolves,2021
Karl-Anthony Towns,Minnesota Timberwolves,Minnesota Timberwolves,2022
Karl-Anthony Towns,Minnesota Timberwolves,Minnesota Timberwolves,2023
Karl-Anthony Towns,Minnesota Timberwolves,New York Knicks,2024
Karl-Anthony Towns,New York Knicks,New York Knicks,2025
Keita Bates-Diop,San Antonio Spurs,San Antonio Spurs,2021
Keita Bates-Diop,San Antonio Spurs,San Antonio Spurs,2022
Keita Bates-Diop,San Antonio Spurs,Brooklyn Nets,2023
Kelly Olynyk,Houston Rockets,Detroit Pistons,2021
Kelly Olynyk,Detroit Pistons,Utah Jazz,2022
Kelly Olynyk,Utah Jazz,Toronto Raptors,2023
Kelly Olynyk,Toronto Raptors,New Orleans Pelicans,2024
Kelly Olynyk,New Orleans Pelicans,San Antonio Spurs,2025
Kelly Oubre Jr.,Golden State Warriors,Charlotte Hornets,2021
Kelly Oubre Jr.,Charlotte Hornets,Charlotte Hornets,2022
Kelly Oubre Jr.,Charlotte Hornets,Philadelphia 76ers,2023
Kelly Oubre Jr.,Philadelphia 76ers,Philadelphia 76ers,2024
Kelly Oubre Jr.,Philadelphia 76ers,Philadelphia 76ers,2025
Kemba Walker,Oklahoma City Thunder,New York Knicks,2021
Kendrick Nunn,Miami Heat,Los Angeles Lakers,2021
Kendrick Nunn,Los Angeles Lakers,Washington Wizards,2022
Kenneth Lofton Jr.,Memphis Grizzlies,Utah Jazz,2023
Kent Bazemore,Golden State Warriors,Los Angeles Lakers,2021
Kentavious Caldwell-Pope,Los Angeles Lakers,Washington Wizards,2021
Kentavious Caldwell-Pope,Washington Wizards,Denver Nuggets,2022
Kentavious Caldwell-Pope,Denver Nuggets,Denver Nuggets,2023
Kentavious Caldwell-Pope,Denver Nuggets,Memphis Grizzlies,2024
Kentavious Caldwell-Pope,Memphis Grizzlies,Memphis Grizzlies,2025
Keon Johnson,Portland Trail Blazers,Portland Trail Blazers,2022
Keon Johnson,Portland Trail Blazers,Brooklyn Nets,2023
Keon Johnson,Brooklyn Nets,Brooklyn Nets,2024
Kessler Edwards,Brooklyn Nets,Sacramento Kings,2022
Kessler Edwards,Sacramento Kings,Sacramento Kings,2023
Kessler Edwards,Sacramento Kings,Dallas Mavericks,2024
Kevin Durant,Brooklyn Nets,Brooklyn Nets,2021
Kevin Durant,Brooklyn Nets,Phoenix Suns,2022
Kevin Durant,Phoenix Suns,Phoenix Suns,2023
Kevin Durant,Phoenix Suns,Phoenix Suns,2024
Kevin Durant,Phoenix Suns,Houston Rockets,2025
Kevin Huerter,Atlanta Hawks,Atlanta Hawks,2021
Kevin Huerter,Atlanta Hawks,Sacramento Kings,2022
Kevin Huerter,Sacramento Kings,Sacramento Kings,2023
Kevin Huerter,Sacramento Kings,Chicago Bulls,2024
Kevin Huerter,Chicago Bulls,Chicago Bulls,2025
Kevin Knox II,New York Knicks,Atlanta Hawks,2021
Kevin Knox II,Atlanta Hawks,Portland Trail Blazers,2022
Kevin Knox II,Portland Trail Blazers,Golden State Warriors,2024
Kevin Love,Cleveland Cavaliers,Cleveland Cavaliers,2021
Kevin Love,Cleveland Cavaliers,Miami Heat,2022
Kevin Love,Miami Heat,Miami Heat,2023
Kevin Love,Miami Heat,Miami Heat,2024
Kevin Love,Miami Heat,Utah Jazz,2025
Kevin Porter Jr.,Houston Rockets,Houston Rockets,2021
Kevin Porter Jr.,Houston Rockets,Houston Rockets,2022
Kevin Porter Jr.,Houston Rockets,Milwaukee Bucks,2024
Kevin Porter Jr.,Milwaukee Bucks,Milwaukee Bucks,2025
Kevon Harris,Orlando Magic,Orlando Magic,2023
Kevon Harris,Orlando Magic,Houston Rockets,2025
Kevon Looney,Golden State Warriors,Golden State Warriors,2021
Kevon Looney,Golden State Warriors,Golden State Warriors,2022
Kevon Looney,Golden State Warriors,Golden State Warriors,2023
Kevon Looney,Golden State Warriors,Golden State Warriors,2024
Kevon Looney,Golden State Warriors,New Orleans Pelicans,2025
Khem Birch,Toronto Raptors,Toronto Raptors,2021
Khem Birch,Toronto Raptors,San Antonio Spurs,2022
Khris Middleton,Milwaukee Bucks,Milwaukee Bucks,2021
Khris Middleton,Milwaukee Bucks,Milwaukee Bucks,2022
Khris Middleton,Milwaukee Bucks,Milwaukee Bucks,2023
Khris Middleton,Milwaukee Bucks,Washington Wizards,2024
Khris Middleton,Washington Wizards,Washington Wizards,2025
Kira Lewis Jr.,New Orleans Pelicans,New Orleans Pelicans,2021
Kira Lewis Jr.,New Orleans Pelicans,New Orleans Pelicans,2022
Kira Lewis Jr.,New Orleans Pelicans,Utah Jazz,2023
Klay Thompson,Golden State Warriors,Golden State Warriors,2021
Klay Thompson,Golden State Warriors,Golden State Warriors,2022
Klay Thompson,Golden State Warriors,Golden State Warriors,2023
Klay Thompson,Golden State Warriors,Dallas Mavericks,2024
Klay Thompson,Dallas Mavericks,Dallas Mavericks,2025
Kobe Bufkin,Atlanta Hawks,Atlanta Hawks,2024
Kobe Bufkin,Atlanta Hawks,Brooklyn Nets,2025
Kris Dunn,Atlanta Hawks,Utah Jazz,2022
Kris Dunn,Utah Jazz,Utah Jazz,2023
Kris Dunn,Utah Jazz,Los Angeles Clippers,2024
Kris Dunn,Los Angeles Clippers,Los Angeles Clippers,2025
Kristaps Porziņģis,Dallas Mavericks,Washington Wizards,2021
Kristaps Porziņģis,Washington Wizards,Washington Wizards,2022
Kristaps Porziņģis,Washington Wizards,Boston Celtics,2023
Kristaps Porziņģis,Boston Celtics,Boston Celtics,2024
Kristaps Porziņģis,Boston Celtics,Atlanta Hawks,2025
Kyle Anderson,Memphis Grizzlies,Memphis Grizzlies,2021
Kyle Anderson,Memphis Grizzlies,Minnesota Timberwolves,2022
Kyle Anderson,Minnesota Timberwolves,Minnesota Timberwolves,2023
Kyle Anderson,Minnesota Timberwolves,Miami Heat,2024
Kyle Anderson,Miami Heat,Utah Jazz,2025
Kyle Kuzma,Los Angeles Lakers,Washington Wizards,2021
Kyle Kuzma,Washington Wizards,Washington Wizards,2022
Kyle Kuzma,Washington Wizards,Washington Wizards,2023
Kyle Kuzma,Washington Wizards,Milwaukee Bucks,2024
Kyle Kuzma,Milwaukee Bucks,Milwaukee Bucks,2025
Kyle Lowry,Toronto Raptors,Miami Heat,2021
Kyle Lowry,Miami Heat,Miami Heat,2022
Kyle Lowry,Miami Heat,Philadelphia 76ers,2023
Kyle Lowry,Philadelphia 76ers,Philadelphia 76ers,2024
Kyle Lowry,Philadelphia 76ers,Philadelphia 76ers,2025
Kyrie Irving,Brooklyn Nets,Brooklyn Nets,2021
Kyrie Irving,Brooklyn Nets,Dallas Mavericks,2022
Kyrie Irving,Dallas Mavericks,Dallas Mavericks,2023
Kyrie Irving,Dallas Mavericks,Dallas Mavericks,2024
Kyrie Irving,Dallas Mavericks,Dallas Mavericks,2025
Lamar Stevens,Cleveland Cavaliers,Cleveland Cavaliers,2021
Lamar Stevens,Cleveland Cavaliers,Cleveland Cavaliers,2022
Lamar Stevens,Cleveland Cavaliers,Memphis Grizzlies,2023
Lamar Stevens,Memphis Grizzlies,Memphis Grizzlies,2024
Landry Shamet,Brooklyn Nets,Phoenix Suns,2021
Landry Shamet,Phoenix Suns,Phoenix Suns,2022
Landry Shamet,Phoenix Suns,Washington Wizards,2023
Landry Shamet,Washington Wizards,New York Knicks,2024
Landry Shamet,New York Knicks,New York Knicks,2025
Larry Nance Jr.,Cleveland Cavaliers,New Orleans Pelicans,2021
Larry Nance Jr.,New Orleans Pelicans,New Orleans Pelicans,2022
Larry Nance Jr.,New Orleans Pelicans,New Orleans Pelicans,2023
Larry Nance Jr.,New Orleans Pelicans,Atlanta Hawks,2024
Larry Nance Jr.,Atlanta Hawks,Cleveland Cavaliers,2025
Lauri Markkanen,Chicago Bulls,Cleveland Cavaliers,2021
Lauri Markkanen,Cleveland Cavaliers,Utah Jazz,2022
Lauri Markkanen,Utah Jazz,Utah Jazz,2023
Lauri Markkanen,Utah Jazz,Utah Jazz,2024
Lauri Markkanen,Utah Jazz,Utah Jazz,2025
Lester Quinones,Golden State Warriors,Golden State Warriors,2023
Lester Quinones,Golden State Warriors,New Orleans Pelicans,2024
Lindy Waters III,Oklahoma City Thunder,Oklahoma City Thunder,2022
Lindy Waters III,Oklahoma City Thunder,Oklahoma City Thunder,2023
Lindy Waters III,Oklahoma City Thunder,Detroit Pistons,2024
Lindy Waters III,Detroit Pistons,San Antonio Spurs,2025
Lonnie Walker IV,San Antonio Spurs,San Antonio Spurs,2021
Lonnie Walker IV,San Antonio Spurs,Los Angeles Lakers,2022
Lonnie Walker IV,Los Angeles Lakers,Brooklyn Nets,2023
Lonnie Walker IV,Brooklyn Nets,Philadelphia 76ers,2024
Lonzo Ball,New Orleans Pelicans,Chicago Bulls,2021
Lonzo Ball,Chicago Bulls,Chicago Bulls,2022
Lonzo Ball,Chicago Bulls,Chicago Bulls,2023
Lonzo Ball,Chicago Bulls,Chicago Bulls,2024
Lonzo Ball,Chicago Bulls,Cleveland Cavaliers,2025
Louis King,Sacramento Kings,Philadelphia 76ers,2022
Luca Vildoza,New York Knicks,Milwaukee Bucks,2021
Luka Dončić,Dallas Mavericks,Dallas Mavericks,2021
Luka Dončić,Dallas Mavericks,Dallas Mavericks,2022
Luka Dončić,Dallas Mavericks,Dallas Mavericks,2023
Luka Dončić,Dallas Mavericks,Los Angeles Lakers,2024
Luka Dončić,Los Angeles Lakers,Los Angeles Lakers,2025
Luka Garza,Detroit Pistons,Minnesota Timberwolves,2022
Luka Garza,Minnesota Timberwolves,Minnesota Timberwolves,2023
Luka Garza,Minnesota Timberwolves,Minnesota Timberwolves,2024
Luka Garza,Minnesota Timberwolves,Boston Celtics,2025
Luka Samanic,San Antonio Spurs,Utah Jazz,2022
Luka Samanic,Utah Jazz,Utah Jazz,2023
Luke Kennard,Los Angeles Clippers,Los Angeles Clippers,2021
Luke Kennard,Los Angeles Clippers,Memphis Grizzlies,2022
Luke Kennard,Memphis Grizzlies,Memphis Grizzlies,2023
Luke Kennard,Memphis Grizzlies,Memphis Grizzlies,2024
Luke Kennard,Memphis Grizzlies,Atlanta Hawks,2025
Luke Kornet,Boston Celtics,Boston Celtics,2021
Luke Kornet,Boston Celtics,Boston Celtics,2022
Luke Kornet,Boston Celtics,Boston Celtics,2023
Luke Kornet,Boston Celtics,Boston Celtics,2024
Luke Kornet,Boston Celtics,San Antonio Spurs,2025
Mac McClung,Los Angeles Lakers,Philadelphia 76ers,2022
Mac McClung,Philadelphia 76ers,Orlando Magic,2024
Malachi Flynn,Toronto Raptors,Toronto Raptors,2021
Malachi Flynn,Toronto Raptors,Toronto Raptors,2022
Malachi Flynn,Toronto Raptors,Detroit Pistons,2023
Malaki Branham,San Antonio Spurs,San Antonio Spurs,2023
Malaki Branham,San Antonio Spurs,San Antonio Spurs,2024
Malaki Branham,San Antonio Spurs,Washington Wizards,2025
Malcolm Brogdon,Indiana Pacers,Indiana Pacers,2021
Malcolm Brogdon,Indiana Pacers,Boston Celtics,2022
Malcolm Brogdon,Boston Celtics,Portland Trail Blazers,2023
Malcolm Brogdon,Portland Trail Blazers,Washington Wizards,2024
Malcolm Hill,Chicago Bulls,New Orleans Pelicans,2023
Malik Beasley,Minnesota Timberwolves,Minnesota Timberwolves,2021
Malik Beasley,Minnesota Timberwolves,Los Angeles Lakers,2022
Malik Beasley,Los Angeles Lakers,Milwaukee Bucks,2023
Malik Beasley,Milwaukee Bucks,Detroit Pistons,2024
Malik Monk,Charlotte Hornets,Los Angeles Lakers,2021
Malik Monk,Los Angeles Lakers,Sacramento Kings,2022
Malik Monk,Sacramento Kings,Sacramento Kings,2023
Malik Monk,Sacramento Kings,Sacramento Kings,2024
Malik Monk,Sacramento Kings,Sacramento Kings,2025
Mamadi Diakite,Milwaukee Bucks,Cleveland Cavaliers,2022
Mamadi Diakite,Cleveland Cavaliers,New York Knicks,2023
MarJon Beauchamp,Milwaukee Bucks,Milwaukee Bucks,2023
MarJon Beauchamp,Milwaukee Bucks,New York Knicks,2024
Marcus Morris Sr.,Los Angeles Clippers,Los Angeles Clippers,2021
Marcus Morris Sr.,Los Angeles Clippers,Los Angeles Clippers,2022
Marcus Morris Sr.,Los Angeles Clippers,Cleveland Cavaliers,2023
Marcus Smart,Boston Celtics,Boston Celtics,2021
Marcus Smart,Boston Celtics,Boston Celtics,2022
Marcus Smart,Boston Celtics,Memphis Grizzlies,2023
Marcus Smart,Memphis Grizzlies,Washington Wizards,2024
Marcus Smart,Washington Wizards,Los Angeles Lakers,2025
Mark Williams,Charlotte Hornets,Charlotte Hornets,2023
Mark Williams,Charlotte Hornets,Charlotte Hornets,2024
Mark Williams,Charlotte Hornets,Phoenix Suns,2025
Markelle Fultz,Orlando Magic,Orlando Magic,2021
Markelle Fultz,Orlando Magic,Orlando Magic,2022
Markelle Fultz,Orlando Magic,Orlando Magic,2023
Markelle Fultz,Orlando Magic,Sacramento Kings,2024
Markieff Morris,Los Angeles Lakers,Miami Heat,2021
Markieff Morris,Miami Heat,Dallas Mavericks,2022
Markieff Morris,Dallas Mavericks,Dallas Mavericks,2023
Markieff Morris,Dallas Mavericks,Los Angeles Lakers,2024
Marvin Bagley III,Sacramento Kings,Detroit Pistons,2021
Marvin Bagley III,Detroit Pistons,Detroit Pistons,2022
Marvin Bagley III,Detroit Pistons,Washington Wizards,2023
Marvin Bagley III,Washington Wizards,Memphis Grizzlies,2024
Marvin Bagley III,Memphis Grizzlies,Washington Wizards,2025
Mason Jones,Los Angeles Lakers,Sacramento Kings,2023
Mason Jones,Sacramento Kings,Sacramento Kings,2024
Mason Plumlee,Detroit Pistons,Charlotte Hornets,2021
Mason Plumlee,Charlotte Hornets,Los Angeles Clippers,2022
Mason Plumlee,Los Angeles Clippers,Los Angeles Clippers,2023
Mason Plumlee,Los Angeles Clippers,Phoenix Suns,2024
Mason Plumlee,Phoenix Suns,Charlotte Hornets,2025
Matisse Thybulle,Philadelphia 76ers,Philadelphia 76ers,2021
Matisse Thybulle,Philadelphia 76ers,Portland Trail Blazers,2022
Matisse Thybulle,Portland Trail Blazers,Portland Trail Blazers,2023
Matisse Thybulle,Portland Trail Blazers,Portland Trail Blazers,2024
Matisse Thybulle,Portland Trail Blazers,Portland Trail Blazers,2025
Matt Ryan,Boston Celtics,Minnesota Timberwolves,2022
Matt Ryan,Minnesota Timberwolves,New Orleans Pelicans,2023
Matt Thomas,Utah Jazz,Chicago Bulls,2021
Matthew Dellavedova,Cleveland Cavaliers,Sacramento Kings,2022
Max Christie,Los Angeles Lakers,Los Angeles Lakers,2023
Max Christie,Los Angeles Lakers,Dallas Mavericks,2024
Max Christie,Dallas Mavericks,Dallas Mavericks,2025
Max Strus,Miami Heat,Miami Heat,2021
Max Strus,Miami Heat,Miami Heat,2022
Max Strus,Miami Heat,Cleveland Cavaliers,2023
Max Strus,Cleveland Cavaliers,Cleveland Cavaliers,2024
Max Strus,Cleveland Cavaliers,Cleveland Cavaliers,2025
Maxi Kleber,Dallas Mavericks,Dallas Mavericks,2021
Maxi Kleber,Dallas Mavericks,Dallas Mavericks,2022
Maxi Kleber,Dallas Mavericks,Dallas Mavericks,2023
Maxi Kleber,Dallas Mavericks,Los Angeles Lakers,2024
Maxi Kleber,Los Angeles Lakers,Los Angeles Lakers,2025
Maxwell Lewis,Los Angeles Lakers,Brooklyn Nets,2024
McKinley Wright IV,Minnesota Timberwolves,Dallas Mavericks,2022
Mfiondu Kabengele,Cleveland Cavaliers,Boston Celtics,2022
Michael Porter Jr.,Denver Nuggets,Denver Nuggets,2021
Michael Porter Jr.,Denver Nuggets,Denver Nuggets,2022
Michael Porter Jr.,Denver Nuggets,Denver Nuggets,2023
Michael Porter Jr.,Denver Nuggets,Denver Nuggets,2024
Michael Porter Jr.,Denver Nuggets,Brooklyn Nets,2025
Mikal Bridges,Phoenix Suns,Phoenix Suns,2021
Mikal Bridges,Phoenix Suns,Brooklyn Nets,2022
Mikal Bridges,Brooklyn Nets,Brooklyn Nets,2023
Mikal Bridges,Brooklyn Nets,New York Knicks,2024
Mikal Bridges,New York Knicks,New York Knicks,2025
Mike Conley,Utah Jazz,Utah Jazz,2021
Mike Conley,Utah Jazz,Minnesota Timberwolves,2022
Mike Conley,Minnesota Timberwolves,Minnesota Timberwolves,2023
Mike Conley,Minnesota Timberwolves,Minnesota Timberwolves,2024
Mike Conley,Minnesota Timberwolves,Minnesota Timberwolves,2025
Mike Muscala,Oklahoma City Thunder,Oklahoma City Thunder,2021
Mike Muscala,Oklahoma City Thunder,Boston Celtics,2022
Mike Muscala,Boston Celtics,Oklahoma City Thunder,2023
Mo Bamba,Orlando Magic,Orlando Magic,2021
Mo Bamba,Orlando Magic,Los Angeles Lakers,2022
Mo Bamba,Los Angeles Lakers,Philadelphia 76ers,2023
Montrezl Harrell,Los Angeles Lakers,Charlotte Hornets,2021
Montrezl Harrell,Charlotte Hornets,Philadelphia 76ers,2022
Monté Morris,Denver Nuggets,Denver Nuggets,2021
Monté Morris,Denver Nuggets,Washington Wizards,2022
Monté Morris,Washington Wizards,Minnesota Timberwolves,2023
Monté Morris,Minnesota Timberwolves,Phoenix Suns,2024
Moses Brown,Boston Celtics,Cleveland Cavaliers,2021
Moses Brown,Cleveland Cavaliers,Portland Trail Blazers,2023
Moussa Diabaté,Los Angeles Clippers,Los Angeles Clippers,2023
Moussa Diabaté,Los Angeles Clippers,Charlotte Hornets,2024
Moussa Diabaté,Charlotte Hornets,Charlotte Hornets,2025
Mychal Mulder,Golden State Warriors,Miami Heat,2021
Myles Turner,Indiana Pacers,Indiana Pacers,2021
Myles Turner,Indiana Pacers,Indiana Pacers,2022
Myles Turner,Indiana Pacers,Indiana Pacers,2023
Myles Turner,Indiana Pacers,Indiana Pacers,2024
Myles Turner,Indiana Pacers,Milwaukee Bucks,2025
N'Faly Dante,Houston Rockets,Atlanta Hawks,2025
Naji Marshall,New Orleans Pelicans,New Orleans Pelicans,2021
Naji Marshall,New Orleans Pelicans,New Orleans Pelicans,2022
Naji Marshall,New Orleans Pelicans,New Orleans Pelicans,2023
Naji Marshall,New Orleans Pelicans,Dallas Mavericks,2024
Naji Marshall,Dallas Mavericks,Dallas Mavericks,2025
Nassir Little,Portland Trail Blazers,Portland Trail Blazers,2021
Nassir Little,Portland Trail Blazers,Portland Trail Blazers,2022
Nassir Little,Portland Trail Blazers,Phoenix Suns,2023
Nate Hinton,Dallas Mavericks,Indiana Pacers,2021
Nate Hinton,Indiana Pacers,Houston Rockets,2023
Nate Williams,Portland Trail Blazers,Houston Rockets,2023
Nate Williams,Houston Rockets,Houston Rockets,2024
Nathan Knight,Atlanta Hawks,Minnesota Timberwolves,2021
Nathan Knight,Minnesota Timberwolves,Minnesota Timberwolves,2022
Neemias Queta,Sacramento Kings,Sacramento Kings,2022
Neemias Queta,Sacramento Kings,Boston Celtics,2023
Neemias Queta,Boston Celtics,Boston Celtics,2024
Neemias Queta,Boston Celtics,Boston Celtics,2025
Nemanja Bjelica,Miami Heat,Golden State Warriors,2021
Nick Richards,Charlotte Hornets,Charlotte Hornets,2021
Nick Richards,Charlotte Hornets,Charlotte Hornets,2022
Nick Richards,Charlotte Hornets,Charlotte Hornets,2023
Nick Richards,Charlotte Hornets,Phoenix Suns,2024
Nick Richards,Phoenix Suns,Phoenix Suns,2025
Nick Smith Jr.,Charlotte Hornets,Charlotte Hornets,2024
Nick Smith Jr.,Charlotte Hornets,Los Angeles Lakers,2025
Nickeil Alexander-Walker,New Orleans Pelicans,Utah Jazz,2021
Nickeil Alexander-Walker,Utah Jazz,Minnesota Timberwolves,2022
Nickeil Alexander-Walker,Minnesota Timberwolves,Minnesota Timberwolves,2023
Nickeil Alexander-Walker,Minnesota Timberwolves,Minnesota Timberwolves,2024
Nickeil Alexander-Walker,Minnesota Timberwolves,Atlanta Hawks,2025
Nicolas Batum,Los Angeles Clippers,Los Angeles Clippers,2021
Nicolas Batum,Los Angeles Clippers,Los Angeles Clippers,2022
Nicolas Batum,Los Angeles Clippers,Philadelphia 76ers,2023
Nicolas Batum,Philadelphia 76ers,Los Angeles Clippers,2024
Nicolas Batum,Los Angeles Clippers,Los Angeles Clippers,2025
Norman Powell,Portland Trail Blazers,Los Angeles Clippers,2021
Norman Powell,Los Angeles Clippers,Los Angeles Clippers,2022
Norman Powell,Los Angeles Clippers,Los Angeles Clippers,2023
Norman Powell,Los Angeles Clippers,Los Angeles Clippers,2024
Norman Powell,Los Angeles Clippers,Miami Heat,2025
OG Anunoby,Toronto Raptors,Toronto Raptors,2021
OG Anunoby,Toronto Raptors,Toronto Raptors,2022
OG Anunoby,Toronto Raptors,New York Knicks,2023
OG Anunoby,New York Knicks,New York Knicks,2024
OG Anunoby,New York Knicks,New York Knicks,2025
Obi Toppin,New York Knicks,New York Knicks,2021
Obi Toppin,New York Knicks,New York Knicks,2022
Obi Toppin,New York Knicks,Indiana Pacers,2023
Obi Toppin,Indiana Pacers,Indiana Pacers,2024
Obi Toppin,Indiana Pacers,Indiana Pacers,2025
Ochai Agbaji,Utah Jazz,Toronto Raptors,2023
Ochai Agbaji,Toronto Raptors,Toronto Raptors,2024
Ochai Agbaji,Toronto Raptors,Toronto Raptors,2025
Olivier-Maxence Prosper,Dallas Mavericks,Dallas Mavericks,2024
Olivier-Maxence Prosper,Dallas Mavericks,Memphis Grizzlies,2025
Omer Yurtseven,Miami Heat,Miami Heat,2021
Omer Yurtseven,Miami Heat,Miami Heat,2022
Omer Yurtseven,Miami Heat,Utah Jazz,2023
Orlando Robinson,Miami Heat,Miami Heat,2023
Orlando Robinson,Miami Heat,Orlando Magic,2025
Oscar Tshiebwe,Indiana Pacers,Utah Jazz,2024
Oscar Tshiebwe,Utah Jazz,Utah Jazz,2025
Oshae Brissett,Indiana Pacers,Indiana Pacers,2021
Oshae Brissett,Indiana Pacers,Indiana Pacers,2022
Oshae Brissett,Indiana Pacers,Boston Celtics,2023
Otto Porter Jr.,Orlando Magic,Golden State Warriors,2021
Otto Porter Jr.,Golden State Warriors,Toronto Raptors,2022
P.J. Tucker,Milwaukee Bucks,Miami Heat,2021
P.J. Tucker,Miami Heat,Philadelphia 76ers,2022
P.J. Tucker,Philadelphia 76ers,Los Angeles Clippers,2023
P.J. Tucker,Los Angeles Clippers,New York Knicks,2024
P.J. Washington,Charlotte Hornets,Charlotte Hornets,2021
P.J. Washington,Charlotte Hornets,Charlotte Hornets,2022
P.J. Washington,Charlotte Hornets,Dallas Mavericks,2023
P.J. Washington,Dallas Mavericks,Dallas Mavericks,2024
P.J. Washington,Dallas Mavericks,Dallas Mavericks,2025
PJ Dozier,Denver Nuggets,Sacramento Kings,2022
PJ Hall,Denver Nuggets,Memphis Grizzlies,2025
Pascal Siakam,Toronto Raptors,Toronto Raptors,2021
Pascal Siakam,Toronto Raptors,Toronto Raptors,2022
Pascal Siakam,Toronto Raptors,Indiana Pacers,2023
Pascal Siakam,Indiana Pacers,Indiana Pacers,2024
Pascal Siakam,Indiana Pacers,Indiana Pacers,2025
Pat Connaughton,Milwaukee Bucks,Milwaukee Bucks,2021
Pat Connaughton,Milwaukee Bucks,Milwaukee Bucks,2022
Pat Connaughton,Milwaukee Bucks,Milwaukee Bucks,2023
Pat Connaughton,Milwaukee Bucks,Milwaukee Bucks,2024
Pat Connaughton,Milwaukee Bucks,Charlotte Hornets,2025
Patrick Baldwin Jr.,Golden State Warriors,Washington Wizards,2023
Patrick Baldwin Jr.,Washington Wizards,Los Angeles Clippers,2024
Patrick Beverley,Los Angeles Clippers,Minnesota Timberwolves,2021
Patrick Beverley,Minnesota Timberwolves,Chicago Bulls,2022
Patrick Beverley,Chicago Bulls,Milwaukee Bucks,2023
Patty Mills,San Antonio Spurs,Brooklyn Nets,2021
Patty Mills,Brooklyn Nets,Brooklyn Nets,2022
Patty Mills,Brooklyn Nets,Miami Heat,2023
Patty Mills,Miami Heat,Los Angeles Clippers,2024
Paul George,Los Angeles Clippers,Los Angeles Clippers,2021
Paul George,Los Angeles Clippers,Los Angeles Clippers,2022
Paul George,Los Angeles Clippers,Los Angeles Clippers,2023
Paul George,Los Angeles Clippers,Philadelphia 76ers,2024
Paul George,Philadelphia 76ers,Philadelphia 76ers,2025
Paul Millsap,Denver Nuggets,Philadelphia 76ers,2021
Paul Reed,Philadelphia 76ers,Philadelphia 76ers,2021
Paul Reed,Philadelphia 76ers,Philadelphia 76ers,2022
Paul Reed,Philadelphia 76ers,Philadelphia 76ers,2023
Paul Reed,Philadelphia 76ers,Detroit Pistons,2024
Paul Reed,Detroit Pistons,Detroit Pistons,2025
Pete Nance,Cleveland Cavaliers,Milwaukee Bucks,2024
Pete Nance,Milwaukee Bucks,Milwaukee Bucks,2025
Precious Achiuwa,Miami Heat,Toronto Raptors,2021
Precious Achiuwa,Toronto Raptors,Toronto Raptors,2022
Precious Achiuwa,Toronto Raptors,New York Knicks,2023
Precious Achiuwa,New York Knicks,New York Knicks,2024
Quentin Grimes,New York Knicks,New York Knicks,2022
Quentin Grimes,New York Knicks,Detroit Pistons,2023
Quentin Grimes,Detroit Pistons,Philadelphia 76ers,2024
Quentin Grimes,Philadelphia 76ers,Philadelphia 76ers,2025
Quenton Jackson,Washington Wizards,Indiana Pacers,2023
Quenton Jackson,Indiana Pacers,Indiana Pacers,2024
Quenton Jackson,Indiana Pacers,Indiana Pacers,2025
Quinndary Weatherspoon,San Antonio Spurs,Golden State Warriors,2021
R.J. Hampton,Orlando Magic,Orlando Magic,2021
R.J. Hampton,Orlando Magic,Detroit Pistons,2022
RJ Barrett,New York Knicks,New York Knicks,2021
RJ Barrett,New York Knicks,New York Knicks,2022
RJ Barrett,New York Knicks,Toronto Raptors,2023
RJ Barrett,Toronto Raptors,Toronto Raptors,2024
RJ Barrett,Toronto Raptors,Toronto Raptors,2025
RaiQuan Gray,Brooklyn Nets,San Antonio Spurs,2023
Rajon Rondo,Los Angeles Clippers,Cleveland Cavaliers,2021
Raul Neto,Washington Wizards,Washington Wizards,2021
Raul Neto,Washington Wizards,Cleveland Cavaliers,2022
Rayjon Tucker,Philadelphia 76ers,Milwaukee Bucks,2021
Reggie Bullock Jr.,New York Knicks,Dallas Mavericks,2021
Reggie Bullock Jr.,Dallas Mavericks,Dallas Mavericks,2022
Reggie Bullock Jr.,Dallas Mavericks,Houston Rockets,2023
Reggie Jackson,Los Angeles Clippers,Los Angeles Clippers,2021
Reggie Jackson,Los Angeles Clippers,Denver Nuggets,2022
Reggie Jackson,Denver Nuggets,Denver Nuggets,2023
Richaun Holmes,Sacramento Kings,Sacramento Kings,2021
Richaun Holmes,Sacramento Kings,Sacramento Kings,2022
Richaun Holmes,Sacramento Kings,Washington Wizards,2023
Richaun Holmes,Washington Wizards,Washington Wizards,2024
Ricky Rubio,Minnesota Timberwolves,Indiana Pacers,2021
Ricky Rubio,Indiana Pacers,Cleveland Cavaliers,2022
Robert Covington,Portland Trail Blazers,Los Angeles Clippers,2021
Robert Covington,Los Angeles Clippers,Los Angeles Clippers,2022
Robert Covington,Los Angeles Clippers,Philadelphia 76ers,2023
Robert Williams III,Boston Celtics,Boston Celtics,2021
Robert Williams III,Boston Celtics,Boston Celtics,2022
Robert Williams III,Boston Celtics,Portland Trail Blazers,2023
Robert Williams III,Portland Trail Blazers,Portland Trail Blazers,2024
Robert Williams III,Portland Trail Blazers,Portland Trail Blazers,2025
Robert Woodard II,Sacramento Kings,San Antonio Spurs,2021
Robin Lopez,Washington Wizards,Orlando Magic,2021
Robin Lopez,Orlando Magic,Cleveland Cavaliers,2022
Rodney Hood,Toronto Raptors,Los Angeles Clippers,2021
Romeo Langford,Boston Celtics,San Antonio Spurs,2021
Romeo Langford,San Antonio Spurs,San Antonio Spurs,2022
Ron Harper Jr.,Toronto Raptors,Detroit Pistons,2024
Ron Harper Jr.,Detroit Pistons,Boston Celtics,2025
Royce O'Neale,Utah Jazz,Utah Jazz,2021
Royce O'Neale,Utah Jazz,Brooklyn Nets,2022
Royce O'Neale,Brooklyn Nets,Phoenix Suns,2023
Royce O'Neale,Phoenix Suns,Phoenix Suns,2024
Royce O'Neale,Phoenix Suns,Phoenix Suns,2025
Rudy Gay,San Antonio Spurs,Utah Jazz,2021
Rudy Gay,Utah Jazz,Utah Jazz,2022
Rudy Gobert,Utah Jazz,Utah Jazz,2021
Rudy Gobert,Utah Jazz,Minnesota Timberwolves,2022
Rudy Gobert,Minnesota Timberwolves,Minnesota Timberwolves,2023
Rudy Gobert,Minnesota Timberwolves,Minnesota Timberwolves,2024
Rudy Gobert,Minnesota Timberwolves,Minnesota Timberwolves,2025
Rui Hachimura,Washington Wizards,Washington Wizards,2021
Rui Hachimura,Washington Wizards,Los Angeles Lakers,2022
Rui Hachimura,Los Angeles Lakers,Los Angeles Lakers,2023
Rui Hachimura,Los Angeles Lakers,Los Angeles Lakers,2024
Rui Hachimura,Los Angeles Lakers,Los Angeles Lakers,2025
Russell Westbrook,Washington Wizards,Los Angeles Lakers,2021
Russell Westbrook,Los Angeles Lakers,Los Angeles Clippers,2022
Russell Westbrook,Los Angeles Clippers,Los Angeles Clippers,2023
Russell Westbrook,Los Angeles Clippers,Denver Nuggets,2024
Russell Westbrook,Denver Nuggets,Sacramento Kings,2025
Ryan Arcidiacono,Chicago Bulls,New York Knicks,2021
Ryan Rollins,Golden State Warriors,Milwaukee Bucks,2023
Ryan Rollins,Milwaukee Bucks,Milwaukee Bucks,2024
Ryan Rollins,Milwaukee Bucks,Milwaukee Bucks,2025
Saben Lee,Detroit Pistons,Detroit Pistons,2021
Saben Lee,Detroit Pistons,Phoenix Suns,2022
Saben Lee,Phoenix Suns,Phoenix Suns,2023
Saddiq Bey,Detroit Pistons,Detroit Pistons,2021
Saddiq Bey,Detroit Pistons,Atlanta Hawks,2022
Saddiq Bey,Atlanta Hawks,Atlanta Hawks,2023
Saddiq Bey,Atlanta Hawks,Washington Wizards,2024
Saddiq Bey,Washington Wizards,New Orleans Pelicans,2025
Sam Merrill,Milwaukee Bucks,Cleveland Cavaliers,2022
Sam Merrill,Cleveland Cavaliers,Cleveland Cavaliers,2023
Sam Merrill,Cleveland Cavaliers,Cleveland Cavaliers,2024
Sam Merrill,Cleveland Cavaliers,Cleveland Cavaliers,2025
Sandro Mamukelashvili,Milwaukee Bucks,San Antonio Spurs,2022
Sandro Mamukelashvili,San Antonio Spurs,San Antonio Spurs,2023
Sandro Mamukelashvili,San Antonio Spurs,San Antonio Spurs,2024
Sandro Mamukelashvili,San Antonio Spurs,Toronto Raptors,2025
Scotty Pippen Jr.,Los Angeles Lakers,Memphis Grizzlies,2023
Scotty Pippen Jr.,Memphis Grizzlies,Memphis Grizzlies,2024
Scotty Pippen Jr.,Memphis Grizzlies,Memphis Grizzlies,2025
Serge Ibaka,Los Angeles Clippers,Milwaukee Bucks,2021
Seth Curry,Philadelphia 76ers,Brooklyn Nets,2021
Seth Curry,Brooklyn Nets,Brooklyn Nets,2022
Seth Curry,Brooklyn Nets,Charlotte Hornets,2023
Seth Curry,Charlotte Hornets,Charlotte Hornets,2024
Seth Lundy,Atlanta Hawks,Los Angeles Clippers,2024
Shake Milton,Philadelphia 76ers,Philadelphia 76ers,2021
Shake Milton,Philadelphia 76ers,Philadelphia 76ers,2022
Shake Milton,Philadelphia 76ers,New York Knicks,2023
Shake Milton,New York Knicks,Los Angeles Lakers,2024
Shaquille Harrison,Denver Nuggets,Los Angeles Lakers,2022
Sharife Cooper,Atlanta Hawks,Washington Wizards,2025
Sidy Cissoko,San Antonio Spurs,Portland Trail Blazers,2024
Sidy Cissoko,Portland Trail Blazers,Portland Trail Blazers,2025
Simone Fontecchio,Utah Jazz,Detroit Pistons,2023
Simone Fontecchio,Detroit Pistons,Detroit Pistons,2024
Simone Fontecchio,Detroit Pistons,Miami Heat,2025
Skylar Mays,Atlanta Hawks,Atlanta Hawks,2021
Skylar Mays,Atlanta Hawks,Los Angeles Lakers,2023
Spencer Dinwiddie,Brooklyn Nets,Dallas Mavericks,2021
Spencer Dinwiddie,Dallas Mavericks,Brooklyn Nets,2022
Spencer Dinwiddie,Brooklyn Nets,Los Angeles Lakers,2023
Spencer Dinwiddie,Los Angeles Lakers,Dallas Mavericks,2024
Stanley Johnson,Toronto Raptors,Los Angeles Lakers,2021
Stanley Umude,Detroit Pistons,Milwaukee Bucks,2024
Sterling Brown,Houston Rockets,Dallas Mavericks,2021
Steven Adams,New Orleans Pelicans,Memphis Grizzlies,2021
Steven Adams,Memphis Grizzlies,Memphis Grizzlies,2022
Steven Adams,Memphis Grizzlies,Houston Rockets,2023
Steven Adams,Houston Rockets,Houston Rockets,2024
Steven Adams,Houston Rockets,Houston Rockets,2025
Svi Mykhailiuk,Oklahoma City Thunder,Toronto Raptors,2021
Svi Mykhailiuk,Toronto Raptors,Charlotte Hornets,2022
Svi Mykhailiuk,Charlotte Hornets,Boston Celtics,2023
Svi Mykhailiuk,Boston Celtics,Utah Jazz,2024
Svi Mykhailiuk,Utah Jazz,Utah Jazz,2025
T.J. Warren,Indiana Pacers,Indiana Pacers,2021
T.J. Warren,Indiana Pacers,Phoenix Suns,2022
T.J. Warren,Phoenix Suns,Minnesota Timberwolves,2023
Taj Gibson,New York Knicks,New York Knicks,2021
Taj Gibson,New York Knicks,Washington Wizards,2022
Taj Gibson,Washington Wizards,Detroit Pistons,2023
Taj Gibson,Detroit Pistons,Charlotte Hornets,2024
Talen Horton-Tucker,Los Angeles Lakers,Los Angeles Lakers,2021
Talen Horton-Tucker,Los Angeles Lakers,Utah Jazz,2022
Talen Horton-Tucker,Utah Jazz,Utah Jazz,2023
Talen Horton-Tucker,Utah Jazz,Chicago Bulls,2024
Taurean Prince,Cleveland Cavaliers,Minnesota Timberwolves,2021
Taurean Prince,Minnesota Timberwolves,Minnesota Timberwolves,2022
Taurean Prince,Minnesota Timberwolves,Los Angeles Lakers,2023
Taurean Prince,Los Angeles Lakers,Milwaukee Bucks,2024
Taurean Prince,Milwaukee Bucks,Milwaukee Bucks,2025
Terance Mann,Los Angeles Clippers,Los Angeles Clippers,2021
Terance Mann,Los Angeles Clippers,Los Angeles Clippers,2022
Terance Mann,Los Angeles Clippers,Los Angeles Clippers,2023
Terance Mann,Los Angeles Clippers,Atlanta Hawks,2024
Terance Mann,Atlanta Hawks,Brooklyn Nets,2025
Terrence Ross,Orlando Magic,Orlando Magic,2021
Terrence Ross,Orlando Magic,Phoenix Suns,2022
Terry Rozier,Charlotte Hornets,Charlotte Hornets,2021
Terry Rozier,Charlotte Hornets,Charlotte Hornets,2022
Terry Rozier,Charlotte Hornets,Miami Heat,2023
Terry Rozier,Miami Heat,Miami Heat,2024
Terry Rozier,Miami Heat,Miami Heat,2025
Terry Taylor,Indiana Pacers,Chicago Bulls,2022
Thaddeus Young,Chicago Bulls,Toronto Raptors,2021
Thaddeus Young,Toronto Raptors,Toronto Raptors,2022
Thaddeus Young,Toronto Raptors,Phoenix Suns,2023
Theo Maledon,Oklahoma City Thunder,Oklahoma City Thunder,2021
Theo Maledon,Oklahoma City Thunder,Charlotte Hornets,2022
Theo Pinson,New York Knicks,Dallas Mavericks,2021
Theo Pinson,Dallas Mavericks,Dallas Mavericks,2022
Thomas Bryant,Washington Wizards,Washington Wizards,2021
Thomas Bryant,Washington Wizards,Denver Nuggets,2022
Thomas Bryant,Denver Nuggets,Miami Heat,2023
Thomas Bryant,Miami Heat,Indiana Pacers,2024
Thomas Bryant,Indiana Pacers,Cleveland Cavaliers,2025
Tim Hardaway Jr.,Dallas Mavericks,Dallas Mavericks,2021
Tim Hardaway Jr.,Dallas Mavericks,Dallas Mavericks,2022
Tim Hardaway Jr.,Dallas Mavericks,Dallas Mavericks,2023
Tim Hardaway Jr.,Dallas Mavericks,Detroit Pistons,2024
Tim Hardaway Jr.,Detroit Pistons,Denver Nuggets,2025
Timothe Luwawu-Cabarrot,Brooklyn Nets,Atlanta Hawks,2021
Tobias Harris,Philadelphia 76ers,Philadelphia 76ers,2021
Tobias Harris,Philadelphia 76ers,Philadelphia 76ers,2022
Tobias Harris,Philadelphia 76ers,Philadelphia 76ers,2023
Tobias Harris,Philadelphia 76ers,Detroit Pistons,2024
Tobias Harris,Detroit Pistons,Detroit Pistons,2025
Tomas Satoransky,Chicago Bulls,Washington Wizards,2021
Tony Bradley,Oklahoma City Thunder,Chicago Bulls,2021
Tony Bradley,Chicago Bulls,Indiana Pacers,2024
Tony Bradley,Indiana Pacers,Indiana Pacers,2025
Tony Snell,Atlanta Hawks,New Orleans Pelicans,2021
Torrey Craig,Phoenix Suns,Phoenix Suns,2021
Torrey Craig,Phoenix Suns,Phoenix Suns,2022
Torrey Craig,Phoenix Suns,Chicago Bulls,2023
Torrey Craig,Chicago Bulls,Boston Celtics,2024
Tosan Evbuomwan,Detroit Pistons,Brooklyn Nets,2024
Tosan Evbuomwan,Brooklyn Nets,New York Knicks,2025
Tre Jones,San Antonio Spurs,San Antonio Spurs,2021
Tre Jones,San Antonio Spurs,San Antonio Spurs,2022
Tre Jones,San Antonio Spurs,San Antonio Spurs,2023
Tre Jones,San Antonio Spurs,Chicago Bulls,2024
Tre Jones,Chicago Bulls,Chicago Bulls,2025
Tre Mann,Oklahoma City Thunder,Oklahoma City Thunder,2022
Tre Mann,Oklahoma City Thunder,Charlotte Hornets,2023
Tre Mann,Charlotte Hornets,Charlotte Hornets,2024
Tre Mann,Charlotte Hornets,Charlotte Hornets,2025
Trendon Watford,Portland Trail Blazers,Portland Trail Blazers,2022
Trendon Watford,Portland Trail Blazers,Brooklyn Nets,2023
Trendon Watford,Brooklyn Nets,Brooklyn Nets,2024
Trendon Watford,Brooklyn Nets,Philadelphia 76ers,2025
Trent Forrest,Utah Jazz,Utah Jazz,2021
Trent Forrest,Utah Jazz,Atlanta Hawks,2022
Trent Forrest,Atlanta Hawks,Atlanta Hawks,2023
Trentyn Flowers,Los Angeles Clippers,Chicago Bulls,2025
Trevelin Queen,Houston Rockets,Orlando Magic,2023
Trevelin Queen,Orlando Magic,Orlando Magic,2024
Trey Alexander,Denver Nuggets,New Orleans Pelicans,2025
Trey Jemison III,Memphis Grizzlies,Los Angeles Lakers,2024
Trey Jemison III,Los Angeles Lakers,New York Knicks,2025
Trey Lyles,San Antonio Spurs,Sacramento Kings,2021
Trey Lyles,Sacramento Kings,Sacramento Kings,2022
Trey Lyles,Sacramento Kings,Sacramento Kings,2023
Trey Lyles,Sacramento Kings,Sacramento Kings,2024
Tristan Thompson,Boston Celtics,Chicago Bulls,2021
Tristan Thompson,Chicago Bulls,Los Angeles Lakers,2022
Tristan Thompson,Los Angeles Lakers,Cleveland Cavaliers,2023
Tristan Thompson,Cleveland Cavaliers,Cleveland Cavaliers,2024
Troy Brown Jr.,Chicago Bulls,Chicago Bulls,2021
Troy Brown Jr.,Chicago Bulls,Los Angeles Lakers,2022
Troy Brown Jr.,Los Angeles Lakers,Detroit Pistons,2023
Ty Jerome,Oklahoma City Thunder,Oklahoma City Thunder,2021
Ty Jerome,Oklahoma City Thunder,Golden State Warriors,2022
Ty Jerome,Golden State Warriors,Cleveland Cavaliers,2023
Ty Jerome,Cleveland Cavaliers,Cleveland Cavaliers,2024
Ty Jerome,Cleveland Cavaliers,Memphis Grizzlies,2025
TyTy Washington Jr.,Houston Rockets,Milwaukee Bucks,2023
TyTy Washington Jr.,Milwaukee Bucks,Phoenix Suns,2024
Tyler Cook,Detroit Pistons,Chicago Bulls,2021
Tyrell Terry,Dallas Mavericks,Memphis Grizzlies,2021
Tyrese Haliburton,Sacramento Kings,Indiana Pacers,2021
Tyrese Haliburton,Indiana Pacers,Indiana Pacers,2022
Tyrese Haliburton,Indiana Pacers,Indiana Pacers,2023
Tyrese Haliburton,Indiana Pacers,Indiana Pacers,2024
Tyrese Haliburton,Indiana Pacers,Indiana Pacers,2025
Tyrese Martin,Atlanta Hawks,Brooklyn Nets,2024
Tyrese Martin,Brooklyn Nets,Brooklyn Nets,2025
Tyus Jones,Memphis Grizzlies,Memphis Grizzlies,2021
Tyus Jones,Memphis Grizzlies,Memphis Grizzlies,2022
Tyus Jones,Memphis Grizzlies,Washington Wizards,2023
Tyus Jones,Washington Wizards,Phoenix Suns,2024
Tyus Jones,Phoenix Suns,Orlando Magic,2025
Udoka Azubuike,Utah Jazz,Utah Jazz,2021
Udoka Azubuike,Utah Jazz,Utah Jazz,2022
Udoka Azubuike,Utah Jazz,Phoenix Suns,2023
Usman Garuba,Houston Rockets,Houston Rockets,2022
Usman Garuba,Houston Rockets,Golden State Warriors,2023
Vasilije Micic,Charlotte Hornets,Phoenix Suns,2024
Vernon Carey Jr.,Charlotte Hornets,Washington Wizards,2021
Vernon Carey Jr.,Washington Wizards,Utah Jazz,2022
Vít Krejčí,Oklahoma City Thunder,Atlanta Hawks,2022
Vít Krejčí,Atlanta Hawks,Atlanta Hawks,2023
Vít Krejčí,Atlanta Hawks,Atlanta Hawks,2024
Vít Krejčí,Atlanta Hawks,Atlanta Hawks,2025
Wayne Ellington,Detroit Pistons,Los Angeles Lakers,2021
Wendell Moore Jr.,Minnesota Timberwolves,Minnesota Timberwolves,2023
Wendell Moore Jr.,Minnesota Timberwolves,Charlotte Hornets,2024
Wenyen Gabriel,New Orleans Pelicans,Los Angeles Lakers,2021
Wenyen Gabriel,Los Angeles Lakers,Los Angeles Lakers,2022
Wesley Matthews,Los Angeles Lakers,Milwaukee Bucks,2021
Wesley Matthews,Milwaukee Bucks,Milwaukee Bucks,2022
Wesley Matthews,Milwaukee Bucks,Atlanta Hawks,2023
Will Barton,Denver Nuggets,Denver Nuggets,2021
Will Barton,Denver Nuggets,Toronto Raptors,2022
Willie Cauley-Stein,Dallas Mavericks,Houston Rockets,2022
Xavier Sneed,Utah Jazz,Charlotte Hornets,2022
Xavier Tillman,Memphis Grizzlies,Memphis Grizzlies,2021
Xavier Tillman,Memphis Grizzlies,Memphis Grizzlies,2022
Xavier Tillman,Memphis Grizzlies,Boston Celtics,2023
Xavier Tillman,Boston Celtics,Boston Celtics,2024
Xavier Tillman,Boston Celtics,Boston Celtics,2025
Yuta Watanabe,Toronto Raptors,Toronto Raptors,2021
Yuta Watanabe,Toronto Raptors,Brooklyn Nets,2022
Yuta Watanabe,Brooklyn Nets,Memphis Grizzlies,2023
Zach Collins,Portland Trail Blazers,San Antonio Spurs,2021
Zach Collins,San Antonio Spurs,San Antonio Spurs,2022
Zach Collins,San Antonio Spurs,San Antonio Spurs,2023
Zach Collins,San Antonio Spurs,Chicago Bulls,2024
Zach Collins,Chicago Bulls,Chicago Bulls,2025
Zach LaVine,Chicago Bulls,Chicago Bulls,2021
Zach LaVine,Chicago Bulls,Chicago Bulls,2022
Zach LaVine,Chicago Bulls,Chicago Bulls,2023
Zach LaVine,Chicago Bulls,Sacramento Kings,2024
Zach LaVine,Sacramento Kings,Sacramento Kings,2025
Ziaire Williams,Memphis Grizzlies,Memphis Grizzlies,2022
Ziaire Williams,Memphis Grizzlies,Memphis Grizzlies,2023
Ziaire Williams,Memphis Grizzlies,Brooklyn Nets,2024
Ziaire Williams,Brooklyn Nets,Brooklyn Nets,2025
