gamedate,HOME_TEAM,AWAY_TEAM,HOME_WIN,GAME_ID
2025-10-21,Lakers,Warriors,0,0022500002
2025-10-21,Thunder,Rockets,1,0022500001
2025-10-22,Hawks,Raptors,0,0022500082
2025-10-22,Celtics,76ers,0,0022500083
2025-10-22,Bulls,Pistons,1,0022500084
2025-10-22,Mavericks,Spurs,0,0022500004
2025-10-22,Bucks,Wizards,1,0022500086
2025-10-22,Knicks,Cavaliers,1,0022500003
2025-10-22,Magic,Heat,1,0022500081
2025-10-22,Suns,Kings,1,0022500088
2025-10-22,Trail Blazers,Timberwolves,0,0022500089
2025-10-22,Jazz,Clippers,1,0022500087
2025-10-22,Grizzlies,Pelicans,1,0022500085
2025-10-22,Hornets,Nets,1,0022500080
2025-10-23,Warriors,Nuggets,1,0022500006
2025-10-23,Pacers,Thunder,0,0022500005
2025-10-24,Pelicans,Spurs,0,0022500095
2025-10-24,Mavericks,Wizards,0,0022500096
2025-10-24,Rockets,Pistons,0,0022500093
2025-10-24,Clippers,Suns,1,0022500099
2025-10-24,Lakers,Timberwolves,1,0022500019
2025-10-24,Nets,Cavaliers,0,0022500091
2025-10-24,Knicks,Celtics,1,0022500018
2025-10-24,Magic,Hawks,0,0022500090
2025-10-24,Trail Blazers,Warriors,1,0022500097
2025-10-24,Kings,Jazz,1,0022500098
2025-10-24,Raptors,Bucks,0,0022500092
2025-10-24,Grizzlies,Heat,0,0022500094
2025-10-25,Hawks,Thunder,0,0022500101
2025-10-25,Nuggets,Suns,1,0022500104
2025-10-25,Magic,Bulls,0,0022500100
2025-10-25,Grizzlies,Pacers,1,0022500103
2025-10-25,76ers,Hornets,1,0022500102
2025-10-26,Cavaliers,Bucks,1,0022500107
2025-10-26,Mavericks,Raptors,1,0022500111
2025-10-26,Clippers,Trail Blazers,1,0022500112
2025-10-26,Heat,Knicks,1,0022500108
2025-10-26,Timberwolves,Pacers,1,0022500110
2025-10-26,Kings,Lakers,0,0022500113
2025-10-26,Spurs,Nets,1,0022500105
2025-10-26,Wizards,Hornets,0,0022500109
2025-10-26,Pistons,Celtics,1,0022500106
2025-10-27,Pelicans,Celtics,0,0022500117
2025-10-27,Bulls,Hawks,1,0022500115
2025-10-27,Mavericks,Thunder,0,0022500119
2025-10-27,Warriors,Grizzlies,1,0022500121
2025-10-27,Rockets,Nets,1,0022500116
2025-10-27,Lakers,Trail Blazers,0,0022500122
2025-10-27,Timberwolves,Nuggets,0,0022500008
2025-10-27,76ers,Magic,1,0022500114
2025-10-27,Spurs,Raptors,1,0022500118
2025-10-27,Jazz,Suns,1,0022500120
2025-10-27,Pistons,Cavaliers,0,0022500007
2025-10-28,Warriors,Clippers,1,0022500127
2025-10-28,Heat,Hornets,1,0022500124
2025-10-28,Bucks,Knicks,1,0022500125
2025-10-28,Thunder,Kings,1,0022500126
2025-10-28,Wizards,76ers,0,0022500123
2025-10-29,Celtics,Cavaliers,1,0022500128
2025-10-29,Bulls,Kings,1,0022500132
2025-10-29,Mavericks,Pacers,1,0022500133
2025-10-29,Nuggets,Pelicans,1,0022500134
2025-10-29,Timberwolves,Lakers,0,0022500136
2025-10-29,Nets,Hawks,0,0022500130
2025-10-29,Suns,Grizzlies,0,0022500137
2025-10-29,Raptors,Rockets,0,0022500131
2025-10-29,Jazz,Trail Blazers,0,0022500135
2025-10-29,Pistons,Magic,1,0022500129
2025-10-30,Bucks,Warriors,1,0022500139
2025-10-30,Spurs,Heat,1,0022500141
2025-10-30,Thunder,Wizards,1,0022500140
2025-10-30,Hornets,Magic,0,0022500138
2025-10-31,Cavaliers,Raptors,0,0022500022
2025-10-31,Bulls,Knicks,1,0022500023
2025-10-31,Clippers,Pelicans,1,0022500027
2025-10-31,Pacers,Hawks,0,0022500020
2025-10-31,76ers,Celtics,0,0022500021
2025-10-31,Suns,Jazz,1,0022500025
2025-10-31,Trail Blazers,Nuggets,1,0022500026
2025-10-31,Grizzlies,Lakers,0,0022500024
2025-11-01,Celtics,Rockets,0,0022500146
2025-11-01,Bucks,Kings,0,0022500142
2025-11-01,Pacers,Warriors,1,0022500144
2025-11-01,Wizards,Magic,0,0022500145
2025-11-01,Hornets,Timberwolves,0,0022500143
2025-11-02,Cavaliers,Hawks,1,0022500151
2025-11-02,Lakers,Heat,1,0022500155
2025-11-02,Nets,76ers,0,0022500149
2025-11-02,Knicks,Bulls,1,0022500153
2025-11-02,Suns,Spurs,1,0022500154
2025-11-02,Thunder,Pelicans,1,0022500148
2025-11-02,Raptors,Grizzlies,1,0022500152
2025-11-02,Hornets,Jazz,1,0022500150
2025-11-03,Celtics,Jazz,0,0022500158
2025-11-03,Nuggets,Kings,1,0022500162
2025-11-03,Rockets,Mavericks,1,0022500160
2025-11-03,Clippers,Heat,0,0022500164
2025-11-03,Nets,Timberwolves,0,0022500156
2025-11-03,Knicks,Wizards,1,0022500159
2025-11-03,Pacers,Bucks,0,0022500157
2025-11-03,Trail Blazers,Lakers,0,0022500163
2025-11-03,Grizzlies,Pistons,0,0022500161
2025-11-04,Hawks,Magic,1,0022500166
2025-11-04,Pelicans,Hornets,1,0022500168
2025-11-04,Bulls,76ers,1,0022500167
2025-11-04,Warriors,Suns,1,0022500169
2025-11-04,Clippers,Thunder,0,0022500170
2025-11-04,Raptors,Bucks,1,0022500165
2025-11-05,Celtics,Wizards,1,0022500174
2025-11-05,Cavaliers,76ers,1,0022500171
2025-11-05,Mavericks,Pelicans,0,0022500177
2025-11-05,Nuggets,Heat,1,0022500178
2025-11-05,Lakers,Spurs,1,0022500179
2025-11-05,Knicks,Timberwolves,1,0022500175
2025-11-05,Pacers,Nets,0,0022500173
2025-11-05,Trail Blazers,Thunder,1,0022500180
2025-11-05,Kings,Warriors,1,0022500181
2025-11-05,Grizzlies,Rockets,0,0022500176
2025-11-05,Pistons,Jazz,1,0022500172
2025-11-06,Suns,Clippers,1,0022500182
2025-11-07,Hawks,Raptors,0,0022500030
2025-11-07,Nuggets,Warriors,1,0022500037
2025-11-07,Heat,Hornets,1,0022500033
2025-11-07,Bucks,Bulls,1,0022500035
2025-11-07,Timberwolves,Jazz,1,0022500036
2025-11-07,Nets,Pistons,0,0022500031
2025-11-07,Magic,Celtics,1,0022500028
2025-11-07,Kings,Thunder,0,0022500038
2025-11-07,Spurs,Rockets,1,0022500032
2025-11-07,Grizzlies,Mavericks,1,0022500034
2025-11-07,Wizards,Cavaliers,0,0022500029
2025-11-08,Hawks,Lakers,1,0022500185
2025-11-08,Cavaliers,Bulls,1,0022500186
2025-11-08,Nuggets,Pacers,1,0022500189
2025-11-08,Clippers,Suns,0,0022500190
2025-11-08,Heat,Trail Blazers,1,0022500187
2025-11-08,76ers,Raptors,1,0022500184
2025-11-08,Spurs,Pelicans,1,0022500188
2025-11-08,Wizards,Mavericks,0,0022500183
2025-11-09,Warriors,Pacers,1,0022500196
2025-11-09,Bucks,Rockets,0,0022500191
2025-11-09,Knicks,Nets,1,0022500192
2025-11-09,Magic,Celtics,0,0022500193
2025-11-09,76ers,Pistons,0,0022500195
2025-11-09,Kings,Timberwolves,0,0022500197
2025-11-09,Grizzlies,Thunder,0,0022500194
2025-11-10,Bulls,Spurs,0,0022500202
2025-11-10,Mavericks,Bucks,0,0022500203
2025-11-10,Clippers,Hawks,0,0022500206
2025-11-10,Heat,Cavaliers,1,0022500201
2025-11-10,Magic,Trail Blazers,1,0022500200
2025-11-10,Suns,Pelicans,1,0022500204
2025-11-10,Jazz,Timberwolves,0,0022500205
2025-11-10,Pistons,Wizards,1,0022500199
2025-11-10,Hornets,Lakers,0,0022500198
2025-11-11,Nets,Raptors,0,0022500207
2025-11-11,Knicks,Grizzlies,1,0022500208
2025-11-11,76ers,Celtics,1,0022500209
2025-11-11,Kings,Nuggets,0,0022500212
2025-11-11,Thunder,Warriors,1,0022500210
2025-11-11,Jazz,Pacers,1,0022500211
2025-11-12,Celtics,Grizzlies,1,0022500216
2025-11-12,Pelicans,Trail Blazers,0,0022500219
2025-11-12,Mavericks,Suns,0,0022500221
2025-11-12,Rockets,Wizards,1,0022500218
2025-11-12,Clippers,Nuggets,0,0022500224
2025-11-12,Heat,Cavaliers,0,0022500217
2025-11-12,Knicks,Magic,0,0022500215
2025-11-12,Kings,Hawks,0,0022500223
2025-11-12,Spurs,Warriors,0,0022500220
2025-11-12,Thunder,Lakers,1,0022500222
2025-11-12,Pistons,Bulls,1,0022500214
2025-11-12,Hornets,Bucks,1,0022500213
2025-11-13,Cavaliers,Raptors,0,0022500225
2025-11-13,Suns,Pacers,1,0022500226
2025-11-13,Jazz,Hawks,0,0022500227
2025-11-14,Pelicans,Lakers,0,0022500045
2025-11-14,Mavericks,Clippers,0,0022500046
2025-11-14,Rockets,Trail Blazers,1,0022500042
2025-11-14,Bucks,Hornets,1,0022500043
2025-11-14,Timberwolves,Kings,1,0022500044
2025-11-14,Knicks,Heat,1,0022500039
2025-11-14,Magic,Nets,1,0022500040
2025-11-14,Spurs,Warriors,0,0022500047
2025-11-14,Pistons,76ers,1,0022500041
2025-11-15,Cavaliers,Grizzlies,1,0022500228
2025-11-15,Bucks,Lakers,0,0022500231
2025-11-15,Timberwolves,Nuggets,0,0022500232
2025-11-15,Pacers,Raptors,0,0022500230
2025-11-15,Hornets,Thunder,0,0022500229
2025-11-16,Celtics,Clippers,1,0022500233
2025-11-16,Pelicans,Warriors,0,0022500237
2025-11-16,Mavericks,Trail Blazers,1,0022500238
2025-11-16,Rockets,Magic,1,0022500236
2025-11-16,Suns,Hawks,0,0022500239
2025-11-16,Spurs,Kings,1,0022500234
2025-11-16,Jazz,Bulls,1,0022500240
2025-11-16,Wizards,Nets,0,0022500235
2025-11-17,Cavaliers,Bucks,1,0022500241
2025-11-17,Pelicans,Thunder,0,0022500247
2025-11-17,Nuggets,Bulls,0,0022500248
2025-11-17,Heat,Knicks,1,0022500244
2025-11-17,Timberwolves,Mavericks,1,0022500246
2025-11-17,76ers,Clippers,1,0022500243
2025-11-17,Raptors,Hornets,1,0022500245
2025-11-17,Pistons,Pacers,1,0022500242
2025-11-18,Hawks,Pistons,0,0022500251
2025-11-18,Lakers,Jazz,1,0022500253
2025-11-18,Nets,Celtics,0,0022500250
2025-11-18,Magic,Warriors,1,0022500249
2025-11-18,Trail Blazers,Suns,0,0022500254
2025-11-18,Spurs,Grizzlies,1,0022500252
2025-11-19,Cavaliers,Rockets,0,0022500255
2025-11-19,Pelicans,Nuggets,0,0022500260
2025-11-19,Mavericks,Knicks,0,0022500262
2025-11-19,Heat,Warriors,1,0022500257
2025-11-19,Timberwolves,Wizards,1,0022500259
2025-11-19,Pacers,Hornets,1,0022500256
2025-11-19,76ers,Raptors,0,0022500258
2025-11-19,Trail Blazers,Bulls,0,0022500263
2025-11-19,Thunder,Kings,1,0022500261
2025-11-20,Bucks,76ers,0,0022500266
2025-11-20,Magic,Clippers,1,0022500264
2025-11-20,Spurs,Hawks,1,0022500267
2025-11-20,Grizzlies,Kings,1,0022500265
2025-11-21,Celtics,Nets,0,0022500049
2025-11-21,Cavaliers,Pacers,1,0022500048
2025-11-21,Bulls,Heat,0,0022500051
2025-11-21,Mavericks,Pelicans,1,0022500052
2025-11-21,Warriors,Trail Blazers,0,0022500056
2025-11-21,Rockets,Nuggets,0,0022500054
2025-11-21,Suns,Timberwolves,1,0022500053
2025-11-21,Raptors,Wizards,1,0022500050
2025-11-21,Jazz,Thunder,0,0022500055
2025-11-22,Pelicans,Hawks,0,0022500270
2025-11-22,Bulls,Wizards,1,0022500271
2025-11-22,Mavericks,Grizzlies,0,0022500273
2025-11-22,Nuggets,Kings,0,0022500274
2025-11-22,Bucks,Pistons,0,0022500272
2025-11-22,Magic,Knicks,1,0022500269
2025-11-22,Hornets,Clippers,0,0022500268
2025-11-23,Hawks,Hornets,1,0022500276
2025-11-23,Celtics,Magic,1,0022500277
2025-11-23,Cavaliers,Clippers,1,0022500278
2025-11-23,76ers,Heat,0,0022500275
2025-11-23,Suns,Spurs,1,0022500281
2025-11-23,Thunder,Trail Blazers,1,0022500280
2025-11-23,Raptors,Nets,1,0022500279
2025-11-23,Jazz,Lakers,0,0022500282
2025-11-24,Pelicans,Bulls,1,0022500289
2025-11-24,Warriors,Jazz,1,0022500291
2025-11-24,Heat,Mavericks,1,0022500286
2025-11-24,Bucks,Trail Blazers,0,0022500288
2025-11-24,Nets,Knicks,0,0022500285
2025-11-24,Pacers,Pistons,0,0022500283
2025-11-24,Suns,Rockets,0,0022500290
2025-11-24,Kings,Timberwolves,1,0022500292
2025-11-24,Raptors,Cavaliers,1,0022500284
2025-11-24,Grizzlies,Nuggets,0,0022500287
2025-11-25,Lakers,Clippers,1,0022500059
2025-11-25,76ers,Magic,0,0022500058
2025-11-25,Wizards,Hawks,1,0022500057
2025-11-26,Celtics,Pistons,1,0022500060
2025-11-26,Pelicans,Grizzlies,0,0022500065
2025-11-26,Warriors,Rockets,0,0022500066
2025-11-26,Heat,Bucks,1,0022500062
2025-11-26,Trail Blazers,Spurs,0,0022500067
2025-11-26,Kings,Suns,0,0022500068
2025-11-26,Thunder,Timberwolves,1,0022500064
2025-11-26,Raptors,Pacers,1,0022500063
2025-11-26,Hornets,Knicks,0,0022500061
2025-11-28,Hawks,Cavaliers,1,0022500069
2025-11-28,Nuggets,Spurs,0,0022500076
2025-11-28,Clippers,Grizzlies,0,0022500079
2025-11-28,Lakers,Mavericks,1,0022500078
2025-11-28,Nets,76ers,0,0022500070
2025-11-28,Knicks,Bucks,1,0022500074
2025-11-28,Pacers,Wizards,1,0022500073
2025-11-28,Thunder,Suns,1,0022500075
2025-11-28,Jazz,Kings,1,0022500077
2025-11-28,Pistons,Magic,0,0022500072
2025-11-28,Hornets,Bulls,1,0022500071
2025-11-29,Warriors,Pelicans,1,0022500298
2025-11-29,Clippers,Mavericks,0,0022500300
2025-11-29,Heat,Pistons,0,0022500296
2025-11-29,Bucks,Nets,1,0022500297
2025-11-29,Timberwolves,Celtics,1,0022500293
2025-11-29,Pacers,Bulls,1,0022500295
2025-11-29,Suns,Nuggets,0,0022500299
2025-11-29,Hornets,Raptors,1,0022500294
2025-11-30,Cavaliers,Celtics,0,0022500302
2025-11-30,Lakers,Pelicans,1,0022500308
2025-11-30,Timberwolves,Spurs,1,0022500306
2025-11-30,Knicks,Raptors,1,0022500303
2025-11-30,76ers,Hawks,0,0022500304
2025-11-30,Trail Blazers,Thunder,0,0022500305
2025-11-30,Kings,Grizzlies,0,0022500307
2025-11-30,Jazz,Rockets,0,0022500301
2025-12-01,Nuggets,Mavericks,0,0022500315
2025-12-01,Lakers,Suns,0,0022500317
2025-12-01,Heat,Clippers,1,0022500313
2025-12-01,Nets,Hornets,1,0022500312
2025-12-01,Magic,Bulls,1,0022500314
2025-12-01,Pacers,Cavaliers,0,0022500310
2025-12-01,Jazz,Rockets,1,0022500316
2025-12-01,Wizards,Bucks,1,0022500311
2025-12-01,Pistons,Hawks,1,0022500309
2025-12-02,Celtics,Knicks,1,0022500320
2025-12-02,Pelicans,Timberwolves,0,0022500321
2025-12-02,Warriors,Thunder,0,0022500323
2025-12-02,76ers,Wizards,1,0022500318
2025-12-02,Spurs,Grizzlies,1,0022500322
2025-12-02,Raptors,Trail Blazers,1,0022500319
2025-12-03,Hawks,Clippers,0,0022500327
2025-12-03,Cavaliers,Trail Blazers,0,0022500324
2025-12-03,Bulls,Nets,0,0022500329
2025-12-03,Rockets,Kings,1,0022500330
2025-12-03,Bucks,Pistons,1,0022500331
2025-12-03,Knicks,Hornets,1,0022500328
2025-12-03,Magic,Spurs,0,0022500326
2025-12-03,Pacers,Nuggets,0,0022500325
2025-12-03,Mavericks,Heat,1,0022500332
2025-12-04,Pelicans,Timberwolves,0,0022500337
2025-12-04,Nets,Jazz,0,0022500335
2025-12-04,76ers,Warriors,1,0022500333
2025-12-04,Raptors,Lakers,0,0022500336
2025-12-04,Wizards,Celtics,0,0022500334
2025-12-05,Hawks,Nuggets,0,0022500340
2025-12-05,Celtics,Lakers,1,0022500338
2025-12-05,Cavaliers,Spurs,1,0022500341
2025-12-05,Bulls,Pacers,0,0022500345
2025-12-05,Rockets,Suns,1,0022500346
2025-12-05,Bucks,76ers,0,0022500348
2025-12-05,Knicks,Jazz,1,0022500343
2025-12-05,Magic,Heat,1,0022500339
2025-12-05,Thunder,Mavericks,1,0022500349
2025-12-05,Raptors,Hornets,0,0022500344
2025-12-05,Grizzlies,Clippers,1,0022500347
2025-12-05,Pistons,Trail Blazers,1,0022500342
2025-12-06,Cavaliers,Warriors,0,0022500352
2025-12-06,Mavericks,Rockets,1,0022500356
2025-12-06,Heat,Kings,0,0022500354
2025-12-06,Timberwolves,Clippers,1,0022500355
2025-12-06,Nets,Pelicans,1,0022500350
2025-12-06,Wizards,Hawks,0,0022500351
2025-12-06,Pistons,Bucks,1,0022500353
2025-12-07,Bulls,Warriors,0,0022500361
2025-12-07,Knicks,Magic,1,0022500357
2025-12-07,76ers,Lakers,0,0022500362
2025-12-07,Raptors,Celtics,0,0022500358
2025-12-07,Jazz,Thunder,0,0022500363
2025-12-07,Grizzlies,Trail Blazers,1,0022500360
2025-12-07,Hornets,Nuggets,0,0022500359
2025-12-08,Pelicans,Spurs,0,0022500366
2025-12-08,Timberwolves,Suns,0,0022500365
2025-12-08,Pacers,Kings,1,0022500364
2025-12-09,Magic,Heat,1,0022501201
2025-12-09,Raptors,Knicks,0,0022501202
2025-12-10,Lakers,Spurs,0,0022501204
2025-12-10,Thunder,Suns,1,0022501203
2025-12-11,Pelicans,Trail Blazers,1,0022501207
2025-12-11,Rockets,Clippers,1,0022501205
2025-12-11,Bucks,Celtics,1,0022501206
2025-12-11,Kings,Nuggets,0,0022501208
2025-12-12,Mavericks,Nets,1,0022501214
2025-12-12,Warriors,Timberwolves,0,0022501215
2025-12-12,76ers,Pacers,1,0022501211
2025-12-12,Grizzlies,Jazz,0,0022501213
2025-12-12,Wizards,Cavaliers,0,0022501212
2025-12-12,Pistons,Hawks,1,0022501210
2025-12-12,Hornets,Bulls,0,0022501209
2025-12-14,Hawks,76ers,1,0022501217
2025-12-14,Cavaliers,Hornets,0,0022501218
2025-12-14,Bulls,Pelicans,0,0022501223
2025-12-14,Timberwolves,Kings,1,0022501220
2025-12-14,Nets,Bucks,1,0022501219
2025-12-14,Pacers,Wizards,0,0022501216
2025-12-14,Suns,Lakers,0,0022501228
2025-12-14,Trail Blazers,Warriors,1,0022501221
2025-12-15,Celtics,Pistons,0,0022501222
2025-12-15,Nuggets,Rockets,1,0022501225
2025-12-15,Clippers,Grizzlies,0,0022501226
2025-12-15,Heat,Raptors,0,0022501227
2025-12-15,Jazz,Mavericks,1,0022501224
2025-12-17,Bulls,Cavaliers,1,0022500367
2025-12-17,Timberwolves,Grizzlies,0,0022500368
2025-12-18,Pelicans,Rockets,1,0022500375
2025-12-18,Mavericks,Pistons,1,0022500376
2025-12-18,Nuggets,Magic,1,0022500377
2025-12-18,Bucks,Raptors,0,0022500374
2025-12-18,Nets,Heat,0,0022500373
2025-12-18,Pacers,Knicks,0,0022500372
2025-12-18,Suns,Warriors,1,0022500378
2025-12-18,Trail Blazers,Kings,1,0022500380
2025-12-18,Spurs,Wizards,1,0022500370
2025-12-18,Thunder,Clippers,1,0022500369
2025-12-18,Jazz,Lakers,0,0022500379
2025-12-18,Hornets,Hawks,1,0022500371
2025-12-19,Hawks,Spurs,0,0022500383
2025-12-19,Celtics,Heat,1,0022500381
2025-12-19,Cavaliers,Bulls,0,0022500384
2025-12-19,Timberwolves,Thunder,1,0022500385
2025-12-19,Knicks,76ers,0,0022500382
2025-12-20,Pelicans,Pacers,1,0022500389
2025-12-20,Nuggets,Rockets,0,0022500386
2025-12-20,Warriors,Suns,1,0022500392
2025-12-20,Clippers,Lakers,1,0022500395
2025-12-20,76ers,Mavericks,1,0022500387
2025-12-20,Kings,Trail Blazers,0,0022500394
2025-12-20,Raptors,Celtics,0,0022500388
2025-12-20,Jazz,Magic,0,0022500393
2025-12-20,Grizzlies,Wizards,0,0022500391
2025-12-20,Pistons,Hornets,1,0022500390
2025-12-21,Hawks,Bulls,0,0022500396
2025-12-21,Timberwolves,Bucks,1,0022500400
2025-12-21,Nets,Raptors,1,0022500397
2025-12-21,Knicks,Heat,1,0022500398
2025-12-21,Kings,Rockets,1,0022500401
2025-12-21,Wizards,Spurs,0,0022500399
2025-12-22,Celtics,Pacers,1,0022500403
2025-12-22,Cavaliers,Hornets,1,0022500402
2025-12-22,Pelicans,Mavericks,1,0022500404
2025-12-22,Nuggets,Jazz,1,0022500405
2025-12-22,Warriors,Magic,1,0022500407
2025-12-22,Trail Blazers,Pistons,0,0022500408
2025-12-22,Thunder,Grizzlies,1,0022500406
2025-12-23,Hawks,Bulls,0,0022500411
2025-12-23,Cavaliers,Pelicans,1,0022500412
2025-12-23,Mavericks,Nuggets,1,0022500415
2025-12-23,Clippers,Rockets,1,0022500422
2025-12-23,Heat,Raptors,0,0022500414
2025-12-23,Timberwolves,Knicks,1,0022500416
2025-12-23,Pacers,Bucks,0,0022500413
2025-12-23,76ers,Nets,0,0022500410
2025-12-23,Suns,Lakers,1,0022500418
2025-12-23,Trail Blazers,Magic,0,0022500420
2025-12-23,Kings,Pistons,0,0022500421
2025-12-23,Spurs,Thunder,1,0022500417
2025-12-23,Jazz,Grizzlies,0,0022500419
2025-12-23,Hornets,Wizards,1,0022500409
2025-12-25,Nuggets,Timberwolves,1,0022500013
2025-12-25,Warriors,Mavericks,1,0022500011
2025-12-25,Lakers,Rockets,0,0022500012
2025-12-25,Knicks,Cavaliers,1,0022500009
2025-12-25,Thunder,Spurs,0,0022500010
2025-12-26,Hawks,Heat,0,0022500423
2025-12-26,Pelicans,Suns,0,0022500429
2025-12-26,Bulls,76ers,1,0022500427
2025-12-26,Magic,Hornets,0,0022500424
2025-12-26,Pacers,Celtics,0,0022500426
2025-12-26,Trail Blazers,Clippers,0,0022500431
2025-12-26,Jazz,Pistons,1,0022500430
2025-12-26,Grizzlies,Bucks,1,0022500428
2025-12-26,Wizards,Raptors,1,0022500425
2025-12-27,Hawks,Knicks,0,0022500435
2025-12-27,Pelicans,Suns,0,0022500434
2025-12-27,Bulls,Bucks,0,0022500437
2025-12-27,Rockets,Cavaliers,1,0022500438
2025-12-27,Heat,Pacers,1,0022500436
2025-12-27,Timberwolves,Nets,0,0022500439
2025-12-27,Magic,Nuggets,1,0022500433
2025-12-27,Kings,Mavericks,1,0022500432
2025-12-27,Spurs,Jazz,0,0022500440
2025-12-28,Clippers,Pistons,1,0022500445
2025-12-28,Lakers,Kings,1,0022500446
2025-12-28,Trail Blazers,Celtics,1,0022500444
2025-12-28,Thunder,76ers,1,0022500442
2025-12-28,Raptors,Warriors,1,0022500441
2025-12-28,Wizards,Grizzlies,1,0022500443
2025-12-29,Pelicans,Knicks,0,0022500454
2025-12-29,Bulls,Timberwolves,0,0022500452
2025-12-29,Rockets,Pacers,1,0022500453
2025-12-29,Heat,Nuggets,1,0022500450
2025-12-29,Nets,Warriors,0,0022500449
2025-12-29,Trail Blazers,Mavericks,1,0022500457
2025-12-29,Spurs,Cavaliers,0,0022500456
2025-12-29,Thunder,Hawks,1,0022500455
2025-12-29,Raptors,Magic,1,0022500451
2025-12-29,Wizards,Suns,0,0022500448
2025-12-29,Hornets,Bucks,0,0022500447
2025-12-30,Clippers,Kings,1,0022500461
2025-12-30,Lakers,Pistons,0,0022500460
2025-12-30,Jazz,Celtics,0,0022500459
2025-12-30,Grizzlies,76ers,0,0022500458
2025-12-31,Hawks,Timberwolves,1,0022500463
2025-12-31,Cavaliers,Suns,1,0022500465
2025-12-31,Bulls,Pelicans,1,0022500466
2025-12-31,Bucks,Wizards,0,0022500469
2025-12-31,Pacers,Magic,0,0022500464
2025-12-31,Spurs,Knicks,1,0022500467
2025-12-31,Thunder,Trail Blazers,1,0022500470
2025-12-31,Raptors,Nuggets,0,0022500468
2025-12-31,Hornets,Warriors,0,0022500462
2026-01-01,Mavericks,76ers,0,0022500473
2026-01-01,Clippers,Jazz,1,0022500475
2026-01-01,Nets,Rockets,0,0022500471
2026-01-01,Kings,Celtics,0,0022500474
2026-01-01,Pistons,Heat,0,0022500472
2026-01-02,Cavaliers,Nuggets,1,0022500478
2026-01-02,Pelicans,Trail Blazers,0,0022500482
2026-01-02,Bulls,Magic,1,0022500480
2026-01-02,Warriors,Thunder,0,0022500484
2026-01-02,Lakers,Grizzlies,1,0022500485
2026-01-02,Bucks,Hornets,1,0022500481
2026-01-02,Knicks,Hawks,0,0022500479
2026-01-02,Pacers,Spurs,0,0022500476
2026-01-02,Suns,Kings,1,0022500483
2026-01-02,Wizards,Nets,1,0022500477
2026-01-03,Bulls,Hornets,0,0022500489
2026-01-03,Mavericks,Rockets,1,0022500491
2026-01-03,Warriors,Jazz,1,0022500492
2026-01-03,Clippers,Celtics,0,0022500493
2026-01-03,Heat,Timberwolves,0,0022500486
2026-01-03,Knicks,76ers,0,0022500487
2026-01-03,Spurs,Trail Blazers,0,0022500490
2026-01-03,Raptors,Hawks,1,0022500488
2026-01-04,Cavaliers,Pistons,0,0022500494
2026-01-04,Lakers,Grizzlies,1,0022500501
2026-01-04,Heat,Pelicans,1,0022500497
2026-01-04,Nets,Nuggets,1,0022500496
2026-01-04,Magic,Pacers,1,0022500495
2026-01-04,Suns,Thunder,1,0022500499
2026-01-04,Kings,Bucks,0,0022500500
2026-01-04,Wizards,Timberwolves,0,0022500498
2026-01-05,Celtics,Bulls,1,0022500503
2026-01-05,Rockets,Suns,1,0022500505
2026-01-05,Clippers,Warriors,1,0022500508
2026-01-05,76ers,Nuggets,0,0022500507
2026-01-05,Trail Blazers,Jazz,1,0022500509
2026-01-05,Thunder,Hornets,0,0022500506
2026-01-05,Raptors,Hawks,1,0022500504
2026-01-05,Pistons,Knicks,1,0022500502
2026-01-06,Pelicans,Lakers,0,0022500514
2026-01-06,Timberwolves,Heat,1,0022500513
2026-01-06,Pacers,Cavaliers,0,0022500510
2026-01-06,Kings,Mavericks,0,0022500515
2026-01-06,Grizzlies,Spurs,1,0022500512
2026-01-06,Wizards,Magic,1,0022500511
2026-01-07,Hawks,Pelicans,1,0022500519
2026-01-07,Celtics,Nuggets,0,0022500520
2026-01-07,Warriors,Bucks,1,0022500526
2026-01-07,Nets,Magic,0,0022500521
2026-01-07,Knicks,Clippers,1,0022500522
2026-01-07,76ers,Wizards,1,0022500518
2026-01-07,Trail Blazers,Rockets,1,0022500527
2026-01-07,Spurs,Lakers,1,0022500523
2026-01-07,Thunder,Jazz,1,0022500525
2026-01-07,Grizzlies,Suns,0,0022500524
2026-01-07,Pistons,Bulls,1,0022500517
2026-01-07,Hornets,Raptors,0,0022500516
2026-01-08,Timberwolves,Cavaliers,1,0022500530
2026-01-08,Jazz,Mavericks,1,0022500531
2026-01-08,Hornets,Pacers,0,0022500528
2026-01-09,Celtics,Raptors,1,0022500532
2026-01-09,Nuggets,Hawks,0,0022500537
2026-01-09,Warriors,Kings,1,0022500539
2026-01-09,Lakers,Bucks,0,0022500541
2026-01-09,Nets,Clippers,0,0022500535
2026-01-09,Magic,76ers,0,0022500533
2026-01-09,Suns,Knicks,1,0022500538
2026-01-09,Trail Blazers,Rockets,1,0022500540
2026-01-09,Grizzlies,Thunder,0,0022500536
2026-01-09,Wizards,Pelicans,0,0022500534
2026-01-10,Celtics,Spurs,0,0022500545
2026-01-10,Cavaliers,Timberwolves,1,0022500542
2026-01-10,Bulls,Mavericks,1,0022500546
2026-01-10,Pacers,Heat,1,0022500543
2026-01-10,Jazz,Hornets,0,0022500547
2026-01-10,Pistons,Clippers,0,0022500544
2026-01-11,Nuggets,Bucks,1,0022500554
2026-01-11,Warriors,Hawks,0,0022500556
2026-01-11,Timberwolves,Spurs,1,0022500552
2026-01-11,Magic,Pelicans,1,0022500548
2026-01-11,Suns,Wizards,1,0022500555
2026-01-11,Trail Blazers,Knicks,0,0022500551
2026-01-11,Kings,Rockets,1,0022500557
2026-01-11,Thunder,Heat,1,0022500553
2026-01-11,Raptors,76ers,1,0022500550
2026-01-11,Grizzlies,Nets,1,0022500549
2026-01-12,Cavaliers,Jazz,0,0022500558
2026-01-12,Mavericks,Nets,1,0022500561
2026-01-12,Clippers,Hornets,1,0022500563
2026-01-12,Pacers,Celtics,1,0022500559
2026-01-12,Kings,Lakers,1,0022500562
2026-01-12,Raptors,76ers,0,0022500560
2026-01-13,Pelicans,Nuggets,0,0022500567
2026-01-13,Warriors,Trail Blazers,1,0022500570
2026-01-13,Rockets,Bulls,1,0022500565
2026-01-13,Lakers,Hawks,1,0022500569
2026-01-13,Heat,Suns,1,0022500564
2026-01-13,Bucks,Timberwolves,0,0022500566
2026-01-13,Thunder,Spurs,1,0022500568
2026-01-14,Pelicans,Nets,1,0022500574
2026-01-14,Bulls,Jazz,1,0022500573
2026-01-14,Mavericks,Nuggets,0,0022500575
2026-01-14,Clippers,Wizards,1,0022500577
2026-01-14,Pacers,Raptors,0,0022500571
2026-01-14,76ers,Cavaliers,0,0022500572
2026-01-14,Kings,Knicks,1,0022500576
2026-01-15,Mavericks,Jazz,1,0022500583
2026-01-15,Warriors,Knicks,1,0022500584
2026-01-15,Rockets,Thunder,0,0022500581
2026-01-15,Lakers,Hornets,0,0022500586
2026-01-15,Heat,Celtics,0,0022500580
2026-01-15,Trail Blazers,Hawks,1,0022500585
2026-01-15,Spurs,Bucks,1,0022500582
2026-01-15,Pistons,Suns,1,0022500579
2026-01-16,Rockets,Timberwolves,1,0022500591
2026-01-16,Nets,Bulls,1,0022500587
2026-01-16,Pacers,Pelicans,1,0022500588
2026-01-16,76ers,Cavaliers,0,0022500589
2026-01-16,Kings,Wizards,1,0022500592
2026-01-16,Raptors,Clippers,0,0022500590
2026-01-17,Hawks,Celtics,0,0022500594
2026-01-17,Mavericks,Jazz,1,0022500593
2026-01-17,Nuggets,Wizards,1,0022500600
2026-01-17,Warriors,Hornets,1,0022500599
2026-01-17,Heat,Thunder,1,0022500597
2026-01-17,Knicks,Suns,0,0022500596
2026-01-17,Trail Blazers,Lakers,1,0022500601
2026-01-17,Spurs,Timberwolves,1,0022500598
2026-01-17,Pistons,Pacers,1,0022500595
2026-01-18,Bulls,Nets,1,0022500603
2026-01-18,Nuggets,Hornets,0,0022500605
2026-01-18,Rockets,Pelicans,1,0022500604
2026-01-18,Lakers,Raptors,1,0022500607
2026-01-18,Kings,Trail Blazers,0,0022500606
2026-01-19,Hawks,Bucks,0,0022500014
2026-01-19,Cavaliers,Thunder,0,0022500015
2026-01-19,Warriors,Heat,1,0022500612
2026-01-19,Nets,Suns,0,0022500610
2026-01-19,Knicks,Mavericks,0,0022500016
2026-01-19,76ers,Pacers,1,0022500609
2026-01-19,Spurs,Jazz,1,0022500611
2026-01-19,Wizards,Clippers,0,0022500608
2026-01-19,Pistons,Celtics,1,0022500017
2026-01-20,Bulls,Clippers,1,0022500614
2026-01-20,Nuggets,Lakers,0,0022500617
2026-01-20,Warriors,Raptors,0,0022500618
2026-01-20,Rockets,Spurs,1,0022500615
2026-01-20,76ers,Suns,0,0022500613
2026-01-20,Kings,Heat,0,0022500619
2026-01-20,Jazz,Timberwolves,1,0022500616
2026-01-21,Celtics,Pacers,1,0022500621
2026-01-21,Pelicans,Pistons,0,0022500624
2026-01-21,Bucks,Thunder,0,0022500625
2026-01-21,Knicks,Nets,1,0022500622
2026-01-21,Kings,Raptors,0,0022500626
2026-01-21,Grizzlies,Hawks,0,0022500623
2026-01-21,Hornets,Cavaliers,0,0022500620
2026-01-22,Mavericks,Warriors,1,0022500630
2026-01-22,Clippers,Lakers,1,0022500633
2026-01-22,Timberwolves,Bulls,0,0022500631
2026-01-22,Magic,Hornets,0,0022500627
2026-01-22,76ers,Rockets,1,0022500628
2026-01-22,Trail Blazers,Heat,1,0022500634
2026-01-22,Jazz,Spurs,0,0022500632
2026-01-22,Wizards,Nuggets,0,0022500629
2026-01-23,Hawks,Suns,1,0022500636
2026-01-23,Cavaliers,Kings,1,0022500638
2026-01-23,Bucks,Nuggets,0,0022500640
2026-01-23,Nets,Celtics,0,0022500637
2026-01-23,Trail Blazers,Raptors,0,0022500642
2026-01-23,Thunder,Pacers,0,0022500641
2026-01-23,Grizzlies,Pelicans,0,0022500639
2026-01-23,Pistons,Rockets,0,0022500635
2026-01-24,Bulls,Celtics,1,0022500647
2026-01-24,Mavericks,Lakers,0,0022500648
2026-01-24,Magic,Cavaliers,0,0022500646
2026-01-24,76ers,Knicks,0,0022500643
2026-01-24,Jazz,Heat,0,0022500649
2026-01-24,Hornets,Wizards,1,0022500645
2026-01-25,Clippers,Nets,1,0022500656
2026-01-25,Timberwolves,Warriors,0,0022500644
2026-01-25,Suns,Heat,0,0022500655
2026-01-25,Spurs,Pelicans,0,0022500654
2026-01-25,Thunder,Raptors,0,0022500653
2026-01-25,Pistons,Kings,1,0022500650
2026-01-26,Hawks,Pacers,1,0022500659
2026-01-26,Celtics,Trail Blazers,1,0022500660
2026-01-26,Cavaliers,Magic,1,0022500658
2026-01-26,Bulls,Lakers,0,0022500661
2026-01-26,Rockets,Grizzlies,1,0022500662
2026-01-26,Timberwolves,Warriors,1,0022500663
2026-01-26,Hornets,76ers,1,0022500657
2026-01-27,Nuggets,Pistons,0,0022500668
2026-01-27,Knicks,Kings,1,0022500665
2026-01-27,76ers,Bucks,1,0022500666
2026-01-27,Suns,Nets,1,0022500669
2026-01-27,Thunder,Pelicans,1,0022500667
2026-01-27,Jazz,Clippers,0,0022500670
2026-01-27,Wizards,Trail Blazers,1,0022500664
2026-01-28,Celtics,Hawks,0,0022500673
2026-01-28,Cavaliers,Lakers,1,0022500671
2026-01-28,Mavericks,Timberwolves,0,0022500677
2026-01-28,Rockets,Spurs,0,0022500679
2026-01-28,Heat,Magic,0,0022500674
2026-01-28,Pacers,Bulls,1,0022500672
2026-01-28,Raptors,Knicks,0,0022500675
2026-01-28,Jazz,Warriors,0,0022500678
2026-01-28,Grizzlies,Hornets,0,0022500676
2026-01-29,Hawks,Rockets,0,0022500682
2026-01-29,Bulls,Heat,0,0022500529
2026-01-29,Mavericks,Hornets,0,0022500683
2026-01-29,Nuggets,Nets,1,0022500684
2026-01-29,Timberwolves,Thunder,1,0022500686
2026-01-29,76ers,Kings,1,0022500680
2026-01-29,Suns,Pistons,1,0022500685
2026-01-29,Wizards,Bucks,1,0022500681
2026-01-30,Celtics,Kings,1,0022500689
2026-01-30,Pelicans,Grizzlies,1,0022500691
2026-01-30,Nuggets,Clippers,1,0022500695
2026-01-30,Warriors,Pistons,0,0022500696
2026-01-30,Knicks,Trail Blazers,1,0022500690
2026-01-30,Magic,Raptors,1,0022500687
2026-01-30,Suns,Cavaliers,1,0022500693
2026-01-30,Jazz,Nets,0,0022500694
2026-01-30,Wizards,Lakers,0,0022500688
2026-01-31,Rockets,Mavericks,1,0022500701
2026-01-31,Heat,Bulls,0,0022500692
2026-01-31,Pacers,Hawks,1,0022500698
2026-01-31,76ers,Pelicans,1,0022500699
2026-01-31,Grizzlies,Timberwolves,0,0022500700
2026-01-31,Hornets,Spurs,1,0022500697
2026-02-01,Celtics,Bucks,1,0022500702
2026-02-01,Nuggets,Thunder,0,0022500711
2026-02-01,Heat,Bulls,1,0022500705
2026-02-01,Knicks,Lakers,1,0022500708
2026-02-01,Suns,Clippers,0,0022500709
2026-02-01,Trail Blazers,Cavaliers,0,0022500710
2026-02-01,Spurs,Magic,1,0022500703
2026-02-01,Raptors,Jazz,1,0022500706
2026-02-01,Wizards,Kings,1,0022500707
2026-02-01,Pistons,Nets,1,0022500704
2026-02-02,Clippers,76ers,0,0022500715
2026-02-02,Pacers,Rockets,0,0022500713
2026-02-02,Grizzlies,Timberwolves,1,0022500714
2026-02-02,Hornets,Pelicans,1,0022500712
2026-02-03,Mavericks,Celtics,0,0022500721
2026-02-03,Warriors,76ers,0,0022500724
2026-02-03,Heat,Hawks,0,0022500720
2026-02-03,Bucks,Bulls,1,0022500722
2026-02-03,Nets,Lakers,0,0022500719
2026-02-03,Pacers,Jazz,0,0022500717
2026-02-03,Trail Blazers,Suns,0,0022500725
2026-02-03,Thunder,Magic,1,0022500723
2026-02-03,Wizards,Knicks,0,0022500718
2026-02-03,Pistons,Nuggets,1,0022500716
2026-02-04,Rockets,Celtics,0,0022500728
2026-02-04,Clippers,Cavaliers,0,0022500732
2026-02-04,Bucks,Pelicans,1,0022500729
2026-02-04,Knicks,Nuggets,1,0022500726
2026-02-04,Kings,Grizzlies,0,0022500731
2026-02-04,Spurs,Thunder,1,0022500730
2026-02-04,Raptors,Timberwolves,0,0022500727
2026-02-05,Hawks,Jazz,1,0022500735
2026-02-05,Mavericks,Spurs,0,0022500738
2026-02-05,Rockets,Hornets,0,0022500737
2026-02-05,Lakers,76ers,1,0022500740
2026-02-05,Magic,Nets,1,0022500734
2026-02-05,Suns,Warriors,0,0022500739
2026-02-05,Raptors,Bulls,1,0022500736
2026-02-05,Pistons,Wizards,0,0022500733
2026-02-06,Celtics,Heat,1,0022500741
2026-02-06,Bucks,Pacers,1,0022500743
2026-02-06,Timberwolves,Pelicans,0,0022500744
2026-02-06,Trail Blazers,Grizzlies,1,0022500745
2026-02-06,Kings,Clippers,0,0022500746
2026-02-06,Pistons,Knicks,1,0022500742
2026-02-07,Hawks,Hornets,0,0022500751
2026-02-07,Bulls,Nuggets,0,0022500752
2026-02-07,Lakers,Warriors,1,0022500753
2026-02-07,Nets,Wizards,1,0022500747
2026-02-07,Magic,Jazz,1,0022500750
2026-02-07,Suns,76ers,0,0022500754
2026-02-07,Trail Blazers,Grizzlies,1,0022500755
2026-02-07,Kings,Cavaliers,0,0022500756
2026-02-07,Spurs,Mavericks,1,0022500749
2026-02-07,Thunder,Rockets,0,0022500748
2026-02-08,Celtics,Knicks,0,0022500757
2026-02-08,Timberwolves,Clippers,0,0022500760
2026-02-08,Raptors,Pacers,1,0022500759
2026-02-08,Wizards,Heat,0,0022500758
2026-02-09,Pelicans,Kings,1,0022500766
2026-02-09,Nuggets,Cavaliers,0,0022500767
2026-02-09,Warriors,Grizzlies,1,0022500768
2026-02-09,Lakers,Thunder,0,0022500769
2026-02-09,Heat,Jazz,0,0022500763
2026-02-09,Timberwolves,Hawks,1,0022500765
2026-02-09,Nets,Bulls,1,0022500762
2026-02-09,Magic,Bucks,1,0022500764
2026-02-09,Trail Blazers,76ers,1,0022500770
2026-02-09,Hornets,Pistons,0,0022500761
2026-02-10,Rockets,Clippers,1,0022500772
2026-02-10,Lakers,Spurs,0,0022500774
2026-02-10,Knicks,Pacers,0,0022500771
2026-02-10,Suns,Mavericks,1,0022500773
2026-02-11,Celtics,Bulls,1,0022500778
2026-02-11,Cavaliers,Wizards,1,0022500776
2026-02-11,Pelicans,Heat,0,0022500784
2026-02-11,Nuggets,Grizzlies,1,0022500787
2026-02-11,Warriors,Spurs,0,0022500788
2026-02-11,Rockets,Clippers,0,0022500782
2026-02-11,Timberwolves,Trail Blazers,1,0022500783
2026-02-11,Nets,Pacers,0,0022500779
2026-02-11,Magic,Bucks,0,0022500777
2026-02-11,76ers,Knicks,0,0022500780
2026-02-11,Suns,Thunder,0,0022500785
2026-02-11,Raptors,Pistons,0,0022500781
2026-02-11,Jazz,Kings,1,0022500786
2026-02-11,Hornets,Hawks,1,0022500775
2026-02-12,Lakers,Mavericks,1,0022500791
2026-02-12,Thunder,Bucks,0,0022500789
2026-02-12,Jazz,Trail Blazers,0,0022500790
2026-02-19,Cavaliers,Nets,1,0022500793
2026-02-19,Bulls,Raptors,0,0022500797
2026-02-19,Warriors,Celtics,0,0022500799
2026-02-19,Clippers,Nuggets,1,0022500801
2026-02-19,Knicks,Pistons,0,0022500796
2026-02-19,76ers,Hawks,0,0022500794
2026-02-19,Kings,Magic,0,0022500800
2026-02-19,Spurs,Suns,1,0022500798
2026-02-19,Wizards,Pacers,1,0022500795
2026-02-19,Hornets,Rockets,0,0022500792
2026-02-20,Hawks,Heat,0,0022500805
2026-02-20,Pelicans,Bucks,0,0022500807
2026-02-20,Lakers,Clippers,1,0022500809
2026-02-20,Timberwolves,Mavericks,1,0022500806
2026-02-20,Trail Blazers,Nuggets,0,0022500810
2026-02-20,Thunder,Nets,1,0022500808
2026-02-20,Grizzlies,Jazz,1,0022500804
2026-02-20,Wizards,Pacers,1,0022500803
2026-02-20,Hornets,Cavaliers,0,0022500802
2026-02-21,Pelicans,76ers,1,0022500812
2026-02-21,Bulls,Pistons,0,0022500814
2026-02-21,Heat,Grizzlies,1,0022500813
2026-02-21,Knicks,Rockets,1,0022500816
2026-02-21,Suns,Magic,1,0022500811
2026-02-21,Spurs,Kings,1,0022500815
2026-02-22,Hawks,Nets,1,0022500818
2026-02-22,Bulls,Knicks,0,0022500825
2026-02-22,Warriors,Nuggets,1,0022500820
2026-02-22,Clippers,Magic,0,0022500827
2026-02-22,Lakers,Celtics,0,0022500823
2026-02-22,Bucks,Raptors,0,0022500819
2026-02-22,Timberwolves,76ers,0,0022500824
2026-02-22,Pacers,Mavericks,0,0022500821
2026-02-22,Suns,Trail Blazers,0,0022500826
2026-02-22,Thunder,Cavaliers,1,0022500817
2026-02-22,Wizards,Hornets,0,0022500822
2026-02-23,Rockets,Jazz,1,0022500830
2026-02-23,Grizzlies,Kings,0,0022500829
2026-02-23,Pistons,Spurs,0,0022500828
2026-02-24,Hawks,Wizards,1,0022500832
2026-02-24,Cavaliers,Knicks,1,0022500835
2026-02-24,Pelicans,Warriors,1,0022500838
2026-02-24,Bulls,Hornets,0,0022500836
2026-02-24,Lakers,Magic,0,0022500840
2026-02-24,Bucks,Heat,1,0022500837
2026-02-24,Nets,Mavericks,0,0022500833
2026-02-24,Pacers,76ers,0,0022500831
2026-02-24,Suns,Celtics,0,0022500839
2026-02-24,Trail Blazers,Timberwolves,0,0022500841
2026-02-24,Raptors,Thunder,0,0022500834
2026-02-25,Nuggets,Celtics,1,0022500847
2026-02-25,Rockets,Kings,1,0022500845
2026-02-25,Bucks,Cavaliers,1,0022500846
2026-02-25,Raptors,Spurs,0,0022500843
2026-02-25,Grizzlies,Warriors,0,0022500844
2026-02-25,Pistons,Thunder,1,0022500842
2026-02-26,Hawks,Wizards,1,0022500850
2026-02-26,Bulls,Trail Blazers,0,0022500853
2026-02-26,Mavericks,Kings,0,0022500854
2026-02-26,Clippers,Timberwolves,0,0022500857
2026-02-26,Nets,Spurs,0,0022500851
2026-02-26,Magic,Rockets,0,0022500852
2026-02-26,Pacers,Hornets,0,0022500848
2026-02-26,76ers,Heat,1,0022500849
2026-02-26,Suns,Lakers,1,0022500855
2026-02-26,Jazz,Pelicans,0,0022500856
2026-02-27,Celtics,Nets,1,0022500859
2026-02-27,Mavericks,Grizzlies,0,0022500861
2026-02-27,Bucks,Knicks,0,0022500860
2026-02-27,Thunder,Nuggets,1,0022500862
2026-02-27,Pistons,Cavaliers,1,0022500858
2026-02-28,Warriors,Lakers,0,0022500866
2026-02-28,Heat,Rockets,1,0022500864
2026-02-28,Jazz,Pelicans,0,0022500867
2026-02-28,Wizards,Raptors,0,0022500865
2026-02-28,Hornets,Trail Blazers,1,0022500863
2026-03-01,Hawks,Trail Blazers,1,0022500873
2026-03-01,Celtics,76ers,1,0022500874
2026-03-01,Bulls,Bucks,1,0022500870
2026-03-01,Mavericks,Thunder,0,0022500876
2026-03-01,Nuggets,Timberwolves,0,0022500871
2026-03-01,Clippers,Pelicans,1,0022500877
2026-03-01,Lakers,Kings,1,0022500878
2026-03-01,Nets,Cavaliers,0,0022500869
2026-03-01,Knicks,Spurs,1,0022500868
2026-03-01,Magic,Pistons,0,0022500875
2026-03-01,Pacers,Grizzlies,0,0022500872
2026-03-02,Warriors,Clippers,0,0022500882
2026-03-02,Bucks,Celtics,0,0022500880
2026-03-02,Jazz,Nuggets,0,0022500881
2026-03-02,Wizards,Rockets,0,0022500879
2026-03-03,Cavaliers,Pistons,1,0022500884
2026-03-03,Bulls,Thunder,0,0022500889
2026-03-03,Lakers,Pelicans,1,0022500891
2026-03-03,Heat,Nets,1,0022500886
2026-03-03,Timberwolves,Grizzlies,1,0022500890
2026-03-03,Magic,Wizards,1,0022500885
2026-03-03,76ers,Spurs,0,0022500888
2026-03-03,Kings,Suns,0,0022500892
2026-03-03,Raptors,Knicks,0,0022500887
2026-03-03,Hornets,Mavericks,1,0022500883
2026-03-04,Celtics,Hornets,0,0022500894
2026-03-04,Clippers,Pacers,1,0022500898
2026-03-04,Bucks,Hawks,0,0022500897
2026-03-04,Knicks,Thunder,0,0022500893
2026-03-04,76ers,Jazz,1,0022500895
2026-03-04,Grizzlies,Trail Blazers,0,0022500896
2026-03-05,Nuggets,Lakers,1,0022500906
2026-03-05,Rockets,Warriors,0,0022500902
2026-03-05,Heat,Nets,1,0022500901
2026-03-05,Timberwolves,Raptors,1,0022500903
2026-03-05,Magic,Mavericks,1,0022500899
2026-03-05,Suns,Bulls,0,0022500905
2026-03-05,Kings,Pelicans,0,0022500907
2026-03-05,Spurs,Pistons,1,0022500904
2026-03-05,Wizards,Jazz,0,0022500900
2026-03-06,Celtics,Mavericks,1,0022500908
2026-03-06,Nuggets,Knicks,0,0022500911
2026-03-06,Rockets,Trail Blazers,1,0022500910
2026-03-06,Lakers,Pacers,1,0022500914
2026-03-06,Suns,Pelicans,1,0022500912
2026-03-06,Spurs,Clippers,1,0022500913
2026-03-06,Hornets,Heat,0,0022500909
2026-03-07,Hawks,76ers,1,0022500917
2026-03-07,Bucks,Jazz,1,0022500919
2026-03-07,Timberwolves,Magic,0,0022500915
2026-03-07,Thunder,Warriors,1,0022500920
2026-03-07,Grizzlies,Clippers,0,0022500918
2026-03-07,Pistons,Nets,0,0022500916
2026-03-08,Cavaliers,Celtics,0,0022500921
2026-03-08,Pelicans,Wizards,1,0022500925
2026-03-08,Lakers,Knicks,1,0022500922
2026-03-08,Heat,Pistons,1,0022500923
2026-03-08,Bucks,Magic,0,0022500926
2026-03-08,Suns,Hornets,1,0022500928
2026-03-08,Trail Blazers,Pacers,1,0022500929
2026-03-08,Kings,Bulls,1,0022500930
2026-03-08,Spurs,Rockets,1,0022500927
2026-03-08,Raptors,Mavericks,1,0022500924
2026-03-09,Cavaliers,76ers,1,0022500931
2026-03-09,Clippers,Knicks,1,0022500935
2026-03-09,Nets,Grizzlies,1,0022500932
2026-03-09,Thunder,Nuggets,1,0022500933
2026-03-09,Jazz,Warriors,1,0022500934
2026-03-10,Hawks,Mavericks,1,0022500939
2026-03-10,Warriors,Bulls,0,0022500943
2026-03-10,Rockets,Raptors,1,0022500940
2026-03-10,Lakers,Timberwolves,1,0022500946
2026-03-10,Heat,Wizards,1,0022500938
2026-03-10,Bucks,Suns,0,0022500941
2026-03-10,Nets,Pistons,0,0022500937
2026-03-10,76ers,Grizzlies,1,0022500936
2026-03-10,Trail Blazers,Hornets,0,0022500944
2026-03-10,Kings,Pacers,1,0022500945
2026-03-10,Spurs,Celtics,1,0022500942
2026-03-11,Pelicans,Raptors,1,0022500948
2026-03-11,Nuggets,Rockets,1,0022500950
2026-03-11,Clippers,Timberwolves,1,0022500952
2026-03-11,Magic,Cavaliers,1,0022500947
2026-03-11,Kings,Hornets,0,0022500951
2026-03-11,Jazz,Knicks,0,0022500949
2026-03-12,Hawks,Nets,1,0022500956
2026-03-12,Lakers,Bulls,1,0022500960
2026-03-12,Heat,Bucks,1,0022500957
2026-03-12,Magic,Wizards,1,0022500955
2026-03-12,Pacers,Suns,0,0022500954
2026-03-12,Spurs,Nuggets,0,0022500958
2026-03-12,Thunder,Celtics,1,0022500959
2026-03-12,Grizzlies,Mavericks,0,0022501111
2026-03-12,Pistons,76ers,1,0022500953
2026-03-13,Mavericks,Cavaliers,0,0022500965
2026-03-13,Warriors,Timberwolves,0,0022500966
2026-03-13,Rockets,Pelicans,1,0022500964
2026-03-13,Clippers,Bulls,1,0022500968
2026-03-13,Pacers,Knicks,0,0022500962
2026-03-13,Trail Blazers,Jazz,1,0022500967
2026-03-13,Raptors,Suns,1,0022500963
2026-03-13,Pistons,Grizzlies,1,0022500961
2026-03-14,Hawks,Bucks,1,0022500970
2026-03-14,Celtics,Wizards,1,0022500971
2026-03-14,Clippers,Kings,0,0022500975
2026-03-14,Lakers,Nuggets,1,0022500974
2026-03-14,Heat,Magic,0,0022500972
2026-03-14,76ers,Nets,1,0022500969
2026-03-14,Spurs,Hornets,1,0022500973
2026-03-15,Cavaliers,Mavericks,0,0022500977
2026-03-15,Bucks,Pacers,1,0022500979
2026-03-15,Knicks,Warriors,1,0022500981
2026-03-15,76ers,Trail Blazers,1,0022500980
2026-03-15,Kings,Jazz,1,0022500982
2026-03-15,Thunder,Timberwolves,1,0022500976
2026-03-15,Raptors,Pistons,1,0022500978
2026-03-16,Hawks,Magic,1,0022500983
2026-03-16,Celtics,Suns,1,0022500986
2026-03-16,Pelicans,Mavericks,1,0022500988
2026-03-16,Bulls,Grizzlies,1,0022500987
2026-03-16,Rockets,Lakers,0,0022500989
2026-03-16,Clippers,Spurs,0,0022500990
2026-03-16,Nets,Trail Blazers,0,0022500985
2026-03-16,Wizards,Warriors,0,0022500984
2026-03-17,Nuggets,76ers,1,0022500997
2026-03-17,Bucks,Cavaliers,0,0022500995
2026-03-17,Timberwolves,Suns,1,0022500996
2026-03-17,Knicks,Pacers,1,0022500994
2026-03-17,Magic,Thunder,0,0022500992
2026-03-17,Kings,Spurs,0,0022500998
2026-03-17,Wizards,Pistons,0,0022500993
2026-03-17,Hornets,Heat,1,0022500991
2026-03-18,Celtics,Warriors,1,0022500999
2026-03-18,Pelicans,Clippers,1,0022501005
2026-03-18,Bulls,Raptors,0,0022501002
2026-03-18,Mavericks,Hawks,0,0022501006
2026-03-18,Rockets,Lakers,0,0022501007
2026-03-18,Timberwolves,Jazz,1,0022501004
2026-03-18,Nets,Thunder,0,0022501000
2026-03-18,Pacers,Trail Blazers,0,0022501001
2026-03-18,Grizzlies,Nuggets,1,0022500651
2026-03-19,Pelicans,Clippers,1,0022501012
2026-03-19,Bulls,Cavaliers,0,0022501011
2026-03-19,Heat,Lakers,0,0022501010
2026-03-19,Kings,76ers,0,0022501015
2026-03-19,Spurs,Suns,1,0022501013
2026-03-19,Jazz,Bucks,1,0022501014
2026-03-19,Wizards,Pistons,0,0022501009
2026-03-19,Hornets,Magic,1,0022501008
2026-03-20,Nuggets,Raptors,1,0022501021
2026-03-20,Rockets,Hawks,1,0022501018
2026-03-20,Timberwolves,Trail Blazers,0,0022501020
2026-03-20,Nets,Knicks,0,0022501016
2026-03-20,Grizzlies,Celtics,0,0022501019
2026-03-20,Pistons,Warriors,1,0022501017
2026-03-21,Hawks,Warriors,1,0022501026
2026-03-21,Pelicans,Cavaliers,0,0022501025
2026-03-21,Mavericks,Clippers,0,0022501029
2026-03-21,Rockets,Heat,1,0022501027
2026-03-21,Magic,Lakers,0,0022501024
2026-03-21,Suns,Bucks,0,0022501031
2026-03-21,Spurs,Pacers,1,0022501028
2026-03-21,Jazz,76ers,0,0022501030
2026-03-21,Wizards,Thunder,0,0022501022
2026-03-21,Hornets,Grizzlies,1,0022501023
2026-03-22,Celtics,Timberwolves,0,0022501035
2026-03-22,Nuggets,Trail Blazers,1,0022501032
2026-03-22,Knicks,Wizards,1,0022501034
2026-03-22,Suns,Raptors,1,0022501036
2026-03-22,Kings,Nets,1,0022501033
2026-03-23,Hawks,Grizzlies,1,0022501037
2026-03-23,Bulls,Rockets,1,0022501042
2026-03-23,Mavericks,Warriors,0,0022501044
2026-03-23,Clippers,Bucks,1,0022501046
2026-03-23,Heat,Spurs,0,0022501041
2026-03-23,Magic,Pacers,0,0022501039
2026-03-23,76ers,Thunder,0,0022501040
2026-03-23,Trail Blazers,Nets,1,0022501045
2026-03-23,Jazz,Raptors,0,0022501043
2026-03-23,Pistons,Lakers,1,0022501038
2026-03-24,Cavaliers,Magic,1,0022501049
2026-03-24,Knicks,Pelicans,1,0022501048
2026-03-24,Suns,Nuggets,0,0022501050
2026-03-24,Hornets,Kings,1,0022501047
2026-03-25,Celtics,Thunder,1,0022501054
2026-03-25,Cavaliers,Heat,0,0022501055
2026-03-25,Nuggets,Mavericks,1,0022501059
2026-03-25,Warriors,Nets,1,0022501060
2026-03-25,Clippers,Raptors,1,0022501062
2026-03-25,Timberwolves,Rockets,1,0022501058
2026-03-25,Pacers,Lakers,0,0022501052
2026-03-25,76ers,Bulls,1,0022501053
2026-03-25,Trail Blazers,Bucks,1,0022501061
2026-03-25,Jazz,Wizards,0,0022501057
2026-03-25,Grizzlies,Spurs,0,0022501056
2026-03-25,Pistons,Hawks,0,0022501051
2026-03-26,Magic,Kings,1,0022501065
2026-03-26,Pistons,Pelicans,1,0022501064
2026-03-26,Hornets,Knicks,1,0022501063
2026-03-27,Celtics,Hawks,1,0022501067
2026-03-27,Cavaliers,Heat,1,0022501068
2026-03-27,Nuggets,Jazz,1,0022501072
2026-03-27,Warriors,Wizards,1,0022501073
2026-03-27,Lakers,Nets,1,0022501075
2026-03-27,Pacers,Clippers,0,0022501066
2026-03-27,Trail Blazers,Mavericks,0,0022501074
2026-03-27,Thunder,Bulls,1,0022501070
2026-03-27,Raptors,Pelicans,1,0022501071
2026-03-27,Grizzlies,Rockets,0,0022501069
2026-03-28,Hawks,Kings,1,0022501078
2026-03-28,Bucks,Spurs,0,0022501076
2026-03-28,Timberwolves,Pistons,0,0022501080
2026-03-28,Suns,Jazz,1,0022501081
2026-03-28,Grizzlies,Bulls,1,0022501079
2026-03-28,Hornets,76ers,0,0022501077
2026-03-29,Pelicans,Rockets,0,0022501088
2026-03-29,Nuggets,Warriors,1,0022501090
2026-03-29,Bucks,Clippers,0,0022501082
2026-03-29,Nets,Kings,1,0022501084
2026-03-29,Pacers,Heat,1,0022501083
2026-03-29,Trail Blazers,Wizards,1,0022501087
2026-03-29,Thunder,Knicks,1,0022501089
2026-03-29,Raptors,Magic,1,0022501086
2026-03-29,Hornets,Celtics,0,0022501085
2026-03-30,Hawks,Celtics,1,0022501092
2026-03-30,Mavericks,Timberwolves,0,0022501095
2026-03-30,Lakers,Wizards,1,0022501098
2026-03-30,Heat,76ers,1,0022501091
2026-03-30,Spurs,Bulls,1,0022501094
2026-03-30,Thunder,Pistons,1,0022501097
2026-03-30,Jazz,Cavaliers,0,0022501096
2026-03-30,Grizzlies,Suns,0,0022501093
2026-03-31,Rockets,Knicks,1,0022501102
2026-03-31,Clippers,Trail Blazers,0,0022501104
2026-03-31,Lakers,Cavaliers,1,0022501103
2026-03-31,Bucks,Mavericks,1,0022500652
2026-03-31,Nets,Hornets,0,0022501100
2026-03-31,Magic,Suns,1,0022501099
2026-03-31,Pistons,Raptors,1,0022501101
2026-04-01,Bulls,Pacers,0,0022501109
2026-04-01,Warriors,Spurs,0,0022501113
2026-04-01,Rockets,Bucks,1,0022501110
2026-04-01,Heat,Celtics,0,0022501106
2026-04-01,Magic,Hawks,0,0022501107
2026-04-01,Raptors,Kings,0,0022501108
2026-04-01,Jazz,Nuggets,0,0022501112
2026-04-01,Grizzlies,Knicks,0,0022501003
2026-04-01,Wizards,76ers,0,0022501105
2026-04-02,Warriors,Cavaliers,0,0022501117
2026-04-02,Clippers,Spurs,0,0022501119
2026-04-02,Trail Blazers,Pelicans,1,0022501118
2026-04-02,Thunder,Lakers,1,0022501116
2026-04-02,Pistons,Timberwolves,1,0022501115
2026-04-02,Hornets,Suns,1,0022501114
2026-04-03,Mavericks,Magic,0,0022501127
2026-04-03,Rockets,Jazz,1,0022501124
2026-04-03,Bucks,Celtics,0,0022501126
2026-04-03,Nets,Hawks,0,0022501122
2026-04-03,Knicks,Bulls,1,0022501123
2026-04-03,76ers,Timberwolves,1,0022501121
2026-04-03,Kings,Pelicans,1,0022501128
2026-04-03,Grizzlies,Raptors,0,0022501125
2026-04-03,Hornets,Pacers,1,0022501120
2026-04-04,Nuggets,Spurs,1,0022501130
2026-04-04,Heat,Wizards,1,0022501129
2026-04-04,76ers,Pistons,0,0022501131
2026-04-05,Celtics,Raptors,1,0022501132
2026-04-05,Cavaliers,Pacers,1,0022501136
2026-04-05,Pelicans,Magic,0,0022501138
2026-04-05,Bulls,Suns,0,0022501134
2026-04-05,Mavericks,Lakers,1,0022501140
2026-04-05,Warriors,Rockets,0,0022501142
2026-04-05,Bucks,Grizzlies,1,0022501135
2026-04-05,Timberwolves,Hornets,0,0022501137
2026-04-05,Nets,Wizards,1,0022501133
2026-04-05,Kings,Clippers,0,0022501141
2026-04-05,Thunder,Jazz,1,0022501139
2026-04-06,Hawks,Knicks,0,0022501143
2026-04-06,Nuggets,Trail Blazers,1,0022501147
2026-04-06,Magic,Pistons,1,0022501144
2026-04-06,Spurs,76ers,1,0022501146
2026-04-06,Grizzlies,Cavaliers,0,0022501145
2026-04-07,Celtics,Hornets,1,0022501149
2026-04-07,Pelicans,Jazz,1,0022501153
2026-04-07,Warriors,Kings,1,0022501154
2026-04-07,Clippers,Mavericks,1,0022501156
2026-04-07,Lakers,Thunder,0,0022501155
2026-04-07,Nets,Bucks,1,0022501150
2026-04-07,Pacers,Timberwolves,0,0022501152
2026-04-07,Suns,Rockets,0,0022501157
2026-04-07,Raptors,Heat,1,0022501151
2026-04-07,Wizards,Bulls,0,0022501148
2026-04-08,Cavaliers,Hawks,1,0022501158
2026-04-08,Nuggets,Grizzlies,1,0022501162
2026-04-08,Clippers,Thunder,0,0022501163
2026-04-08,Magic,Timberwolves,1,0022501159
2026-04-08,Suns,Mavericks,1,0022501164
2026-04-08,Spurs,Trail Blazers,1,0022501161
2026-04-08,Pistons,Bucks,1,0022501160
2026-04-09,Warriors,Lakers,0,0022501170
2026-04-09,Rockets,76ers,1,0022501169
2026-04-09,Nets,Pacers,0,0022501167
2026-04-09,Knicks,Celtics,1,0022501168
2026-04-09,Raptors,Heat,1,0022501165
2026-04-09,Wizards,Bulls,0,0022501166
2026-04-10,Hawks,Cavaliers,1,0022501173
2026-04-10,Celtics,Pelicans,1,0022501174
2026-04-10,Bulls,Magic,0,0022501177
2026-04-10,Nuggets,Thunder,1,0022501182
2026-04-10,Rockets,Timberwolves,0,0022501178
2026-04-10,Lakers,Suns,1,0022501185
2026-04-10,Bucks,Nets,1,0022501179
2026-04-10,Knicks,Raptors,1,0022501176
2026-04-10,Pacers,76ers,0,0022501175
2026-04-10,Trail Blazers,Clippers,1,0022501183
2026-04-10,Kings,Warriors,1,0022501184
2026-04-10,Spurs,Mavericks,1,0022501180
2026-04-10,Jazz,Grizzlies,1,0022501181
2026-04-10,Wizards,Heat,0,0022501172
2026-04-10,Hornets,Pistons,0,0022501171
2026-04-12,Celtics,Magic,1,0022501186
2026-04-12,Cavaliers,Wizards,1,0022501187
2026-04-12,Mavericks,Bulls,1,0022501193
2026-04-12,Rockets,Grizzlies,1,0022501194
2026-04-12,Clippers,Warriors,1,0022501199
2026-04-12,Lakers,Jazz,1,0022501198
2026-04-12,Heat,Hawks,1,0022501189
2026-04-12,Timberwolves,Pelicans,1,0022501195
2026-04-12,Knicks,Hornets,0,0022501190
2026-04-12,Pacers,Pistons,0,0022501188
2026-04-12,76ers,Bucks,1,0022501191
2026-04-12,Trail Blazers,Kings,1,0022501200
2026-04-12,Spurs,Nuggets,0,0022501197
2026-04-12,Thunder,Suns,0,0022501196
2026-04-12,Raptors,Nets,1,0022501192
