Indiana-Oklahoma City,1323374
Oklahoma City-Indiana,1323160
New York-Indiana,1111703
Indiana-New York,1114040
Minnesota-Oklahoma City,1521092
Oklahoma City-Minnesota,1521421
Denver-Oklahoma City,1093315
Boston-New York,344984
Oklahoma City-Denver,1090984
Golden State-Minnesota,3197088
New York-Boston,347542
Indiana-Cleveland,405149
Minnesota-Golden State,3199113
Cleveland-Indiana,405388
Golden State-Houston,2839394
Los Angeles-Denver,1635596
Houston-Golden State,2838938
Denver-Los Angeles,1636408
New York-Detroit,990128
Minnesota-Los Angeles,3068599
Orlando-Boston,2066098
Detroit-New York,988394
Milwaukee-Indiana,444567
Cleveland-Miami,2006796
Indiana-Milwaukee,446819
Boston-Orlando,2082969
Los Angeles-Minnesota,3067186
Oklahoma City-Memphis,750219
Miami-Cleveland,2010173
Memphis-Oklahoma City,750337
Dallas-Memphis,727203
Miami-Atlanta,1073192
Dallas-Sacramento,2777268
Miami-Chicago,2226917
Memphis-Golden State,3085721
Atlanta-Orlando,705985
Denver-Houston,1659911
Utah-Minnesota,1974689
Oklahoma City-New Orleans,1144956
Toronto-San Antonio,2717870
Los Angeles-Golden State,351937
Los Angeles-Portland,1548337
Phoenix-Sacramento,1212881
Orlando-Atlanta,704693
Charlotte-Boston,1348245
New York-Brooklyn,7799
Washington-Miami,1705412
Chicago-Philadelphia,1222208
Detroit-Milwaukee,614154
Houston-Los Angeles,2491081
San Antonio-Phoenix,1577847
Golden State-Portland,1242629
Los Angeles-Sacramento,618097
Oklahoma City-Utah,1911707
Brooklyn-Minnesota,2200207
Memphis-Denver,1760117
Toronto-Dallas,2278002
Washington-Chicago,1125818
Miami-New Orleans,1396462
Cleveland-New York,744585
Milwaukee-Detroit,615709
Orlando-Indiana,1688101
Atlanta-Philadelphia,1255192
Minnesota-Memphis,1586028
New Orleans-Milwaukee,1632499
Atlanta-Brooklyn,1400494
San Antonio-Golden State,2524596
Oklahoma City-Phoenix,1542593
Denver-Sacramento,1874735
Portland-Utah,1232668
Charlotte-Toronto,1221125
Los Angeles-Dallas,2311416
Philadelphia-Washington,223871
San Antonio-Los Angeles,2176739
Golden State-Phoenix,948518
Minnesota-Milwaukee,796133
Los Angeles-Oklahoma City,2135294
New Orleans-Brooklyn,2106061
Memphis-Charlotte,1025707
Chicago-Cleveland,556505
Washington-Indiana,966678
Philadelphia-Miami,1938000
Sacramento-Detroit,3723769
Indiana-Denver,1876164
Phoenix-New York,3875076
Utah-Atlanta,3018133
Washington-Boston,702447
Sacramento-Cleveland,3825597
San Antonio-Portland,3343529
Toronto-Brooklyn,764323
Chicago-Charlotte,1217066
Dallas-Los Angeles,2310917
Milwaukee-Miami,2376390
Memphis-Detroit,1196793
Minnesota-Philadelphia,2145294
New York-Atlanta,1401754
New Orleans-Los Angeles,3047248
Denver-Golden State,1836649
Portland-Chicago,3417259
Oklahoma City-Houston,716238
Cleveland-San Antonio,2342969
Phoenix-Boston,4258949
Detroit-Toronto,371587
Sacramento-Charlotte,4320133
Utah-Indiana,2511680
Golden State-Los Angeles,353431
Minnesota-Brooklyn,2201937
Memphis-Miami,1697649
Portland-Toronto,4227072
Orlando-Washington,1361984
Milwaukee-Philadelphia,1383240
Detroit-Oklahoma City,1652890
San Antonio-Denver,1485718
Atlanta-Dallas,1260195
Utah-Houston,2376742
Miami-Boston,2407309
New York-Cleveland,746043
Charlotte-Indiana,939093
Sacramento-Washington,4390902
Minnesota-Denver,1527025
Orlando-San Antonio,1862340
Toronto-Chicago,837075
Golden State-Memphis,3085464
Portland-Atlanta,4180371
Philadelphia-New York,151348
Phoenix-Milwaukee,2854727
Brooklyn-Dallas,2496302
Chicago-Oklahoma City,1278793
Boston-Memphis,2116868
Utah-Charlotte,3279187
Sacramento-Indiana,3552626
Los Angeles-Orlando,4038576
Miami-Washington,1703196
Houston-Phoenix,1892189
Toronto-Philadelphia,768455
Atlanta-Milwaukee,1309491
Detroit-Minnesota,1375532
Charlotte-New Orleans,1150461
Golden State-San Antonio,2524932
Portland-New York,4662294
Los Angeles-Cleveland,3776856
Dallas-Chicago,1491185
Los Angeles-Memphis,2884066
Boston-San Antonio,3285426
Miami-Philadelphia,1930657
Brooklyn-Washington,368466
Sacramento-Orlando,4523821
Utah-Denver,835204
New York-Milwaukee,1432353
Phoenix-Minnesota,2730561
Golden State-New Orleans,3320380
Los Angeles-Brooklyn,4502451
Cleveland-Detroit,272780
Portland-Sacramento,933821
Houston-Utah,2376091
Los Angeles-Chicago,3247227
Atlanta-Miami,1069450
San Antonio-Cleveland,2340310
Dallas-Orlando,1746565
Indiana-Washington,904989
Boston-Phoenix,4259607
Milwaukee-Denver,1677966
Los Angeles-Indiana,3457548
Los Angeles-New York,4468273
Washington-Philadelphia,225795
Cleveland-Portland,3939830
Oklahoma City-Sacramento,2606165
Memphis-Utah,2457182
Atlanta-Houston,1275930
Golden State-Miami,4617392
Dallas-New York,2491276
Orlando-Charlotte,842652
San Antonio-Detroit,2347006
Milwaukee-Phoenix,2851263
Boston-Sacramento,4840547
Chicago-Denver,1612840
Philadelphia-New Orleans,1970070
Dallas-Brooklyn,2498216
Minnesota-Indiana,1206621
Toronto-Washington,766426
Oklahoma City-Los Angeles,2136252
Philadelphia-Atlanta,1261646
Charlotte-Miami,1183157
San Antonio-Toronto,2714641
Boston-Portland,4966955
Cleveland-Utah,2777641
New Orleans-Detroit,1714249
Chicago-Los Angeles,3243504
Milwaukee-Sacramento,3349917
Washington-New York,363982
Golden State-Atlanta,3699686
Brooklyn-Indiana,1118179
Memphis-Los Angeles,2885481
Cleveland-Phoenix,3240632
Denver-Portland,2001142
Boston-Utah,3804766
Detroit-Dallas,1909731
Houston-Miami,1913823
New Orleans-Minnesota,2217918
Charlotte-Oklahoma City,1772810
Philadelphia-San Antonio,2803864
Milwaukee-Los Angeles,3308630
Toronto-Golden State,4253539
Chicago-Sacramento,3284791
New York-Charlotte,1018573
Chicago-Phoenix,2821713
Memphis-Portland,3619371
Cleveland-Sacramento,3813423
Washington-Utah,3349019
Philadelphia-Oklahoma City,2225869
New York-San Antonio,2931322
Detroit-Miami,2231216
Dallas-Indiana,1578597
Houston-Orlando,1550358
Cleveland-Los Angeles,3772136
Milwaukee-Golden State,3508871
Brooklyn-Boston,348479
Atlanta-Charlotte,396210
Toronto-Phoenix,3564082
Memphis-Sacramento,3355394
Washington-Portland,4511208
Chicago-Utah,2249009
Philadelphia-Houston,2490728
Indiana-Minnesota,1208197
Detroit-New Orleans,1715286
Miami-New York,2068844
Oklahoma City-Milwaukee,1400563
Toronto-Portland,4220993
Phoenix-Los Angeles,598865
Philadelphia-Dallas,2362367
Orlando-Cleveland,1668961
Washington-Denver,2669920
New Orleans-San Antonio,872323
New York-Golden State,4666605
Chicago-Houston,1745284
Miami-Memphis,1701975
Oklahoma City-Detroit,1652738
Boston-Brooklyn,348634
Sacramento-Phoenix,1215659
Toronto-Utah,3058804
Dallas-Houston,384610
Cleveland-Memphis,1176040
Orlando-Minnesota,2774852
Charlotte-San Antonio,1984838
Los Angeles-Atlanta,3498288
Boston-Miami,2421226
Indiana-Philadelphia,1067655
Sacramento-Golden State,311035
Brooklyn-Chicago,1278264
Orlando-New Orleans,1027963
Los Angeles-Milwaukee,3313851
Washington-Detroit,844158
New York-Portland,4657179
Los Angeles-Miami,4402040
Phoenix-Houston,1892316
Utah-Memphis,2457254
Dallas-San Antonio,439632
Charlotte-Atlanta,396571
Oklahoma City-Boston,2717758
Philadelphia-Toronto,800815
Los Angeles-New Orleans,3047439
Brooklyn-Cleveland,752518
New York-Sacramento,4530771
Portland-Golden State,1243462
Indiana-Chicago,286254
Orlando-Houston,1549204
Phoenix-Memphis,2290870
Utah-Boston,3810180
Washington-Toronto,772723
Sacramento-Los Angeles,620572
Detroit-Portland,3838979
Cleveland-Milwaukee,715005
San Antonio-Minnesota,2265694
Utah-Philadelphia,3450353
Memphis-New Orleans,636054
Phoenix-Dallas,1712835
Los Angeles-Boston,4802386
Detroit-Golden State,3871526
Chicago-Miami,2222059
Orlando-Milwaukee,2013474
Indiana-Atlanta,983163
New Orleans-Houston,559187
Brooklyn-Charlotte,1023060
New York-Los Angeles,4466364
Phoenix-Denver,1321954
San Antonio-Sacramento,2790756
Minnesota-Miami,3137902
Portland-Oklahoma City,3073279
Utah-Toronto,3064834
Memphis-Dallas,728198
Cleveland-Charlotte,829947
Houston-New Orleans,559222
Philadelphia-Boston,489813
Golden State-Brooklyn,4703849
Chicago-Orlando,1858594
Detroit-Los Angeles,3671285
Sacramento-Denver,1876151
Dallas-Milwaukee,1613360
Portland-Boston,4972418
Minnesota-Charlotte,2133452
Utah-Washington,3349955
Los Angeles-Phoenix,600022
Brooklyn-San Antonio,2937798
Cleveland-Chicago,554440
Philadelphia-Minnesota,2144713
Milwaukee-Atlanta,1307739
Golden State-New York,4669671
Houston-Indiana,1765752
Toronto-Orlando,2060731
Detroit-Utah,2676790
Sacramento-Dallas,2778542
Atlanta-Memphis,630058
Houston-Oklahoma City,715986
Golden State-Charlotte,4095640
Portland-Philadelphia,4612592
Minnesota-Phoenix,2840620
Los Angeles-Los Angeles,0
New Orleans-Utah,2813336
Oklahoma City-San Antonio,750388
New York-Miami,2078107
Chicago-Indiana,283534
Portland-Cleveland,3946888
Denver-Boston,3175929
Golden State-Philadelphia,4561593
Milwaukee-Dallas,1625149
Sacramento-Houston,3106535
San Antonio-Memphis,1166034
Brooklyn-Detroit,996604
Washington-Charlotte,645878
Minnesota-Utah,1972926
New Orleans-Phoenix,2448356
Indiana-Miami,2051814
New York-Memphis,1762764
Oklahoma City-Atlanta,1364441
Cleveland-Boston,1028016
Portland-Brooklyn,4669234
Denver-Detroit,2048571
Charlotte-Dallas,1656090
Denver-Milwaukee,1687393
Golden State-Orlando,4253927
San Antonio-Houston,316544
Sacramento-Utah,1044879
Oklahoma City-Brooklyn,2368063
Boston-Detroit,1135632
Toronto-Indiana,706958
Portland-Washington,4512194
Charlotte-Golden State,4108194
Milwaukee-Houston,1862593
San Antonio-New Orleans,873085
Cleveland-Orlando,1668539
Boston-Toronto,883761
Charlotte-Sacramento,4377866
Los Angeles-Detroit,3675029
Denver-Indiana,1879070
Memphis-Cleveland,1175413
Detroit-Atlanta,1162565
Washington-Orlando,1367156
Phoenix-Toronto,3561564
Miami-Milwaukee,2381973
Dallas-Golden State,2507595
Charlotte-Portland,4441926
Brooklyn-Philadelphia,156586
Phoenix-Chicago,2819579
Golden State-Sacramento,310513
Minnesota-Houston,2146032
Detroit-San Antonio,2349598
New Orleans-Dallas,815155
Miami-Toronto,2400021
Memphis-Orlando,1334185
Milwaukee-Washington,1282842
Phoenix-San Antonio,1577855
Charlotte-Denver,2516152
Cleveland-Brooklyn,751525
Chicago-New York,1271910
Memphis-Indiana,879052
Boston-Philadelphia,495218
Los Angeles-Utah,1107435
Miami-Dallas,2116804
Sacramento-New Orleans,3590275
Golden State-Dallas,2508648
Portland-Denver,1997443
Detroit-Chicago,455062
Milwaukee-Minnesota,795566
Miami-Oklahoma City,2448832
Philadelphia-Brooklyn,158463
Atlanta-New York,1393379
Cleveland-Toronto,469477
San Antonio-Boston,3288027
Charlotte-Orlando,844900
Memphis-Phoenix,2291822
Utah-Los Angeles,1108029
Golden State-Milwaukee,3515248
New Orleans-Oklahoma City,1139357
Charlotte-Brooklyn,1016894
Minnesota-Cleveland,1479591
San Antonio-Washington,2580463
Toronto-Houston,2464212
Philadelphia-Milwaukee,1383335
Charlotte-Detroit,1008370
New Orleans-Sacramento,3591566
Denver-Phoenix,1322421
Golden State-Chicago,3448625
Portland-Minnesota,2588501
San Antonio-Orlando,1864222
Atlanta-Washington,1027732
Indiana-Los Angeles,3459953
Houston-Dallas,384879
Utah-Phoenix,1066615
Toronto-Oklahoma City,2021161
Miami-Brooklyn,2075959
Philadelphia-Detroit,941109
San Antonio-Charlotte,1985462
Cleveland-Washington,594484
Sacramento-Portland,932118
Orlando-Denver,2961358
Houston-Minnesota,2149254
Dallas-Boston,2844672
Orlando-Sacramento,4524715
Phoenix-Oklahoma City,1542097
Golden State-Utah,1308833
New Orleans-Denver,2097186
Chicago-Minnesota,920149
Washington-Brooklyn,371097
Memphis-Toronto,1564428
Milwaukee-Charlotte,1371397
San Antonio-Atlanta,1589962
Indiana-Portland,3671644
Boston-Cleveland,1028239
Houston-Brooklyn,2627707
New York-Toronto,789726
Dallas-Philadelphia,2361122
Orlando-Golden State,4255042
Phoenix-Portland,2143122
Indiana-Utah,2509455
Sacramento-Minnesota,2891239
Milwaukee-Oklahoma City,1413464
Houston-New York,2620767
Atlanta-Detroit,1163911
Memphis-Milwaukee,1000537
Dallas-Cleveland,1901479
Los Angeles-Toronto,4057040
Chicago-Detroit,456659
Miami-San Antonio,2230839
Brooklyn-Houston,2624662
Washington-Minnesota,2047761
Sacramento-Oklahoma City,2606586
Denver-Charlotte,2518402
Atlanta-Indiana,984118
Orlando-Utah,3724943
Phoenix-Golden State,946722
Boston-New Orleans,2451632
Milwaukee-San Antonio,2063923
Denver-Philadelphia,2781717
Chicago-Toronto,838670
Los Angeles-Charlotte,3894242
Dallas-Detroit,1908175
Orlando-Portland,4887132
Houston-Memphis,914359
Los Angeles-Washington,4293972
Atlanta-Cleveland,1142531
Oklahoma City-Golden State,2336492
Dallas-New Orleans,813019
Los Angeles-San Antonio,2176436
Chicago-Boston,1582034
Denver-New York,2865804
Sacramento-Philadelphia,4491300
Detroit-Indiana,338686
Utah-Golden State,1308270
Milwaukee-Portland,3323711
Los Angeles-Philadelphia,4360195
Milwaukee-Utah,2314135
Washington-Dallas,2138207
Denver-Chicago,1620769
Atlanta-Minnesota,2070869
Houston-Boston,2974163
Sacramento-Brooklyn,4547942
Orlando-Miami,381128
Memphis-New York,1765210
New Orleans-Toronto,2081884
Detroit-Cleveland,272989
Oklahoma City-Portland,3073896
Washington-Phoenix,3701831
Philadelphia-Chicago,1222770
Toronto-Atlanta,1530836
Houston-Cleveland,2088634
Sacramento-New York,4541002
New Orleans-Charlotte,1150121
Detroit-Orlando,1867752
Boston-Dallas,2843929
Denver-Minnesota,1493544
Indiana-San Antonio,2020082
New Orleans-Memphis,635443
Portland-Charlotte,4441425
Cleveland-Philadelphia,694882
Washington-Los Angeles,4295489
Chicago-Golden State,3443745
Boston-Los Angeles,4799261
Dallas-Oklahoma City,331965
Portland-Orlando,4885558
San Antonio-Indiana,2017428
Cleveland-Houston,2089312
Charlotte-Memphis,1025952
Utah-Oklahoma City,1911040
Phoenix-Brooklyn,3909255
Minnesota-Dallas,1765077
Philadelphia-Denver,2778659
Portland-Miami,5249022
Orlando-Toronto,2058809
Utah-New Orleans,2812563
Boston-Golden State,4999501
Phoenix-Cleveland,3241663
Detroit-Houston,2095941
Dallas-Charlotte,1653166
Chicago-Portland,3411198
Washington-Sacramento,4384801
Brooklyn-Oklahoma City,2336260
Denver-Orlando,2962534
San Antonio-Miami,2227686
Houston-Portland,3623645
Cleveland-Minnesota,1476383
Washington-Golden State,4495730
Atlanta-Boston,1731845
Philadelphia-Indiana,1063629
Phoenix-Detroit,3193929
Brooklyn-Los Angeles,4472840
Memphis-San Antonio,1168066
Oklahoma City-Dallas,332720
Denver-Miami,3325999
Toronto-Milwaukee,996168
Charlotte-Chicago,1216951
Minnesota-New York,2194996
Houston-Sacramento,3105097
Cleveland-Oklahoma City,1697711
Indiana-Detroit,339164
Phoenix-Washington,3700775
Miami-Los Angeles,4405764
Houston-Denver,1659941
Charlotte-Utah,3279737
Atlanta-Chicago,1154434
New York-Philadelphia,152099
Brooklyn-Portland,4663654
Denver-Dallas,1284000
New Orleans-Chicago,1489778
Sacramento-Milwaukee,3362591
Phoenix-Atlanta,2905091
Oklahoma City-Philadelphia,2225807
Memphis-Houston,914408
Golden State-Toronto,4258438
Minnesota-Washington,2044896
Charlotte-Phoenix,3314294
Brooklyn-Utah,3501465
New Orleans-Boston,2452517
Philadelphia-Orlando,1599743
Oklahoma City-Washington,2160125
Sacramento-Chicago,3295967
Milwaukee-New York,1432942
Miami-Portland,5255632
Memphis-Minnesota,1585956
Toronto-Detroit,371139
Brooklyn-Denver,2865296
Sacramento-Boston,4851126
Oklahoma City-New York,2333885
Golden State-Indiana,3658946
Milwaukee-Orlando,2012926
New Orleans-Philadelphia,1968967
Atlanta-Phoenix,2918400
Miami-Utah,4093443
Portland-Dallas,3247520
Toronto-Cleveland,469115
Golden State-Detroit,3876426
Minnesota-Orlando,2774437
San Antonio-Milwaukee,2052207
Portland-New Orleans,4059252
Toronto-New York,757382
Detroit-Brooklyn,995335
Oklahoma City-Cleveland,1700472
Boston-Denver,3168597
Miami-Golden State,4623541
Atlanta-Utah,3020960
Minnesota-New Orleans,2218227
Phoenix-Charlotte,3301045
Houston-Washington,2266600
Miami-Sacramento,4893214
San Antonio-Chicago,1930031
Indiana-Brooklyn,1120981
Orlando-New York,1727632
Milwaukee-Toronto,997721
Portland-Detroit,3845061
Phoenix-Philadelphia,3766998
Los Angeles-Houston,2490898
Utah-Orlando,3723319
Charlotte-Cleveland,831277
New Orleans-Washington,1744954
Boston-Oklahoma City,2716686
Atlanta-Los Angeles,3512059
Utah-Miami,4086784
New York-Chicago,1271788
Portland-Milwaukee,3287850
Denver-San Antonio,1500871
Minnesota-Detroit,1377763
Phoenix-Indiana,2864351
Cleveland-Dallas,1903102
Boston-Houston,2972290
Washington-New Orleans,1745910
New York-Oklahoma City,2329785
Portland-Los Angeles,1550232
Philadelphia-Golden State,4562689
Brooklyn-Milwaukee,1438829
Boston-Minnesota,2503508
Philadelphia-Sacramento,4481752
Atlanta-Denver,2257375
New Orleans-Miami,1392345
Utah-New York,3500055
Brooklyn-Toronto,796201
Orlando-Detroit,1867894
Chicago-Washington,1121810
Toronto-Boston,883829
Cleveland-Golden State,3972377
Philadelphia-Portland,4608160
Denver-Utah,838953
New York-Washington,363979
Miami-Houston,1917703
Indiana-Boston,1430679
Atlanta-Toronto,1531546
Brooklyn-Orlando,1744338
Dallas-Portland,3246592
Philadelphia-Utah,3445971
Detroit-Denver,2040622
Milwaukee-Chicago,147495
Oklahoma City-Charlotte,1760395
Cleveland-Denver,2141472
Dallas-Phoenix,1712025
San Antonio-Brooklyn,2941571
New York-Orlando,1739850
Utah-Portland,1232265
Detroit-Sacramento,3712572
Toronto-Memphis,1565540
Chicago-Atlanta,1153408
Miami-Orlando,385173
Charlotte-Washington,644131
San Antonio-New York,2934630
Indiana-Golden State,3660194
Washington-Oklahoma City,2160346
Minnesota-Atlanta,2069251
Brooklyn-Miami,2082594
Houston-Charlotte,1671599
Utah-Cleveland,2784650
San Antonio-Philadelphia,2804476
Denver-New Orleans,2095732
Houston-Toronto,2462965
Indiana-Sacramento,3545237
Detroit-Phoenix,3195811
Portland-San Antonio,3345173
Philadelphia-Cleveland,697024
Boston-Chicago,1581564
Washington-Milwaukee,1286383
New York-New Orleans,2097529
Memphis-Atlanta,629753
Utah-Brooklyn,3506996
Oklahoma City-Miami,2432337
Milwaukee-Cleveland,717537
Charlotte-Philadelphia,871592
New York-Minnesota,2193731
Indiana-Phoenix,2866295
Atlanta-San Antonio,1589066
Utah-Detroit,2682822
Oklahoma City-Orlando,2068873
Miami-Detroit,2236394
Philadelphia-Charlotte,878466
Portland-Phoenix,2045944
Minnesota-San Antonio,2265048
Boston-Washington,707097
New Orleans-Indiana,1442053
Phoenix-Utah,1066262
Brooklyn-Memphis,1769240
Washington-Cleveland,600073
Detroit-Boston,1135689
Toronto-Miami,2398988
Utah-Sacramento,1044521
Memphis-Washington,1411043
Phoenix-Orlando,3439994
Denver-Atlanta,2257348
Milwaukee-Brooklyn,1439883
Memphis-Boston,2118606
Phoenix-Miami,3803459
Dallas-Toronto,2275810
Denver-Washington,2667208
Sacramento-San Antonio,2792073
Milwaukee-Boston,1743067
Orlando-Philadelphia,1589445
Sacramento-Memphis,3355359
Phoenix-New Orleans,2448857
Chicago-San Antonio,1929252
Charlotte-New York,1009779
Oklahoma City-Toronto,2020373
Denver-Cleveland,2150399
Dallas-Washington,2137109
Golden State-Denver,1836994
Indiana-Toronto,706798
New Orleans-Atlanta,754621
New Orleans-New York,2099121
Orlando-Brooklyn,1734747
Indiana-Memphis,879876
Dallas-Utah,1999038
Cleveland-Atlanta,1141336
Brooklyn-Phoenix,3879181
Detroit-Memphis,1197269
Toronto-New Orleans,2083557
New York-Dallas,2489826
Miami-Charlotte,1183864
Portland-Indiana,3673918
Houston-Philadelphia,2490613
San Antonio-Utah,2114183
Brooklyn-Golden State,4673080
New York-Denver,2858821
Portland-Memphis,3619492
Dallas-Atlanta,1257211
Brooklyn-Sacramento,4537247
Dallas-Miami,2110030
Minnesota-Boston,2505121
Memphis-Chicago,857815
Portland-Houston,3623431
Charlotte-Milwaukee,1372007
New York-Utah,3494989
Dallas-Denver,1282888
Orlando-Los Angeles,4037265
Utah-San Antonio,2115630
Minnesota-Toronto,1759775
Detroit-Charlotte,1007871
New York-Phoenix,3872705
Atlanta-Golden State,3712299
Indiana-Houston,1766425
Philadelphia-Memphis,1635306
New Orleans-Cleveland,1692869
Chicago-Milwaukee,148183
Denver-Memphis,1762784
Atlanta-Sacramento,3981972
Orlando-Phoenix,3438373
Houston-Milwaukee,1853205
Brooklyn-New York,7789
Houston-Chicago,1744516
Detroit-Washington,838294
Atlanta-Portland,4183149
Miami-Indiana,2056601
San Antonio-Dallas,439675
Minnesota-Sacramento,2892359
Washington-Atlanta,1029059
Minnesota-Portland,2588972
Washington-San Antonio,2579703
Indiana-Orlando,1688350
Washington-Houston,2266567
Brooklyn-New Orleans,2104005
Toronto-Los Angeles,4053299
Miami-Minnesota,3143351
Golden State-Oklahoma City,2336692
Boston-Milwaukee,1742130
Houston-Detroit,2095331
Philadelphia-Los Angeles,4362449
Miami-Denver,3329858
Washington-Memphis,1411145
Golden State-Cleveland,3978254
Indiana-Charlotte,938046
New Orleans-Orlando,1028881
Minnesota-Chicago,910766
Utah-Milwaukee,2321644
Toronto-Sacramento,4094586
Miami-Phoenix,3806872
Chicago-Dallas,1490478
Cleveland-New Orleans,1694057
Golden State-Boston,5003784
Philadelphia-Phoenix,3768790
Toronto-Denver,2422635
Indiana-Dallas,1580215
Orlando-Oklahoma City,2080333
Charlotte-Minnesota,2133385
New York-Houston,2618186
Utah-Chicago,2255021
Sacramento-Miami,4887286
Memphis-Brooklyn,1772150
Boston-Atlanta,1744872
Golden State-Washington,4495370
Orlando-Dallas,1748304
Atlanta-New Orleans,754689
Memphis-Philadelphia,1635055
Sacramento-Toronto,4105781
Boston-Charlotte,1361692
Indiana-New Orleans,1443551
Sacramento-Atlanta,3969580
Chicago-Brooklyn,1278850
Milwaukee-Memphis,1001207
New Orleans-Golden State,3321893
San Antonio-Oklahoma City,750558
Orlando-Chicago,1858417
Toronto-Charlotte,1222139
Boston-Indiana,1432512
Detroit-Philadelphia,938692
Denver-Brooklyn,2872745
Dallas-Minnesota,1768428
Utah-Dallas,2000831
Chicago-Memphis,858735
Houston-San Antonio,316156
Denver-Toronto,2430583
Atlanta-Oklahoma City,1376915
New Orleans-Portland,4060890
Oklahoma City-Chicago,1278387
Orlando-Memphis,1333476
Toronto-Minnesota,1757546
Charlotte-Houston,1671702
Chicago-New Orleans,1490933
Brooklyn-Atlanta,1406241
Milwaukee-New Orleans,1633406
Houston-Atlanta,1276099
Charlotte-Los Angeles,3907953
New Jersey-Toronto,872296
Philadelphia-New Jersey,100087
New Jersey-Milwaukee,1465105
New York-New Jersey,114370
Miami-New Jersey,2017583
Boston-New Jersey,457488
New Jersey-Philadelphia,99082
Cleveland-New Jersey,778763
Washington-New Jersey,312721
New Jersey-Portland,4689930
New Jersey-Los Angeles,4444219
New Jersey-Sacramento,4563523
New Jersey-Golden State,4644460
Indiana-New Jersey,1151536
Utah-New Jersey,3534234
Charlotte-New Jersey,958518
New Jersey-Atlanta,1348737
New Orleans-New Jersey,2055893
New Jersey-Orlando,1686834
Toronto-New Jersey,841887
Milwaukee-New Jersey,1467121
Houston-New Jersey,2577539
New Jersey-Charlotte,965556
Los Angeles-New Jersey,4444076
New Jersey-Miami,2025090
New Jersey-Boston,452179
New Jersey-Dallas,2449458
Orlando-New Jersey,1676371
New Jersey-New York,113713
New Jersey-Chicago,1304540
New Jersey-Indiana,1145400
Memphis-New Jersey,1721982
San Antonio-New Jersey,2891402
New Jersey-Detroit,1022879
Detroit-New Jersey,1022573
Chicago-New Jersey,1306089
Minnesota-New Jersey,2229175
New Jersey-Cleveland,778794
Oklahoma City-New Jersey,2309688
Golden State-New Jersey,4645473
New Jersey-Utah,3527741
New Jersey-Phoenix,3850560
New Jersey-Denver,2860429
Atlanta-New Jersey,1342119
New Jersey-Washington,310962
Phoenix-New Jersey,3850879
New Jersey-Houston,2577818
New Jersey-San Antonio,2890954
Denver-New Jersey,2865598
Dallas-New Jersey,2448048
New Jersey-Minnesota,2226483
New Jersey-Oklahoma City,2307640
New Jersey-New Orleans,2057161
New Jersey-Memphis,1722396
Portland-New Jersey,4696472
Sacramento-New Jersey,4575181
Seattle-Golden State,1521868
Dallas-Seattle,3365364
Seattle-San Antonio,3447908
Seattle-Houston,3726166
Seattle-Dallas,3350255
Denver-Seattle,2119914
Houston-Seattle,3742417
Los Angeles-Seattle,1826811
Sacramento-Seattle,1210591
Charlotte-Seattle,4543615
Washington-Seattle,4457991
Portland-Seattle,279667
Seattle-Utah,1335402
Seattle-Los Angeles,1828639
Phoenix-Seattle,2296600
Seattle-Denver,2100177
Minnesota-Seattle,2471056
Seattle-Boston,4880308
Seattle-Indiana,3581808
Seattle-Toronto,4134962
Seattle-Philadelphia,4520481
Seattle-Milwaukee,3171320
Seattle-Detroit,3752950
Seattle-Minnesota,2471971
Miami-Seattle,5315971
Seattle-Portland,280176
Memphis-Seattle,3679710
Utah-Seattle,1351036
Seattle-Phoenix,2278043
Seattle-Sacramento,1212228
Chicago-Seattle,3330379
New York-Seattle,4603961
Cleveland-Seattle,3886613
San Antonio-Seattle,3462301
Atlanta-Seattle,4243489
Seattle-Memphis,3679613
Seattle-New Orleans,4161987
Seattle-New Jersey,4604362
Seattle-Cleveland,3854778
Seattle-Washington,4420083
Philadelphia-Seattle,4554943
Boston-Seattle,4913738
Toronto-Seattle,4167776
New Orleans-Seattle,4179662
Seattle-New York,4570183
Seattle-Chicago,3285953
Milwaukee-Seattle,3205796
Golden State-Seattle,1521103
Indiana-Seattle,3618427
Orlando-Seattle,4947472
New Jersey-Seattle,4636713
Seattle-Charlotte,4508639
Seattle-Atlanta,4240493
Seattle-Miami,5309144
Seattle-Orlando,4945679
Detroit-Seattle,3785762
Seattle-Oklahoma City,3176013
Oklahoma City-Seattle,3192668
Vancouver-Golden State,1750656
Vancouver-Sacramento,1441016
Houston-Vancouver,3961092
Portland-Vancouver,508442
Minnesota-Vancouver,2689732
Vancouver-Denver,2318838
Sacramento-Vancouver,1439366
Los Angeles-Vancouver,2055586
Utah-Vancouver,1569711
New York-Vancouver,4822637
Vancouver-Toronto,4353623
Vancouver-Indiana,3800468
Vancouver-Cleveland,4073439
Vancouver-New Jersey,4823023
Vancouver-Miami,5527804
Vancouver-Orlando,5164340
Vancouver-Charlotte,4727299
Vancouver-Atlanta,4459153
Toronto-Vancouver,4386451
Vancouver-Portland,508963
San Antonio-Vancouver,3680976
Vancouver-Utah,1554063
Dallas-Vancouver,3584039
Vancouver-Chicago,3504613
Vancouver-Milwaukee,3389980
Vancouver-Philadelphia,4739142
Vancouver-Washington,4638744
Vancouver-Minnesota,2690632
Golden State-Vancouver,1749878
Boston-Vancouver,5132413
Vancouver-Seattle,230134
Chicago-Vancouver,3549054
Vancouver-Phoenix,2496703
New Jersey-Vancouver,4855388
Vancouver-Houston,3944827
Vancouver-Dallas,3568915
Vancouver-San Antonio,3666568
Miami-Vancouver,5534646
Vancouver-Los Angeles,2057427
Cleveland-Vancouver,4105288
Denver-Vancouver,2338589
Milwaukee-Vancouver,3424471
Charlotte-Vancouver,4762291
Phoenix-Vancouver,2515275
Washington-Vancouver,4676666
Orlando-Vancouver,5166147
Seattle-Vancouver,229406
Philadelphia-Vancouver,4773618
Detroit-Vancouver,4004437
Indiana-Vancouver,3837102
Vancouver-New York,4788844
Vancouver-Boston,5098969
Vancouver-Detroit,3971611
Atlanta-Vancouver,4462164
Denver-LA,1636408
LA-Sacramento,617384
Los Angeles-San Francisco,613955
Portland-San Francisco,1021308
San Francisco-Los Angeles,615966
San Francisco-Portland,1021317
LA-San Francisco,613955
LA-Utah,1107435
Denver-San Francisco,2014140
Phoenix-LA,598865
Portland-LA,1550213
Memphis-San Francisco,3364207
San Francisco-Milwaukee,3498306
New Orleans-LA,3047247
San Francisco-Indiana,3688281
Miami-LA,4405764
Oklahoma City-LA,2136252
Phoenix-San Francisco,1209452
San Francisco-Sacramento,140989
LA-Phoenix,600022
San Francisco-Denver,2015290
Indiana-San Francisco,3684642
Atlanta-LA,3512059
San Francisco-Oklahoma City,2615117
San Francisco-San Antonio,2787485
LA-Dallas,2311418
San Francisco-New Orleans,3594888
LA-Boston,4798901
LA-Philadelphia,4360195
San Francisco-Orlando,4528434
San Francisco-Miami,4891899
LA-Orlando,4038576
LA-Charlotte,3894249
LA-Cleveland,3773371
Utah-San Francisco,1183927
LA-Los Angeles,0
Houston-San Francisco,3101668
Memphis-LA,2885481
New Orleans-San Francisco,3597751
Dallas-LA,2310917
LA-Miami,4402040
Oklahoma City-San Francisco,2614978
LA-Atlanta,3498294
San Francisco-Philadelphia,4626954
LA-Memphis,2884073
LA-Minnesota,3067186
San Francisco-Cleveland,3961250
San Francisco-Chicago,3431622
LA-Oklahoma City,2135300
San Francisco-Phoenix,1211072
Los Angeles-LA,0
Orlando-San Francisco,4530900
Houston-LA,2491080
Dallas-San Francisco,2786080
LA-Portland,1547625
San Francisco-Toronto,4241435
Detroit-LA,3671285
San Francisco-Brooklyn,4683597
Sacramento-LA,620553
San Francisco-Charlotte,4374066
Utah-LA,1108029
Boston-LA,4799262
San Francisco-LA,615966
LA-New York,4488777
Milwaukee-San Francisco,3490002
LA-Brooklyn,4502452
Sacramento-San Francisco,140802
LA-Detroit,3671544
Atlanta-San Francisco,3990785
Charlotte-LA,3907953
Washington-LA,4295489
New York-San Francisco,4670176
LA-Toronto,4053556
Charlotte-San Francisco,4386679
LA-Washington,4293978
Miami-San Francisco,4899399
Toronto-San Francisco,4234008
LA-Chicago,3243743
San Francisco-Dallas,2787072
San Francisco-Minnesota,3030379
Brooklyn-LA,4472919
San Francisco-Utah,1184018
Detroit-San Francisco,3851977
LA-Denver,1635596
Philadelphia-LA,4362527
Philadelphia-San Francisco,4621157
Cleveland-LA,3772136
LA-Houston,2490898
San Antonio-San Francisco,2787327
Boston-San Francisco,4979954
Orlando-LA,4037265
San Francisco-Memphis,3363890
Minnesota-LA,3068599
Indiana-LA,3460033
San Francisco-Houston,3101947
LA-San Antonio,2176436
New York-LA,4466443
Chicago-San Francisco,3424196
Minnesota-San Francisco,3031764
Chicago-LA,3243504
San Francisco-New York,4676656
San Antonio-LA,2176739
San Francisco-Washington,4526556
LA-New Orleans,3047439
San Francisco-Boston,4986780
San Francisco-Detroit,3859423
San Francisco-Atlanta,3978111
Milwaukee-LA,3309310
Brooklyn-San Francisco,4676652
Toronto-LA,4053316
Washington-San Francisco,4524206
LA-Indiana,3457548
LA-Milwaukee,3310427
Cleveland-San Francisco,3952828
