Feature,Importance
home_RestDays,0.07669884020079222
away_RestDays,0.07410548964899434
home_WS_p1,0.0023769806809124613
home_WS/48_p1,0.002271233784462335
away_WS/48_p1,0.002247381601412511
home_WS/48_p3,0.0022255099355677345
home_WS_p3,0.002193327789678126
away_WS_p1,0.002078454886601854
away_DWS_p3,0.0020695929140640505
away_WS_p3,0.0020263631346403447
away_WS/48_p3,0.0018866442442260938
away_DWS_p2,0.0018585577311241452
home_DWS_p3,0.0018559007557251283
home_WS/48_p2,0.0018136501215440535
away_WS/48_p2,0.0017614012267002882
home_WS_p2,0.0017358411007354756
home_DWS_p5,0.0016605838008955198
away_WS_p2,0.0016579679950020252
home_VORP_p1,0.001635922925975793
home_DWS_p1,0.0015934896242889
home_OWS_p1,0.0015789651761093063
away_DWS_p9,0.0015035801301068977
away_WS/48_p7,0.0014959635560413194
away_DWS_p1,0.0014878224107805831
away_WS/48_p6,0.0014640906333711224
home_DWS_p4,0.0014632471349804099
home_BPM_p1,0.0014337030812288426
away_DWS_p4,0.0013832204715116176
away_WS/48_p4,0.001377254774487411
away_TS%_p1,0.0013768571487733576
away_BPM_p1,0.0013635560909468548
home_DWS_p2,0.0013497243787277088
home_DWS_p9,0.0013465915485323806
home_WS_p5,0.0013269710794789795
home_WS/48_p9,0.0013214933489917667
home_WS/48_p5,0.0013131509636719139
home_DBPM_p1,0.001306651823956325
home_WS/48_p4,0.0013040290841103783
home_OWS_p3,0.0012994446913128224
away_DBPM_p9,0.0012886633639825932
away_DWS_p5,0.0012740887027034714
away_VORP_p1,0.0012686359483673167
home_OWS_p2,0.0012588923377907105
away_VORP_p3,0.001248531904555536
away_VORP_p2,0.0012484516599732326
away_DWS_p7,0.00124718000172978
home_Population,0.0012276002527486553
away_DBPM_p3,0.0012183370346366897
away_WS_p7,0.0011912296142315044
home_average_overall_pick,0.0011911337258994875
away_WS_p6,0.0011823032352806164
away_BPM_p3,0.0011758943784253369
home_WS_p4,0.0011751107196394267
home_DWS_p7,0.0011743106465651764
away_PTS_per_game_p1,0.0011739570866599798
away_WS/48_p11,0.0011736425424778312
away_DBPM_p7,0.0011707694819549585
away_WS_p4,0.001154461013192032
home_VORP_p3,0.001149059219242468
home_MP_p4,0.0011479177329686806
away_OWS_p1,0.001146660358128844
away_TS%_p2,0.0011460542750417475
home_MP_p3,0.0011363723401821525
away_USG%_p1,0.0011330790455058163
away_OWS_p3,0.001124019933101534
away_TS%_p3,0.001123590656455776
away_Population,0.0011114820671954597
away_average_overall_pick,0.0011101228578844487
home_VORP_p2,0.0011087803814249888
away_WS/48_p9,0.0011006915435545087
home_OBPM_p1,0.0010980526495578354
away_TS%_p7,0.001096246330962381
home_MP_p15,0.0010860909675948084
away_TS%_p6,0.001081755788558491
away_Rk_p8,0.001078622837086495
home_WS/48_p7,0.0010743195619124075
away_TS%_p4,0.001072142354719868
away_DBPM_p1,0.0010701425946148862
away_WS/48_p8,0.0010638220232707463
away_BPM_p2,0.0010632719793296703
away_DBPM_p6,0.0010587743276792869
home_TS%_p1,0.001053612454283702
home_OBPM_p3,0.0010530211661412365
home_PER_p1,0.0010505507440057625
away_BPM_p6,0.0010488171566145252
away_Rk_p11,0.001043698974520178
home_BPM_p3,0.001034979886066621
away_FG_pct_p7,0.001034313308725771
away_PER_p1,0.0010340959550335165
home_WS/48_p6,0.0010315918914930514
home_DBPM_p7,0.0010311890277148938
away_FG_pct_p1,0.0010303450008288177
away_OBPM_p2,0.0010286871716035668
away_Rk_p14,0.0010274260211405343
away_USG%_p3,0.0010256689732722271
away_3PAr_p2,0.001024898633254789
away_FTr_p14,0.0010203710186855001
away_WS/48_p13,0.0010191361238356064
home_DBPM_p3,0.001017855004584979
away_BPM_p7,0.0010138753499047896
away_WS_p5,0.001011716697200098
away_DBPM_p12,0.0010115530794819483
away_FTr_p9,0.0010113107927327044
away_DWS_p8,0.0010099493789262482
away_TS%_p11,0.0010090362132892077
away_FTr_p12,0.0010046531379014304
away_DRB%_p1,0.001003415942839156
away_USG%_p2,0.0010005916867191788
away_OWS_p2,0.0009994430964427948
home_BPM_p2,0.0009987977130178204
away_DWS_p6,0.0009960339047117741
home_WS_p9,0.0009940473309750734
away_FTr_p7,0.0009934623364449638
away_FTr_p8,0.0009926107482396797
home_FTr_p2,0.0009922773786147823
away_FG_pct_p9,0.0009917493764624262
away_USG%_p7,0.0009900154889358665
away_AST%_p11,0.0009888084367930118
away_DBPM_p11,0.0009886162481683156
away_BPM_p9,0.0009857919207484022
away_FG_pct_p10,0.0009831082716568072
away_Rk_p2,0.0009759745399508093
away_WS/48_p10,0.0009746652228081887
away_USG%_p9,0.0009731209382331711
home_FTr_p3,0.0009718835482032569
home_FG_pct_p2,0.0009703261750679613
away_PTS_per_game_p2,0.0009700665039968702
away_AST%_p4,0.0009696086509946623
away_PTS_per_game_p3,0.0009695340845082358
away_DBPM_p2,0.0009667595779520323
away_GS_p4,0.0009651745414199836
home_DWS_p6,0.0009644524887252495
away_PER_p3,0.0009620218997876757
away_DRB%_p12,0.0009616000874682262
away_FG_pct_p2,0.0009615696731033161
away_MP_p4,0.0009611194689003277
home_MP_p2,0.0009601744838742018
away_OWS_p6,0.0009561491436558985
away_OBPM_p3,0.0009555733993463808
away_USG%_p6,0.0009544445953134137
away_FTr_p3,0.0009542223203858763
away_Rk_p15,0.0009538440639628729
away_MP_p8,0.0009527250603138913
away_Rk_p6,0.0009522556568903399
away_PER_p7,0.0009517973913683292
home_FG_pct_p1,0.0009515438679177011
away_TOV%_p13,0.0009515035447968862
away_VORP_p4,0.0009508799740942815
away_FTr_p10,0.000948540348925088
away_3P_pct_p1,0.0009480689296217669
away_3PAr_p6,0.0009480111482184059
away_WS/48_p14,0.0009477386701351942
away_FG_pct_p12,0.0009477122161705258
home_AST%_p7,0.0009467275314082438
home_MP_p14,0.0009460926426573243
away_3PAr_p10,0.0009439713307205022
away_DBPM_p5,0.0009436660613160134
away_TOV%_p9,0.0009429573371510216
away_OBPM_p1,0.0009420474140185734
home_WS_p7,0.000941519014496738
away_Rk_p13,0.0009410991726552142
away_TOV%_p10,0.0009409585925246992
away_USG%_p12,0.000940800405955045
away_FTr_p4,0.0009400297460386807
away_FG_pct_p4,0.0009395433039152609
away_FTr_p13,0.0009387544232675831
home_OWS_p5,0.0009386329943415373
away_DRB%_p3,0.0009363553205970606
away_TS%_p5,0.0009360538412736711
home_BPM_p6,0.0009350790923329135
away_USG%_p5,0.0009342659928632852
away_OBPM_p4,0.0009339804645209971
away_TS%_p13,0.0009324932695610621
away_AST%_p2,0.000931022003280348
away_AST%_p5,0.0009306379570451214
away_DRB%_p4,0.0009300092601314722
home_DBPM_p5,0.0009274320210114834
away_AST_per_game_p2,0.0009268318943828152
away_FTr_p2,0.0009261549194703827
away_TRB%_p1,0.0009250993081184134
away_TS%_p14,0.0009233734807288454
away_AST%_p6,0.0009232430755291321
away_MP_p11,0.0009224176393732088
home_FG_pct_p9,0.0009222811940007568
away_TS%_p12,0.0009221999544469391
away_BPM_p4,0.0009208387242488124
away_TRB%_p3,0.0009200672188702381
away_FG_pct_p3,0.0009199332886090567
home_BPM_p7,0.0009197761354527485
home_DRB%_p11,0.0009196932248974474
home_PTS_per_game_p8,0.0009196636345618031
home_PTS_per_game_p2,0.0009187349518199169
away_TRB%_p6,0.0009184327209075477
home_OWS_p4,0.0009184255103473013
away_FG_pct_p11,0.0009179564555075022
away_PTS_per_game_p5,0.0009175725713518457
away_FG_pct_p14,0.0009171676885955489
away_MP_p5,0.0009163096490979534
away_MP_p6,0.0009161015957490497
away_DRB%_p10,0.000914269148482657
home_AST%_p6,0.0009142645131192037
away_3P_pct_p3,0.0009131855202378635
away_PTS_per_game_p4,0.0009127112630389654
home_ORB%_p13,0.0009119689063107973
away_USG%_p8,0.0009115198428196782
away_TOV%_p2,0.0009106905789146757
home_TOV%_p2,0.0009096904065581955
away_PTS_per_game_p10,0.0009096245702396133
away_OBPM_p7,0.000909519353653976
away_DBPM_p8,0.0009092213078484186
away_PER_p2,0.0009088805659749413
away_PER_p4,0.0009084912858794815
away_3PAr_p3,0.0009070355114904273
away_TOV%_p1,0.0009070058748519168
away_ORB%_p3,0.0009068146106396346
away_TRB%_p7,0.0009065244275770719
away_FG_pct_p5,0.0009064079717535266
away_Rk_p1,0.0009056700673646585
away_AST%_p13,0.0009055281870932975
away_TS%_p8,0.0009055091613801554
away_TOV%_p11,0.0009054417356166211
away_FTr_p6,0.0009053199434916697
away_WS_p9,0.0009051276674053601
away_FTr_p1,0.0009047844858522923
away_FTr_p5,0.0009040214168144498
away_USG%_p10,0.0009029046743004993
home_MP_p5,0.0009025338343022812
away_AST%_p9,0.0009024529329905755
away_MP_p9,0.0009012336818998528
home_TS%_p3,0.0009008482939280037
away_OBPM_p9,0.000900279017295644
away_MP_p7,0.0008997621751312377
home_AST_per_game_p1,0.000899554871728059
away_AST%_p3,0.0008994419433851021
away_TOV%_p12,0.0008991612310970734
away_Rk_p7,0.0008989686104138428
away_OBPM_p6,0.0008989516399710157
away_BPM_p5,0.0008986383577872141
home_DRB%_p12,0.0008984921754841762
home_TOV%_p12,0.0008984809746314458
away_OBPM_p5,0.0008983887235440715
away_DBPM_p4,0.0008982453070586574
away_AST%_p1,0.0008977442788795651
away_USG%_p14,0.0008973138453896134
away_MP_p2,0.0008967783379650254
away_Rk_p4,0.0008965425702024475
away_MP_p1,0.0008954181282666246
away_3P_pct_p2,0.0008943951126284538
home_TOV%_p8,0.0008937861416027406
away_3PAr_p13,0.0008933161867046188
home_USG%_p12,0.0008933137872492426
away_FG_pct_p13,0.0008921825468661564
home_PER_p11,0.0008914404459068538
home_DBPM_p9,0.0008908122830033508
away_TS%_p9,0.0008907601316692771
away_MP_p10,0.0008907185893313126
home_WS_p6,0.0008897552125583861
away_FG_pct_p8,0.0008891818916412303
home_TOV%_p4,0.0008890499735629429
home_USG%_p15,0.0008884388496210956
away_DRB%_p11,0.0008880907187539057
away_TOV%_p8,0.0008877134387518404
away_WS_p10,0.0008872719218739246
away_AST_per_game_p3,0.0008869754287611692
away_TRB%_p13,0.000886372895173123
home_Rk_p3,0.0008854001542453495
away_3PAr_p5,0.0008851452339527464
away_TOV%_p3,0.0008849386131904492
away_VORP_p6,0.0008848014175526928
away_AST%_p8,0.0008841530677718473
away_TRB%_p11,0.0008840489489159485
away_WS_p8,0.0008837068294538042
home_AST%_p11,0.0008830250269891425
away_DRB%_p6,0.0008829749726215325
away_Rk_p12,0.0008829330186606363
away_3PAr_p1,0.0008828704213742334
away_PTS_per_game_p6,0.0008828455639674288
away_TRB%_p2,0.0008825105258812949
away_USG%_p4,0.0008823763601681114
home_FG_pct_p5,0.0008817019334073713
home_PTS_per_game_p11,0.0008809183073345351
away_PER_p12,0.0008800933077623339
home_MP_p10,0.0008796271719201505
home_PER_p2,0.0008794303345908817
away_TRB_per_game_p12,0.0008782947462130355
away_BPM_p8,0.0008780861968461068
away_BPM_p10,0.0008780320426648954
away_3P_pct_p4,0.0008778575821759134
away_TS%_p10,0.0008774365630002871
away_Rk_p9,0.0008773871297230732
home_FTr_p12,0.0008771726169956361
home_DBPM_p2,0.0008769975254120349
away_FTr_p11,0.0008766734749537146
home_Rk_p9,0.0008766681454169649
away_TOV%_p14,0.0008762741937952486
away_3PAr_p11,0.0008755515436029779
away_PER_p5,0.0008753572489861517
away_AST%_p10,0.0008752660263742196
home_Rk_p12,0.0008751939427954263
away_PER_p11,0.0008751503407282093
away_OBPM_p10,0.0008743657674539492
away_G_p11,0.0008737761388055734
away_Rk_p5,0.000872564523887628
away_PTS_per_game_p9,0.0008725544692175794
home_FG_pct_p7,0.0008723876761348497
home_USG%_p7,0.0008721153840590056
away_BPM_p12,0.0008718675619141901
home_DBPM_p12,0.0008711461861799943
away_DBPM_p14,0.0008711256621656408
away_DRB%_p5,0.000870753240093046
away_TRB%_p9,0.0008702623918362562
away_TRB_per_game_p6,0.0008699030281300865
away_AST%_p12,0.000869890842896135
away_USG%_p15,0.0008697808029946164
home_TRB%_p8,0.0008694077473241376
home_DRB%_p5,0.0008692541161260673
away_BPM_p11,0.0008691219457069526
away_WS/48_p15,0.0008690432052325499
away_GS_p6,0.0008689492954624467
home_FG_pct_p8,0.0008688797878099324
home_DBPM_p4,0.0008685582841285802
home_PTS_per_game_p1,0.0008680797546708279
home_Rk_p4,0.0008678067565626823
home_BPM_p4,0.0008676548369803608
away_3PAr_p4,0.0008676388113251553
away_OWS_p4,0.0008672501513433723
away_ORB%_p13,0.0008671617254768762
away_TRB%_p8,0.0008671394611655051
home_FG_pct_p11,0.0008664287625838775
away_OBPM_p11,0.0008663904734158311
away_DBPM_p13,0.000866118521316542
home_Rk_p2,0.0008660703586654591
home_PTS_per_game_p9,0.0008659199181458606
home_OBPM_p6,0.0008658425436087926
home_DRB%_p2,0.0008657486678548706
home_WS/48_p11,0.0008655424503149072
away_ORB%_p5,0.0008651374915689829
away_ORB%_p11,0.0008643850408679786
home_WS/48_p8,0.0008643041367682246
away_PER_p10,0.0008641656304872444
away_ORB%_p7,0.0008636798937608472
home_FTr_p6,0.0008629094161496234
home_WS/48_p10,0.0008627493011784662
away_ORB%_p10,0.0008618239929097265
away_BPM_p14,0.0008617492916795144
away_DRB%_p2,0.0008617292411204402
home_USG%_p6,0.0008613427671399498
away_TOV%_p7,0.0008608388280875608
home_GS_p4,0.0008607665725823449
away_PTS_per_game_p12,0.0008605636751702959
home_DRB%_p8,0.0008598314226966451
home_FG_pct_p3,0.0008598272484145507
home_Rk_p5,0.0008596602113216559
away_TRB%_p10,0.0008593161683891332
away_DRB%_p9,0.0008588651595260364
away_TRB%_p12,0.0008582511862054773
away_PER_p6,0.0008578158179216885
away_MP_p12,0.000856313385607459
home_AST%_p2,0.0008561465319869676
home_FTr_p8,0.000856133470805747
away_DRB%_p7,0.0008559051080111414
away_PER_p14,0.0008556826600728743
home_FG_pct_p4,0.0008552130443166106
away_AST%_p7,0.0008544210814910274
away_WS/48_p12,0.0008542429682773963
home_TS%_p10,0.0008539236440231483
home_FTr_p14,0.0008535557035281579
away_3PAr_p12,0.0008532947360756697
away_3P_pct_p10,0.0008532214793145408
away_PTS_per_game_p8,0.0008523731632421585
away_GS_p2,0.0008519798193562949
home_AST%_p13,0.0008517327743818071
home_FG_pct_p10,0.0008512524647065001
away_TRB_per_game_p5,0.0008504711691023362
home_TOV%_p10,0.0008504413003474706
home_AST%_p1,0.000850376646930481
away_G_p12,0.0008503006072179092
away_PTS_per_game_p11,0.0008499343849846213
away_PER_p8,0.0008494662395473019
home_3PAr_p5,0.0008490955254591278
away_OBPM_p8,0.000847929192377855
home_FG_pct_p12,0.0008474236241388042
away_OBPM_p14,0.0008473458711349954
away_ORB%_p6,0.0008469611533506657
away_BLK%_p12,0.0008466353636241209
away_TRB_per_game_p1,0.0008465513282691953
away_ORB%_p12,0.0008461813092847486
home_BPM_p5,0.0008460180954176855
home_USG%_p1,0.0008455264779324037
away_PTS_per_game_p7,0.0008452461611891081
home_3PAr_p6,0.0008451937588344198
home_Rk_p10,0.0008450266109508066
home_AST%_p4,0.0008444444664602804
away_ORB%_p8,0.0008444214209582389
home_BPM_p15,0.0008442155185485179
away_BPM_p13,0.0008436346755808041
home_ORB%_p5,0.0008434379866900898
home_BPM_p8,0.0008428926385383754
home_PER_p3,0.0008425752710513168
home_MP_p11,0.0008425655637110118
away_USG%_p13,0.000842417134446838
away_OBPM_p15,0.0008404835548351336
away_TOV%_p4,0.0008400417755752361
away_TRB_per_game_p9,0.0008395415490324829
home_AST%_p15,0.0008393893577530589
away_PER_p13,0.0008387556440820591
home_DBPM_p11,0.0008381976519188289
home_USG%_p9,0.0008379501501683559
away_G_p9,0.0008376959563774569
away_G_p7,0.0008375308712834527
away_TOV%_p6,0.0008374827097251164
away_TRB_per_game_p2,0.00083735919938012
away_DRB%_p14,0.0008372371157879348
away_DRB%_p8,0.0008367496489001303
away_BPM_p15,0.0008366676381027762
home_MP_p13,0.0008365373410855405
home_Rk_p7,0.0008365200397314767
away_Rk_p10,0.0008364215684774725
home_TOV%_p1,0.0008363017454493825
away_USG%_p11,0.0008362990219395308
home_TOV%_p9,0.000835800274949477
away_TRB%_p14,0.000835097703158863
away_PER_p9,0.0008350041995118647
away_OBPM_p13,0.0008349186346910571
away_ORB%_p14,0.000834563227330695
home_USG%_p10,0.0008344029550906929
home_WS/48_p13,0.0008341565130768013
home_USG%_p4,0.0008340331827999322
home_DRB%_p3,0.0008339922914397213
home_DRB%_p9,0.0008329620140881069
away_AST_per_game_p1,0.0008320145252594321
home_AST%_p12,0.0008319126926811741
home_TS%_p9,0.0008316688727144277
home_DRB%_p4,0.0008316592163679234
away_3PAr_p7,0.0008313778435174173
away_TRB%_p5,0.0008308907449203915
home_VORP_p4,0.0008306797171981953
home_TRB%_p11,0.0008306470885874253
home_OWS_p6,0.0008296374864202144
away_TRB_per_game_p7,0.0008296175779379352
home_TOV%_p11,0.0008296046866649139
home_TS%_p11,0.0008295314698881745
home_Rk_p8,0.0008294814987341383
home_DWS_p8,0.0008291661496506266
away_PTS_per_game_p13,0.000828656863855317
away_Rk_p3,0.0008285011258773317
home_TRB_per_game_p10,0.0008284587544364346
away_AST_per_game_p8,0.0008282882665027176
home_TRB%_p14,0.000827758302299581
home_GS_p2,0.0008269938090419238
away_MP_p3,0.0008269802917513632
away_AST_per_game_p10,0.0008268919808610851
away_Awards_p1_NBA,0.0008266659595554577
away_TOV%_p5,0.000826402356314616
home_TS%_p12,0.0008258965314553932
home_AST%_p8,0.0008251449077805784
home_MP_p1,0.0008250986094373716
home_PER_p10,0.0008249462355988892
home_VORP_p5,0.0008248737162896222
home_TOV%_p6,0.000824226913597007
away_MP_p13,0.0008241700040068545
home_3P_pct_p1,0.000824165519582535
away_ORB%_p2,0.0008237201509627156
away_AST_per_game_p5,0.0008230608684985066
away_FG_pct_p6,0.0008219691216595476
home_FTr_p1,0.0008213351678634868
home_TRB%_p9,0.000821257373521868
away_AST%_p14,0.0008208898276752128
home_DBPM_p14,0.0008206388649662888
away_BLK%_p5,0.000820403976237432
away_3P_pct_p6,0.0008201291778933361
away_DRB%_p13,0.0008200329245294201
away_OWS_p8,0.0008197349910053904
away_3P_pct_p5,0.0008189228501721903
home_ORB%_p3,0.0008182480071838251
home_TOV%_p3,0.000817651011447229
home_3P_pct_p2,0.0008169249229791129
away_TS%_p15,0.000816809743654659
away_GS_p7,0.0008160983540725067
home_PTS_per_game_p12,0.0008157939726197206
home_MP_p12,0.0008148703536213256
away_OWS_p7,0.0008148594036347517
away_TRB_per_game_p4,0.0008138997354259036
home_TS%_p5,0.0008121645608152198
away_VORP_p5,0.0008120046864015179
home_TOV%_p7,0.0008112068975637547
home_AST%_p10,0.0008111807814855202
home_TOV%_p13,0.0008111273931299647
away_ORB%_p4,0.0008110724370822326
home_DRB%_p7,0.000810931256705536
home_USG%_p3,0.0008103812479326069
home_USG%_p8,0.000810323838553096
home_ORB%_p11,0.000809920429730978
home_DBPM_p6,0.000809905399484071
home_TS%_p6,0.0008092908898977969
home_TS%_p13,0.000809133091264087
home_DBPM_p8,0.0008090951073212852
home_PTS_per_game_p4,0.0008085886852720877
away_OWS_p5,0.0008085663872622169
home_WS/48_p15,0.0008077312906116514
home_G_p7,0.0008075731171230012
home_ORB%_p9,0.0008074623216458533
home_WS_p8,0.0008074327042832015
home_Rk_p11,0.0008063087811084483
home_OBPM_p9,0.0008061363200178903
home_FG_pct_p14,0.0008060295036306122
home_AST%_p9,0.0008056571773955018
home_Rk_p14,0.0008053883132860928
home_FTr_p13,0.0008052596627474796
home_USG%_p2,0.0008050577147497434
home_FG_pct_p13,0.0008044027007926127
away_DBPM_p10,0.0008036454942350195
away_BLK%_p11,0.0008035366431066043
away_TRB_per_game_p3,0.0008029021240862273
home_OBPM_p4,0.0008028456921753181
home_OBPM_p10,0.0008025106434621668
home_AST%_p14,0.0008024957064793056
home_FTr_p4,0.0008023836790795747
away_DWS_p10,0.0008020749558691853
away_3PAr_p8,0.0008016033012905531
away_OBPM_p12,0.0008013033972207339
home_STL%_p7,0.0008012980318179677
home_TOV%_p15,0.0008011035086827428
home_MP_p9,0.0007998350112805259
home_ORB%_p8,0.000798924405034033
away_DBPM_p15,0.0007986444687102485
home_G_p10,0.0007985809089269354
away_MP_p15,0.0007983792473363102
home_PTS_per_game_p3,0.0007982235922955396
home_BPM_p9,0.0007981829265116466
away_GS_p5,0.000798047842391339
away_TRB_per_game_p10,0.0007974794353878841
home_ORB%_p7,0.000797292647168185
away_VORP_p7,0.00079723451402383
away_ORB%_p1,0.0007968796814478839
home_DRB%_p1,0.000796455630515088
home_TRB%_p7,0.0007962995514415608
home_FG_pct_p6,0.0007960327926221591
home_PTS_per_game_p6,0.0007959379806909823
home_DBPM_p13,0.000795845124738638
home_TRB%_p12,0.0007958301026162037
home_PER_p4,0.0007948347953311508
away_ORB%_p9,0.0007928576671510854
home_G_p11,0.0007928488901095623
home_GS_p3,0.0007928331800911841
home_ORB%_p6,0.0007922360455451603
home_AST_per_game_p9,0.0007915806337621828
home_MP_p8,0.0007907594032493476
home_TRB_per_game_p7,0.0007906560774991324
away_AST%_p15,0.0007906307911032415
home_TS%_p14,0.0007906010001712874
home_TS%_p4,0.0007903414919510224
home_TRB_per_game_p5,0.0007897209916985291
away_DRB%_p15,0.0007892161717292144
home_OBPM_p7,0.000789134065949808
away_3P_pct_p11,0.0007889704711187586
home_WS_p10,0.0007887288884211923
home_PTS_per_game_p7,0.0007882733619875755
home_MP_p6,0.0007878770617963129
home_TRB_per_game_p1,0.0007873878714984176
home_ORB%_p14,0.0007864665460968547
home_FTr_p5,0.0007864530500691595
home_G_p9,0.0007863484065533364
away_AST_per_game_p4,0.0007862445462059485
home_TRB%_p3,0.000786031444527852
home_3PAr_p11,0.0007857866969601272
home_DRB%_p14,0.0007851407488238899
home_PER_p5,0.0007848585471123041
home_PTS_per_game_p5,0.0007846036438292657
away_G_p14,0.0007839672326936536
home_USG%_p14,0.0007839401901388793
home_FTr_p11,0.0007838094317852893
away_WS/48_p5,0.0007835902503276597
home_OWS_p7,0.0007835703310786622
home_BPM_p12,0.0007832345931224449
home_FTr_p10,0.0007827064813418745
home_PER_p12,0.0007824196763918925
away_TRB_per_game_p13,0.0007822222681847289
home_BPM_p13,0.0007821535560150532
home_FTr_p7,0.0007820680576737134
home_DRB%_p13,0.0007819657963829518
away_GS_p3,0.0007814391979204972
home_AST_per_game_p2,0.0007813208787595144
away_TOV%_p15,0.0007811600564018682
away_WS_p11,0.0007810714192518324
away_AST_per_game_p11,0.0007808658499003887
home_AST%_p3,0.0007806124259087672
away_3PAr_p9,0.0007798518702800598
home_OBPM_p14,0.0007796662594667113
home_USG%_p11,0.0007795759343041713
home_TS%_p2,0.0007793456426935479
away_TRB_per_game_p8,0.0007792332813882304
home_PER_p7,0.000778199320048329
home_TS%_p7,0.0007775050023973028
home_BPM_p11,0.0007773514339044505
away_G_p8,0.0007770864780380004
home_USG%_p5,0.0007768624399400026
home_FTr_p9,0.0007766069726304079
home_3P_pct_p10,0.0007762817057088805
away_TRB_per_game_p11,0.0007753808631616341
home_TRB%_p10,0.0007749990353964371
away_BLK%_p1,0.0007747760368215606
home_OBPM_p2,0.0007746014654908679
away_OWS_p9,0.0007737784291314408
home_DBPM_p15,0.0007733903459700975
away_OWS_p10,0.0007730788439550511
home_DRB%_p6,0.0007729031878378088
home_STL%_p3,0.0007726299523955959
home_OBPM_p5,0.0007718618912083602
home_TRB_per_game_p4,0.0007715233914990036
home_G_p8,0.0007709449657861364
away_MP_p14,0.0007708198169623423
home_GS_p5,0.0007706779466402982
away_BLK%_p7,0.0007703190840032717
home_3PAr_p4,0.0007702484334885474
home_FTr_p15,0.0007701622512267646
away_BLK%_p9,0.000770003624502075
home_DRB%_p10,0.0007699514288791381
home_TRB%_p1,0.000769734074214937
home_MP_p7,0.0007691901707771735
home_AST%_p5,0.0007686975057815136
home_BLK%_p8,0.0007685849164100905
home_USG%_p13,0.0007684496651444231
home_3PAr_p7,0.0007682432582481648
home_TOV%_p14,0.0007673876054848064
away_STL%_p14,0.0007673382338361803
home_Rk_p13,0.0007670491298320853
home_TS%_p8,0.0007669092495163761
away_AST_per_game_p9,0.000766691212706225
home_TRB%_p13,0.0007664522596016385
home_FG_pct_p15,0.0007661894978289745
home_ORB%_p12,0.0007659568044103997
home_3PAr_p12,0.0007657010751105809
away_BLK%_p8,0.0007654892420864319
home_TOV%_p5,0.000764294062487617
home_PTS_per_game_p13,0.0007642770848701042
home_3PAr_p2,0.0007641917277865035
home_PF_per_game_p12,0.0007640027502953652
home_WS/48_p12,0.0007637582491352734
home_ORB%_p1,0.000763710569539201
home_BPM_p14,0.0007636797207299086
away_G_p10,0.0007636415693196592
away_BLK%_p10,0.000763620532927273
away_PER_p15,0.000763440562841483
home_BPM_p10,0.000762540872842877
away_STL%_p2,0.0007619067073657524
away_3P_pct_p7,0.0007617762283131244
away_BLK%_p4,0.0007615476208871142
home_TRB%_p6,0.0007614804960356704
home_Rk_p6,0.0007608165263808232
away_STL%_p5,0.0007606455280277858
away_3P_pct_p9,0.0007602213517572054
home_PER_p15,0.0007601708675132453
home_BLK%_p4,0.0007600133765755849
home_DBPM_p10,0.0007597661715158507
home_TRB_per_game_p2,0.0007595425888356054
away_TRB%_p4,0.0007592517727020688
home_PER_p8,0.0007589842418931616
away_3P_pct_p8,0.0007584887584861187
home_OBPM_p12,0.0007584302491552674
away_STL%_p9,0.0007573806739482574
away_PF_per_game_p13,0.0007573622988649867
home_ORB%_p15,0.0007565820018730677
home_WS/48_p14,0.0007561349722834174
home_OBPM_p11,0.0007543966894020558
away_PF_per_game_p5,0.0007542004693575958
away_STL%_p7,0.0007538560275209738
away_TRB%_p15,0.0007537270042850357
home_ORB%_p10,0.000753706033142502
home_OBPM_p8,0.0007535950901048781
home_Age_p7,0.0007535134115059072
home_3P_pct_p3,0.0007522213723088992
home_GS_p9,0.0007520888586331962
home_TRB%_p2,0.0007518088306311903
home_TRB%_p5,0.0007517995418542704
away_VORP_p9,0.0007512394217066947
away_AST_per_game_p6,0.000749795068791529
home_PTS_per_game_p10,0.000749493407762428
away_STL%_p12,0.0007492963146341961
away_TOV_per_game_p2,0.0007492674432678147
away_BLK%_p2,0.0007489805393766826
home_PER_p6,0.0007483724125126353
away_TOV_per_game_p1,0.0007476457467775814
home_TRB_per_game_p13,0.0007475966172878164
home_G_p12,0.0007473932715123667
away_ORB%_p15,0.0007470348503043346
away_STL%_p4,0.0007465347127312501
home_TRB%_p4,0.0007463013720366629
home_TRB_per_game_p6,0.0007458532669882089
away_GS_p8,0.0007456990675535517
away_BLK%_p6,0.0007455854227604805
away_3PAr_p15,0.0007454917128744346
home_TRB%_p15,0.0007452533949140239
away_FG_pct_p15,0.0007430769438350903
home_OWS_p9,0.0007429748093786816
home_ORB%_p4,0.0007410638193582724
home_G_p5,0.0007410044714259289
home_PER_p14,0.0007400459143921054
home_DRB%_p15,0.0007394095501770212
home_VORP_p7,0.0007384857634912984
home_PF_per_game_p13,0.0007382786320515728
away_BLK%_p14,0.0007376505439624807
home_3PAr_p3,0.0007337378708846258
away_PTS_per_game_p15,0.0007331483800631828
away_PTS_per_game_p14,0.0007327946173604765
home_G_p6,0.0007326224045395433
away_G_p13,0.0007321089858518602
home_OBPM_p15,0.0007278226573762919
home_BLK%_p7,0.000727692830326284
away_GS_p9,0.0007270768544196697
home_3PAr_p1,0.0007263514724434389
home_TRB_per_game_p15,0.0007257142051314457
home_ORB%_p2,0.0007256263469499664
away_Age_p9,0.0007255299659171257
home_PF_per_game_p10,0.0007251344779866679
home_TRB_per_game_p8,0.0007246691272511616
home_3PAr_p9,0.0007243247313521452
away_PF_per_game_p6,0.000724048601612607
home_GS_p6,0.0007236345583991823
away_TOV_per_game_p4,0.0007234080164062333
away_OWS_p11,0.0007224611613494998
home_3P_pct_p5,0.0007212484091124238
home_AST_per_game_p8,0.0007209245526020523
away_Age_p15,0.0007197279927575287
home_3P_pct_p11,0.0007192405859891613
home_AST_per_game_p4,0.0007192013926183297
home_PER_p13,0.0007189480560383253
home_OWS_p11,0.0007188625052148624
home_BLK%_p5,0.000718842454791249
away_AST_per_game_p7,0.0007184224483635619
home_Rk_p15,0.0007179899637527246
away_BLK%_p3,0.0007178971566090402
away_Age_p3,0.0007176081061327347
away_TOV_per_game_p3,0.0007166489646741722
home_AST_per_game_p10,0.0007164435642997198
home_BLK%_p10,0.0007163396706144813
home_3PAr_p14,0.0007162942482017529
home_OBPM_p13,0.0007159936956903299
home_PF_per_game_p5,0.0007156588781897159
home_TRB_per_game_p11,0.0007153667224179247
away_STL%_p6,0.0007143239068813181
home_AST_per_game_p11,0.0007137841867990598
away_STL%_p10,0.0007137229038814385
away_PF_per_game_p7,0.0007135677425730048
away_PF_per_game_p9,0.0007130885254309731
away_Age_p10,0.0007129346784249305
home_STL%_p13,0.0007117172736864877
away_STL%_p3,0.0007116380033074034
away_3PAr_p14,0.0007115622691637183
away_STL%_p1,0.0007115252943112901
away_BLK%_p13,0.0007112458024888024
away_PF_per_game_p11,0.0007108185457845803
home_TRB_per_game_p14,0.0007108061793965816
away_G_p6,0.0007106955231456531
home_AST_per_game_p3,0.0007105288083475343
home_TRB_per_game_p9,0.0007084126309500676
home_AST_per_game_p13,0.0007083157959700645
home_GS_p7,0.0007083107771152172
home_GS_p8,0.0007055654542843791
away_BLK_per_game_p3,0.000704977814286825
away_STL%_p11,0.0007049372427481166
away_G_p5,0.000704782684064678
home_TRB_per_game_p12,0.000704776503588278
home_OWS_p8,0.0007040038294444393
home_BLK%_p14,0.0007031712428091518
home_TOV_per_game_p8,0.0007025026153804594
away_PF_per_game_p2,0.0007020458247680603
home_STL%_p11,0.0007016665460160753
home_PER_p9,0.0007015212934046141
away_STL%_p8,0.0007012153558053586
home_3PAr_p13,0.0006997809359434261
away_PF_per_game_p4,0.0006997766310146805
home_BLK%_p12,0.000699703435861118
home_PF_per_game_p8,0.0006995218483790299
home_BLK%_p1,0.0006981023106933291
away_TOV_per_game_p7,0.0006980544354690413
home_3PAr_p8,0.0006973937242881493
away_PF_per_game_p8,0.000696310619033678
home_BLK%_p11,0.0006954443175458723
away_FTr_p15,0.0006947716481730885
home_DWS_p10,0.0006938540587712232
home_3P_pct_p4,0.0006924830029195749
home_PTS_per_game_p14,0.0006917233261389853
away_Age_p12,0.0006916153957015619
home_3P_pct_p7,0.0006907183308605244
home_G_p14,0.0006903713142152904
home_3PAr_p15,0.0006894753324372687
away_Age_p5,0.0006886086457960841
home_AST_per_game_p5,0.0006884182450872162
home_STL%_p12,0.0006881938278415252
away_TRB_per_game_p15,0.0006878503832794823
home_PTS_per_game_p15,0.000687103505883429
home_3PAr_p10,0.0006864671764615215
home_BLK%_p6,0.0006863431199272284
home_OWS_p12,0.0006856628231713437
away_STL%_p13,0.000685558553859681
home_BLK%_p13,0.0006854497635846397
away_VORP_p10,0.0006850188164679636
home_STL%_p14,0.0006843399018031739
home_STL_per_game_p3,0.0006842134569719321
away_PF_per_game_p10,0.0006842101103880147
home_AST_per_game_p7,0.0006841177101294011
home_VORP_p9,0.0006831113669627125
away_STL_per_game_p2,0.0006822935696855349
home_G_p13,0.0006811705294936624
home_PF_per_game_p4,0.0006805919008936551
away_PF_per_game_p12,0.0006803208120486308
home_STL%_p5,0.0006793410755492713
away_TOV_per_game_p11,0.000678986172400837
home_TOV_per_game_p1,0.0006788545811901931
home_TS%_p15,0.0006787661132720492
home_PF_per_game_p14,0.0006781232687512414
away_Age_p13,0.0006779370968517494
away_TOV_per_game_p5,0.0006769154153803444
away_G_p2,0.0006768811460375197
away_VORP_p8,0.0006768468024870713
home_TOV_per_game_p9,0.0006764024519392704
home_Age_p11,0.0006761422579340345
away_GS_p10,0.0006753893745769552
away_PF_per_game_p15,0.0006753583652335173
away_STL%_p15,0.0006730381661815727
away_VORP_p11,0.0006722013798449374
home_VORP_p6,0.0006719054534943858
home_STL%_p1,0.0006716838826973818
home_BLK%_p3,0.0006709316936325265
away_Age_p2,0.0006690357867940919
home_TOV_per_game_p6,0.0006690139141773034
home_AST_per_game_p6,0.0006684561101984272
home_PF_per_game_p9,0.0006674892396319583
home_PF_per_game_p11,0.0006674671750566362
home_BLK%_p9,0.0006670072617301868
home_TRB_per_game_p3,0.000666429450838625
home_G_p4,0.0006662688075520894
home_3P_pct_p6,0.0006652460326399773
home_3P_pct_p9,0.0006651684139902689
home_GS_p10,0.0006640507626842651
away_G_p3,0.0006630948757846258
home_PF_per_game_p1,0.0006623782997118527
home_Rk_p1,0.0006622098817761626
away_OWS_p13,0.000661685936534578
away_TRB_per_game_p14,0.0006607702536170659
home_STL%_p9,0.0006607024478662312
away_Age_p11,0.0006590969759566307
away_TOV_per_game_p9,0.000658990392257258
home_PF_per_game_p2,0.0006589722144817643
away_Age_p4,0.0006570235408712127
home_3P_pct_p12,0.0006560609390121863
home_TOV_per_game_p2,0.0006546123499055624
home_PF_per_game_p3,0.0006541104043299038
away_OWS_p12,0.000653995233760794
away_WS_p12,0.0006530516844137364
away_AST_per_game_p13,0.000652326698953406
away_TOV_per_game_p12,0.0006520591285115155
home_Age_p4,0.0006519631829947705
home_G_p15,0.0006517668876769106
home_OWS_p10,0.0006512541116835244
away_3P_pct_p12,0.0006505635419249474
away_PF_per_game_p1,0.0006499280655940234
away_TOV_per_game_p8,0.0006490739025112171
away_AST_per_game_p12,0.0006490737432813213
away_TOV_per_game_p13,0.0006482712026379439
home_AST_per_game_p15,0.0006480551038541935
away_BLK_per_game_p2,0.0006480091303359869
home_TOV_per_game_p10,0.0006472396211012091
home_STL%_p8,0.0006469096212039583
away_Age_p8,0.0006466587014564066
home_STL%_p10,0.0006458317991159784
home_PF_per_game_p7,0.0006442116280885025
away_Age_p14,0.0006434998875431175
home_3P_pct_p8,0.0006430022280644976
home_Age_p10,0.0006427723413493489
home_BLK_per_game_p3,0.0006420055731762437
home_PF_per_game_p6,0.000641498605046544
home_Age_p12,0.0006411049603200234
home_OWS_p13,0.0006387348030520078
away_G_p15,0.0006383281535908122
home_Age_p8,0.000637013117560875
home_TOV_per_game_p3,0.0006369697870984395
home_VORP_p8,0.0006363352821352653
away_GS_p11,0.0006354825815696487
home_TOV_per_game_p4,0.000633872234606684
away_PF_per_game_p14,0.0006325918653938653
away_DWS_p11,0.0006322250660349172
away_PF_per_game_p3,0.0006319173241038475
away_3P_pct_p14,0.0006318666345645753
home_Age_p14,0.0006305752158278411
away_G_p4,0.000630495582323638
away_AST_per_game_p15,0.0006299443001585907
home_PF_per_game_p15,0.0006298519671548427
home_3P_pct_p13,0.0006286868061726766
home_STL%_p6,0.000626938325814074
home_BLK%_p2,0.0006268165061903266
home_GS_p11,0.0006267503677547138
home_TOV_per_game_p12,0.0006244954854943744
away_3P_pct_p15,0.0006242473731892557
away_TOV_per_game_p6,0.000623777678839541
away_STL_per_game_p3,0.0006217648085897573
away_AST_per_game_p14,0.0006216820481499016
away_3P_pct_p13,0.0006199708440874188
away_GS_p12,0.0006173586714001153
away_BLK_per_game_p1,0.0006168136763015984
home_WS_p13,0.0006162149613218805
home_STL%_p15,0.0006159741552657233
away_TOV_per_game_p10,0.0006143029902111695
home_TOV_per_game_p13,0.0006123563639359412
home_Age_p3,0.0006117936384055215
home_TOV_per_game_p11,0.000610653475771379
home_WS_p11,0.000609997774367233
away_TOV_per_game_p14,0.000606801131707504
away_Age_p1,0.0006048186896665836
home_STL%_p2,0.0006037809203785234
home_VORP_p11,0.0006030451226011205
home_STL_per_game_p1,0.0006014148493416894
away_STL_per_game_p4,0.000601408462146489
away_Age_p6,0.0006003033981055477
away_WS_p13,0.0006001909184860797
home_VORP_p10,0.0005995904261010881
away_BLK_per_game_p5,0.0005968587235011784
home_Age_p9,0.0005967133494159321
home_GS_p12,0.000596226957835901
home_G_p3,0.0005955432754707405
away_WS_p14,0.0005948808367800095
home_Age_p5,0.0005947069551992955
home_TOV_per_game_p5,0.0005942403183408879
home_TOV_per_game_p7,0.0005940477069762433
home_number_of_picks,0.0005940242325569344
home_Age_p13,0.0005939201973108752
home_BLK_per_game_p4,0.0005933970634297511
home_AST_per_game_p12,0.0005913147225778244
home_GS_p1,0.000587642589881306
home_Age_p1,0.0005871816812026196
home_G_p2,0.0005849236319507104
home_TOV_per_game_p15,0.0005848138743198998
away_Age_p7,0.0005842057337274792
home_BLK_per_game_p2,0.0005841396624376079
away_GS_p1,0.0005838560578224958
home_STL_per_game_p2,0.0005815300900916406
home_Age_p15,0.0005795414640143665
away_BLK_per_game_p4,0.0005770181859463798
home_WS_p12,0.0005763096295804762
away_STL_per_game_p6,0.0005757845058054268
home_STL%_p4,0.0005754448397822361
home_WS_p14,0.0005742799917755739
away_OWS_p14,0.0005742760780969399
away_STL_per_game_p5,0.0005689901838541494
away_WS_p15,0.0005685276497425942
away_VORP_p12,0.000566217380474762
home_STL_per_game_p5,0.0005641682401033267
away_STL_per_game_p11,0.0005608746915186053
home_AST_per_game_p14,0.0005586652096269587
home_OWS_p14,0.0005546028715598187
away_STL_per_game_p7,0.0005545764771254917
away_STL_per_game_p1,0.0005523066549433357
away_STL_per_game_p8,0.0005496150923915621
away_BLK%_p15,0.0005495861586322659
home_STL_per_game_p9,0.0005483875309953966
home_BLK_per_game_p1,0.0005478336130333311
home_TOV_per_game_p14,0.000547570671703388
away_BLK_per_game_p8,0.0005441195285633117
away_OWS_p15,0.0005415259033105899
home_3P_pct_p15,0.0005405822801788227
away_VORP_p13,0.0005402395893938109
home_BLK_per_game_p5,0.0005387798313903021
away_Awards_p1_MVP,0.000536861221447494
home_Age_p6,0.0005354006392738885
home_STL_per_game_p4,0.0005332050054480702
home_WS_p15,0.0005326234433071207
away_STL_per_game_p15,0.0005325628275824165
home_DWS_p11,0.0005303149337682456
away_BLK_per_game_p7,0.0005283985355494795
home_Age_p2,0.0005272756768716098
home_STL_per_game_p7,0.000523908060773917
away_TOV_per_game_p15,0.0005238122560763267
home_BLK%_p15,0.000523044284761374
away_BLK_per_game_p9,0.0005228532425361837
home_VORP_p12,0.0005209190585326276
away_STL_per_game_p9,0.0005187784927060977
home_STL_per_game_p11,0.0005183935189710837
home_3P_pct_p14,0.0005182791150750423
away_BLK_per_game_p6,0.0005151911719475888
home_BLK_per_game_p7,0.000513924402158806
away_BLK_per_game_p11,0.000513349379088972
away_BLK_per_game_p12,0.0005105600388883276
away_STL_per_game_p10,0.000508745229063365
home_OWS_p15,0.0005015833494145405
home_STL_per_game_p8,0.0004993053208197401
away_DWS_p12,0.0004981621272505629
home_G_p1,0.0004974908241219977
home_BLK_per_game_p9,0.0004953304116122843
home_VORP_p13,0.0004929551471273341
away_STL_per_game_p12,0.0004911799166697758
home_STL_per_game_p10,0.0004907165352873496
home_BLK_per_game_p8,0.0004846225809798071
home_BLK_per_game_p6,0.0004839123782475622
home_Awards_p1_NBA,0.0004820884236631515
home_STL_per_game_p6,0.00047848622464091175
away_number_of_picks,0.00047836709182929823
away_BLK_per_game_p10,0.00047774451899402695
home_Awards_p1_MVP,0.0004749438276918244
home_GS_p14,0.0004680998887410166
home_STL_per_game_p14,0.0004671561772164276
home_DWS_p12,0.0004654229419199967
home_STL_per_game_p13,0.00046128678740075786
away_BLK_per_game_p13,0.00045938942902096853
home_STL_per_game_p12,0.0004588611768944717
home_BLK_per_game_p12,0.0004553983696221233
home_BLK_per_game_p10,0.00045330362543925535
away_BLK_per_game_p14,0.00045176145359301424
away_GS_p13,0.0004505167417243865
home_BLK_per_game_p11,0.0004442813479162534
away_G_p1,0.00044137782578853495
home_DWS_p13,0.0004407234417732839
home_STL_per_game_p15,0.00044033927315864716
home_VORP_p14,0.0004394524011227438
away_STL_per_game_p14,0.00043890504466007253
away_VORP_p15,0.0004368543443377645
away_DWS_p14,0.000436242277761598
away_DWS_p13,0.00042925600560916774
away_Awards_p1_AS,0.0004279901423729612
away_VORP_p14,0.0004275800500818369
away_STL_per_game_p13,0.00042639404257547404
home_GS_p13,0.0004195742536509948
home_BLK_per_game_p13,0.00041648627338918194
home_Awards_p1_AS,0.0004145143704007163
home_BLK_per_game_p14,0.00041003698299292064
away_GS_p14,0.0004083517077548998
home_VORP_p15,0.000406661217165763
home_DWS_p14,0.00038170943475894113
home_BLK_per_game_p15,0.0003727895319723512
away_DWS_p15,0.0003495737406619869
away_BLK_per_game_p15,0.0003465840750654263
away_GS_p15,0.00029323639044793445
home_DWS_p15,0.00029302179555500417
home_GS_p15,0.0002516410634381596
away_Awards_p1_DPOY,0.00022347128734993642
away_Awards_p1_DEF,0.0001964186538659116
away_Awards_p2_MVP,0.0001957904267306335
home_Awards_p3_MVP,0.00017415742873387607
away_Awards_p2_DPOY,0.00017005245291721986
home_Awards_p3_NBA,0.0001659864947895311
home_Awards_p2_MVP,0.00016358202647369667
home_Awards_p1_DEF,0.00015882673672302814
away_Awards_p2_NBA,0.00015525160298621843
away_Awards_p3_DPOY,0.00015524869524589848
away_Awards_p3_MVP,0.0001530195871802768
home_Awards_p1_DPOY,0.00014989890595573985
away_Awards_p2_AS,0.00014968283245762073
home_Awards_p2_DPOY,0.00014299440004438197
home_Awards_p2_NBA,0.00014007578316399666
home_Awards_p3_DPOY,0.00013336731606219165
away_Awards_p3_NBA,0.0001264480578022086
home_Awards_p4_DPOY,0.00010893462029156141
away_Awards_p3_AS,0.00010837725416532962
away_Awards_p2_DEF,0.00010618068175136881
home_Awards_p2_AS,0.00010303079474700506
away_Awards_p5_DPOY,8.758177968279442e-05
home_Awards_p3_AS,8.564512203864365e-05
away_Awards_p3_DEF,8.564072952691624e-05
away_Awards_p2_ROY,8.430563319916148e-05
away_Awards_p4_DPOY,8.368735150043871e-05
home_Awards_p5_DPOY,8.253714093414421e-05
away_Awards_p3_ROY,6.870721783352198e-05
home_Awards_p4_ROY,6.678350615105206e-05
away_Awards_p4_ROY,6.542155442027078e-05
home_Awards_p3_DEF,6.249318038277873e-05
home_Awards_p2_DEF,6.032855169091269e-05
home_Awards_p1_ROY,5.933483101487145e-05
home_Awards_p2_ROY,5.797585682881909e-05
away_Awards_p1_ROY,5.477840862090791e-05
away_Awards_p5_ROY,5.439754053536181e-05
away_Awards_p4_NBA,5.343663693844813e-05
away_Awards_p4_AS,5.3257967340537935e-05
away_Awards_p5_DEF,4.9128294616369395e-05
home_Awards_p5_AS,4.8088646661588126e-05
away_Awards_p4_DEF,4.44843091929354e-05
home_Awards_p3_ROY,4.270169703440201e-05
home_Awards_p4_DEF,4.178781763744335e-05
away_Awards_p7_ROY,4.030600447795984e-05
away_Awards_p1_CPOY,4.000419012688993e-05
away_Awards_p6_DPOY,3.833880174649561e-05
home_Awards_p7_ROY,3.6648504231504354e-05
home_Awards_p5_DEF,3.620330257019592e-05
home_Awards_p6_DPOY,3.532183499100718e-05
home_Awards_p2_MIP,3.530181763908664e-05
home_Awards_p8_ROY,3.383951569082522e-05
away_Awards_p5_AS,3.327887543835143e-05
home_Awards_p4_AS,3.115699147415634e-05
home_Awards_p5_ROY,3.0527902448613994e-05
away_Awards_p4_MVP,2.9980651430133073e-05
away_Awards_p1_MIP,2.5032961730897794e-05
away_Awards_p5_NBA,2.4311573268425238e-05
home_Awards_p4_MVP,2.195544431027903e-05
away_Awards_p8_ROY,2.1203848391769557e-05
away_Awards_p9_ROY,2.1040726155871865e-05
home_Awards_p7_DPOY,2.0949640575226776e-05
away_Awards_p5_MVP,2.093062461532415e-05
home_Awards_p1_CPOY,2.0262251811348442e-05
away_Awards_p7_AS,1.9322970040534242e-05
away_Awards_p2_MIP,1.8193080234490232e-05
home_Awards_p5_NBA,1.8129271949028155e-05
home_Awards_p7_DEF,1.7806676115156837e-05
home_Awards_p6_AS,1.7642300986284336e-05
home_Awards_p1_MIP,1.6944724364256225e-05
away_Awards_p7_DPOY,1.609891459223431e-05
away_Awards_p2_CPOY,1.5536901595376277e-05
away_Awards_p6_DEF,1.5524904800580988e-05
home_Awards_p4_NBA,1.4097801736241013e-05
home_Awards_p6_ROY,1.2619385580358858e-05
home_Awards_p5_MVP,1.1596513777211988e-05
away_Awards_p12_ROY,1.0959837736529746e-05
home_Awards_p10_AS,1.06221098226289e-05
away_Awards_p6_AS,1.0032975971095805e-05
home_Awards_p2_CPOY,9.73443780431459e-06
away_Awards_p8_DPOY,9.610319364288193e-06
home_Awards_p9_AS,9.525118186789116e-06
away_Awards_p5_CPOY,9.113383846720458e-06
away_Awards_p6_ROY,9.016201887372259e-06
home_Awards_p6_DEF,8.583097405187088e-06
home_Awards_p4_CPOY,8.42746261291708e-06
home_Awards_p7_AS,8.281266091186199e-06
away_Awards_p4_CPOY,8.123186851402186e-06
home_Awards_p3_CPOY,7.489952321470091e-06
away_Awards_p3_CPOY,7.425905440150663e-06
home_Awards_p3_MIP,6.912042334497271e-06
away_Awards_p3_MIP,6.444515229787415e-06
away_Awards_p11_ROY,6.332248800115643e-06
home_Awards_p6_MVP,6.289712811352831e-06
away_Awards_p10_AS,6.015137155621834e-06
home_Awards_p12_ROY,5.81944365986068e-06
home_Awards_p5_CPOY,5.578265247996033e-06
away_Awards_p7_DEF,5.427369968407037e-06
away_Awards_p7_NBA,5.044366162098381e-06
away_Awards_p9_AS,4.68072858934356e-06
home_Awards_p8_AS,4.228962881822017e-06
away_Awards_p8_AS,4.082116513742924e-06
home_Awards_p8_DPOY,4.01443727405475e-06
home_Awards_p8_DEF,3.8787187759271655e-06
home_Awards_p9_ROY,3.6066032614438175e-06
home_Awards_p7_NBA,3.3812466250872846e-06
away_Awards_p14_AS,2.9935782669029394e-06
home_Awards_p11_ROY,2.4147752690703936e-06
away_Awards_p11_AS,2.3279974208768264e-06
away_Awards_p12_AS,2.048554633467229e-06
home_Awards_p12_AS,1.8981971354161208e-06
home_Awards_p4_MIP,1.8773574819194425e-06
away_Awards_p15_AS,1.827744051307678e-06
home_Awards_p14_AS,1.806011320790206e-06
home_Awards_p15_AS,1.6798124984152365e-06
away_Awards_p4_MIP,1.44175750435443e-06
home_Awards_p11_AS,1.4342387400192176e-06
away_Awards_p8_DEF,1.4089729116651403e-06
away_Awards_p10_ROY,1.0852051073865661e-06
away_Awards_p6_MVP,1.0791762600744345e-06
home_Awards_p10_MVP,7.687170841647603e-07
away_Awards_p10_MVP,7.489585772650597e-07
home_Awards_p10_ROY,2.1413732584499255e-07
